DEBUG - 2026-08-03 01:48:57 --> Session: Class initialized using 'CodeIgniter\Session\Handlers\FileHandler' driver.
DEBUG - 2026-08-03 01:49:36 --> Session: Class initialized using 'CodeIgniter\Session\Handlers\FileHandler' driver.
DEBUG - 2026-08-03 01:49:37 --> Session: Class initialized using 'CodeIgniter\Session\Handlers\FileHandler' driver.
DEBUG - 2026-08-03 01:49:47 --> Session: Class initialized using 'CodeIgniter\Session\Handlers\FileHandler' driver.
DEBUG - 2026-08-03 01:50:21 --> Session: Class initialized using 'CodeIgniter\Session\Handlers\FileHandler' driver.
DEBUG - 2026-08-03 02:04:55 --> Session: Class initialized using 'CodeIgniter\Session\Handlers\FileHandler' driver.
DEBUG - 2026-08-03 02:04:59 --> Session: Class initialized using 'CodeIgniter\Session\Handlers\FileHandler' driver.
DEBUG - 2026-08-03 02:05:09 --> Session: Class initialized using 'CodeIgniter\Session\Handlers\FileHandler' driver.
DEBUG - 2026-08-03 02:05:23 --> Session: Class initialized using 'CodeIgniter\Session\Handlers\FileHandler' driver.
DEBUG - 2026-08-03 02:05:26 --> Session: Class initialized using 'CodeIgniter\Session\Handlers\FileHandler' driver.
DEBUG - 2026-08-03 02:05:29 --> Session: Class initialized using 'CodeIgniter\Session\Handlers\FileHandler' driver.
DEBUG - 2026-08-03 02:05:29 --> Session: Class initialized using 'CodeIgniter\Session\Handlers\FileHandler' driver.
DEBUG - 2026-08-03 02:05:35 --> Session: Class initialized using 'CodeIgniter\Session\Handlers\FileHandler' driver.
DEBUG - 2026-08-03 02:06:20 --> Session: Class initialized using 'CodeIgniter\Session\Handlers\FileHandler' driver.
DEBUG - 2026-08-03 02:06:20 --> Session: Class initialized using 'CodeIgniter\Session\Handlers\FileHandler' driver.
DEBUG - 2026-08-03 02:06:21 --> Session: Class initialized using 'CodeIgniter\Session\Handlers\FileHandler' driver.
DEBUG - 2026-08-03 02:06:24 --> Session: Class initialized using 'CodeIgniter\Session\Handlers\FileHandler' driver.
DEBUG - 2026-08-03 02:06:25 --> Session: Class initialized using 'CodeIgniter\Session\Handlers\FileHandler' driver.
DEBUG - 2026-08-03 02:06:25 --> Session: Class initialized using 'CodeIgniter\Session\Handlers\FileHandler' driver.
DEBUG - 2026-08-03 02:06:39 --> Session: Class initialized using 'CodeIgniter\Session\Handlers\FileHandler' driver.
DEBUG - 2026-08-03 02:06:50 --> Session: Class initialized using 'CodeIgniter\Session\Handlers\FileHandler' driver.
DEBUG - 2026-08-03 02:06:53 --> Session: Class initialized using 'CodeIgniter\Session\Handlers\FileHandler' driver.
DEBUG - 2026-08-03 02:07:00 --> Session: Class initialized using 'CodeIgniter\Session\Handlers\FileHandler' driver.
DEBUG - 2026-08-03 02:07:07 --> Session: Class initialized using 'CodeIgniter\Session\Handlers\FileHandler' driver.
DEBUG - 2026-08-03 02:07:14 --> Session: Class initialized using 'CodeIgniter\Session\Handlers\FileHandler' driver.
DEBUG - 2026-08-03 02:07:14 --> Session: Class initialized using 'CodeIgniter\Session\Handlers\FileHandler' driver.
DEBUG - 2026-08-03 02:07:16 --> Session: Class initialized using 'CodeIgniter\Session\Handlers\FileHandler' driver.
DEBUG - 2026-08-03 02:07:23 --> Session: Class initialized using 'CodeIgniter\Session\Handlers\FileHandler' driver.
DEBUG - 2026-08-03 02:07:40 --> Session: Class initialized using 'CodeIgniter\Session\Handlers\FileHandler' driver.
DEBUG - 2026-08-03 02:07:42 --> Session: Class initialized using 'CodeIgniter\Session\Handlers\FileHandler' driver.
DEBUG - 2026-08-03 02:07:48 --> Session: Class initialized using 'CodeIgniter\Session\Handlers\FileHandler' driver.
DEBUG - 2026-08-03 02:08:05 --> Session: Class initialized using 'CodeIgniter\Session\Handlers\FileHandler' driver.
DEBUG - 2026-08-03 02:08:05 --> Session: Class initialized using 'CodeIgniter\Session\Handlers\FileHandler' driver.
DEBUG - 2026-08-03 02:08:06 --> Session: Class initialized using 'CodeIgniter\Session\Handlers\FileHandler' driver.
DEBUG - 2026-08-03 02:08:09 --> Session: Class initialized using 'CodeIgniter\Session\Handlers\FileHandler' driver.
DEBUG - 2026-08-03 02:08:09 --> Session: Class initialized using 'CodeIgniter\Session\Handlers\FileHandler' driver.
DEBUG - 2026-08-03 02:08:10 --> Session: Class initialized using 'CodeIgniter\Session\Handlers\FileHandler' driver.
DEBUG - 2026-08-03 02:08:17 --> Session: Class initialized using 'CodeIgniter\Session\Handlers\FileHandler' driver.
DEBUG - 2026-08-03 02:08:19 --> Session: Class initialized using 'CodeIgniter\Session\Handlers\FileHandler' driver.
DEBUG - 2026-08-03 02:08:22 --> Session: Class initialized using 'CodeIgniter\Session\Handlers\FileHandler' driver.
DEBUG - 2026-08-03 02:08:25 --> Session: Class initialized using 'CodeIgniter\Session\Handlers\FileHandler' driver.
DEBUG - 2026-08-03 02:08:27 --> Session: Class initialized using 'CodeIgniter\Session\Handlers\FileHandler' driver.
DEBUG - 2026-08-03 02:08:31 --> Session: Class initialized using 'CodeIgniter\Session\Handlers\FileHandler' driver.
DEBUG - 2026-08-03 02:08:35 --> Session: Class initialized using 'CodeIgniter\Session\Handlers\FileHandler' driver.
DEBUG - 2026-08-03 02:08:38 --> Session: Class initialized using 'CodeIgniter\Session\Handlers\FileHandler' driver.
DEBUG - 2026-08-03 02:08:39 --> Session: Class initialized using 'CodeIgniter\Session\Handlers\FileHandler' driver.
DEBUG - 2026-08-03 02:08:41 --> Session: Class initialized using 'CodeIgniter\Session\Handlers\FileHandler' driver.
DEBUG - 2026-08-03 02:08:43 --> Session: Class initialized using 'CodeIgniter\Session\Handlers\FileHandler' driver.
DEBUG - 2026-08-03 02:08:55 --> Session: Class initialized using 'CodeIgniter\Session\Handlers\FileHandler' driver.
DEBUG - 2026-08-03 02:09:06 --> Session: Class initialized using 'CodeIgniter\Session\Handlers\FileHandler' driver.
DEBUG - 2026-08-03 02:09:10 --> Session: Class initialized using 'CodeIgniter\Session\Handlers\FileHandler' driver.
DEBUG - 2026-08-03 02:09:12 --> Session: Class initialized using 'CodeIgniter\Session\Handlers\FileHandler' driver.
DEBUG - 2026-08-03 02:09:16 --> Session: Class initialized using 'CodeIgniter\Session\Handlers\FileHandler' driver.
DEBUG - 2026-08-03 02:09:31 --> Session: Class initialized using 'CodeIgniter\Session\Handlers\FileHandler' driver.
DEBUG - 2026-08-03 02:09:31 --> Session: Class initialized using 'CodeIgniter\Session\Handlers\FileHandler' driver.
DEBUG - 2026-08-03 02:09:31 --> Session: Class initialized using 'CodeIgniter\Session\Handlers\FileHandler' driver.
DEBUG - 2026-08-03 02:09:34 --> Session: Class initialized using 'CodeIgniter\Session\Handlers\FileHandler' driver.
DEBUG - 2026-08-03 02:09:35 --> Session: Class initialized using 'CodeIgniter\Session\Handlers\FileHandler' driver.
DEBUG - 2026-08-03 02:09:35 --> Session: Class initialized using 'CodeIgniter\Session\Handlers\FileHandler' driver.
DEBUG - 2026-08-03 02:09:39 --> Session: Class initialized using 'CodeIgniter\Session\Handlers\FileHandler' driver.
DEBUG - 2026-08-03 02:10:11 --> Session: Class initialized using 'CodeIgniter\Session\Handlers\FileHandler' driver.
DEBUG - 2026-08-03 02:10:21 --> Session: Class initialized using 'CodeIgniter\Session\Handlers\FileHandler' driver.
DEBUG - 2026-08-03 02:10:39 --> Session: Class initialized using 'CodeIgniter\Session\Handlers\FileHandler' driver.
DEBUG - 2026-08-03 02:10:42 --> Session: Class initialized using 'CodeIgniter\Session\Handlers\FileHandler' driver.
DEBUG - 2026-08-03 02:10:43 --> Session: Class initialized using 'CodeIgniter\Session\Handlers\FileHandler' driver.
DEBUG - 2026-08-03 02:10:45 --> Session: Class initialized using 'CodeIgniter\Session\Handlers\FileHandler' driver.
DEBUG - 2026-08-03 02:10:50 --> Session: Class initialized using 'CodeIgniter\Session\Handlers\FileHandler' driver.
DEBUG - 2026-08-03 02:11:11 --> Session: Class initialized using 'CodeIgniter\Session\Handlers\FileHandler' driver.
DEBUG - 2026-08-03 02:20:18 --> Session: Class initialized using 'CodeIgniter\Session\Handlers\FileHandler' driver.
DEBUG - 2026-08-03 02:20:18 --> Session: Class initialized using 'CodeIgniter\Session\Handlers\FileHandler' driver.
DEBUG - 2026-08-03 02:20:19 --> Session: Class initialized using 'CodeIgniter\Session\Handlers\FileHandler' driver.
DEBUG - 2026-08-03 02:20:22 --> Session: Class initialized using 'CodeIgniter\Session\Handlers\FileHandler' driver.
DEBUG - 2026-08-03 02:20:22 --> Session: Class initialized using 'CodeIgniter\Session\Handlers\FileHandler' driver.
DEBUG - 2026-08-03 02:20:23 --> Session: Class initialized using 'CodeIgniter\Session\Handlers\FileHandler' driver.
DEBUG - 2026-08-03 02:20:28 --> Session: Class initialized using 'CodeIgniter\Session\Handlers\FileHandler' driver.
DEBUG - 2026-08-03 02:26:43 --> Session: Class initialized using 'CodeIgniter\Session\Handlers\FileHandler' driver.
DEBUG - 2026-08-03 02:26:44 --> Session: Class initialized using 'CodeIgniter\Session\Handlers\FileHandler' driver.
DEBUG - 2026-08-03 02:26:52 --> Session: Class initialized using 'CodeIgniter\Session\Handlers\FileHandler' driver.
DEBUG - 2026-08-03 02:27:17 --> Session: Class initialized using 'CodeIgniter\Session\Handlers\FileHandler' driver.
DEBUG - 2026-08-03 02:27:17 --> Session: Class initialized using 'CodeIgniter\Session\Handlers\FileHandler' driver.
DEBUG - 2026-08-03 02:27:17 --> Session: Class initialized using 'CodeIgniter\Session\Handlers\FileHandler' driver.
DEBUG - 2026-08-03 02:27:24 --> Session: Class initialized using 'CodeIgniter\Session\Handlers\FileHandler' driver.
DEBUG - 2026-08-03 02:27:25 --> Session: Class initialized using 'CodeIgniter\Session\Handlers\FileHandler' driver.
DEBUG - 2026-08-03 02:27:25 --> Session: Class initialized using 'CodeIgniter\Session\Handlers\FileHandler' driver.
DEBUG - 2026-08-03 02:27:38 --> Session: Class initialized using 'CodeIgniter\Session\Handlers\FileHandler' driver.
DEBUG - 2026-08-03 02:27:44 --> Session: Class initialized using 'CodeIgniter\Session\Handlers\FileHandler' driver.
DEBUG - 2026-08-03 02:27:51 --> Session: Class initialized using 'CodeIgniter\Session\Handlers\FileHandler' driver.
DEBUG - 2026-08-03 02:29:34 --> Session: Class initialized using 'CodeIgniter\Session\Handlers\FileHandler' driver.
CRITICAL - 2026-08-03 02:29:34 --> ParseError: syntax error, unexpected end of file, expecting "elseif" or "else" or "endif"
[Method: GET, Route: pinjaman]
in APPPATH\Views\pinjaman.php on line 1778.
 1 SYSTEMPATH\View\View.php(229): CodeIgniter\View\View->CodeIgniter\View\{closure}()
 2 SYSTEMPATH\Common.php(1167): CodeIgniter\View\View->render('pinjaman', [], true)
 3 APPPATH\Controllers\Pinjaman.php(62): view('pinjaman', [...])
 4 SYSTEMPATH\CodeIgniter.php(933): App\Controllers\Pinjaman->index()
 5 SYSTEMPATH\CodeIgniter.php(507): CodeIgniter\CodeIgniter->runController(Object(App\Controllers\Pinjaman))
 6 SYSTEMPATH\CodeIgniter.php(354): CodeIgniter\CodeIgniter->handleRequest(null, Object(Config\Cache), false)
 7 SYSTEMPATH\Boot.php(363): CodeIgniter\CodeIgniter->run()
 8 SYSTEMPATH\Boot.php(68): CodeIgniter\Boot::runCodeIgniter(Object(CodeIgniter\CodeIgniter))
 9 FCPATH\index.php(59): CodeIgniter\Boot::bootWeb(Object(Config\Paths))
10 SYSTEMPATH\rewrite.php(44): require_once('D:\\Kumpulan Project IT\\Project Web\\koperasi-samara\\public\\index.php')
DEBUG - 2026-08-03 02:30:06 --> Session: Class initialized using 'CodeIgniter\Session\Handlers\FileHandler' driver.
DEBUG - 2026-08-03 02:30:53 --> Session: Class initialized using 'CodeIgniter\Session\Handlers\FileHandler' driver.
DEBUG - 2026-08-03 02:31:33 --> Session: Class initialized using 'CodeIgniter\Session\Handlers\FileHandler' driver.
DEBUG - 2026-08-03 02:32:33 --> Session: Class initialized using 'CodeIgniter\Session\Handlers\FileHandler' driver.
DEBUG - 2026-08-03 02:33:42 --> Session: Class initialized using 'CodeIgniter\Session\Handlers\FileHandler' driver.
DEBUG - 2026-08-03 02:33:43 --> === DEBUG DETAIL: MENGAMBIL PINJAMAN AKTIF ===
DEBUG - 2026-08-03 02:33:43 --> ID Anggota: 46
DEBUG - 2026-08-03 02:33:43 --> Jumlah Qard aktif ditemukan: 0
DEBUG - 2026-08-03 02:33:43 --> Jumlah Murabahah aktif ditemukan: 0
DEBUG - 2026-08-03 02:33:43 --> Jumlah Mudharabah aktif ditemukan: 0
DEBUG - 2026-08-03 02:33:43 --> === TOTAL SEMUA PINJAMAN AKTIF: 0 ===
DEBUG - 2026-08-03 02:33:43 --> === MENGAMBIL PINJAMAN LUNAS DARI 3 TABEL ===
DEBUG - 2026-08-03 02:33:43 --> Data Qard lunas: 1
DEBUG - 2026-08-03 02:33:43 --> Data Murabahah lunas: 2
DEBUG - 2026-08-03 02:33:43 --> Data Mudharabah lunas: 1
DEBUG - 2026-08-03 02:33:43 --> Total semua pinjaman lunas: 4
DEBUG - 2026-08-03 02:33:43 --> === MENGHITUNG SUMMARY CICILAN ===
DEBUG - 2026-08-03 02:33:43 --> Total pinjaman aktif: 0
DEBUG - 2026-08-03 02:33:43 --> Summary result: Array
(
    [total_pinjaman_aktif] => 0
    [total_angsuran_bulanan] => 0
    [jatuh_tempo_terdekat] => 
    [total_qard] => 0
    [total_murabahah] => 0
    [total_mudharabah] => 0
)

DEBUG - 2026-08-03 02:34:00 --> Session: Class initialized using 'CodeIgniter\Session\Handlers\FileHandler' driver.
DEBUG - 2026-08-03 02:34:15 --> Session: Class initialized using 'CodeIgniter\Session\Handlers\FileHandler' driver.
DEBUG - 2026-08-03 02:34:15 --> === DEBUG DETAIL: MENGAMBIL PINJAMAN AKTIF ===
DEBUG - 2026-08-03 02:34:15 --> ID Anggota: 46
DEBUG - 2026-08-03 02:34:15 --> Jumlah Qard aktif ditemukan: 0
DEBUG - 2026-08-03 02:34:15 --> Jumlah Murabahah aktif ditemukan: 0
DEBUG - 2026-08-03 02:34:15 --> Jumlah Mudharabah aktif ditemukan: 0
DEBUG - 2026-08-03 02:34:15 --> === TOTAL SEMUA PINJAMAN AKTIF: 0 ===
DEBUG - 2026-08-03 02:34:15 --> === MENGAMBIL PINJAMAN LUNAS DARI 3 TABEL ===
DEBUG - 2026-08-03 02:34:15 --> Data Qard lunas: 1
DEBUG - 2026-08-03 02:34:15 --> Data Murabahah lunas: 2
DEBUG - 2026-08-03 02:34:15 --> Data Mudharabah lunas: 1
DEBUG - 2026-08-03 02:34:15 --> Total semua pinjaman lunas: 4
DEBUG - 2026-08-03 02:34:15 --> === MENGHITUNG SUMMARY CICILAN ===
DEBUG - 2026-08-03 02:34:15 --> Total pinjaman aktif: 0
DEBUG - 2026-08-03 02:34:15 --> Summary result: Array
(
    [total_pinjaman_aktif] => 0
    [total_angsuran_bulanan] => 0
    [jatuh_tempo_terdekat] => 
    [total_qard] => 0
    [total_murabahah] => 0
    [total_mudharabah] => 0
)

DEBUG - 2026-08-03 02:34:32 --> Session: Class initialized using 'CodeIgniter\Session\Handlers\FileHandler' driver.
DEBUG - 2026-08-03 02:34:38 --> Session: Class initialized using 'CodeIgniter\Session\Handlers\FileHandler' driver.
DEBUG - 2026-08-03 02:34:38 --> === DEBUG DETAIL: MENGAMBIL PINJAMAN AKTIF ===
DEBUG - 2026-08-03 02:34:38 --> ID Anggota: 46
DEBUG - 2026-08-03 02:34:38 --> Jumlah Qard aktif ditemukan: 0
DEBUG - 2026-08-03 02:34:38 --> Jumlah Murabahah aktif ditemukan: 0
DEBUG - 2026-08-03 02:34:38 --> Jumlah Mudharabah aktif ditemukan: 0
DEBUG - 2026-08-03 02:34:38 --> === TOTAL SEMUA PINJAMAN AKTIF: 0 ===
DEBUG - 2026-08-03 02:34:38 --> === MENGAMBIL PINJAMAN LUNAS DARI 3 TABEL ===
DEBUG - 2026-08-03 02:34:38 --> Data Qard lunas: 1
DEBUG - 2026-08-03 02:34:38 --> Data Murabahah lunas: 2
DEBUG - 2026-08-03 02:34:38 --> Data Mudharabah lunas: 1
DEBUG - 2026-08-03 02:34:38 --> Total semua pinjaman lunas: 4
DEBUG - 2026-08-03 02:34:38 --> === MENGHITUNG SUMMARY CICILAN ===
DEBUG - 2026-08-03 02:34:38 --> Total pinjaman aktif: 0
DEBUG - 2026-08-03 02:34:38 --> Summary result: Array
(
    [total_pinjaman_aktif] => 0
    [total_angsuran_bulanan] => 0
    [jatuh_tempo_terdekat] => 
    [total_qard] => 0
    [total_murabahah] => 0
    [total_mudharabah] => 0
)

DEBUG - 2026-08-03 02:41:15 --> Session: Class initialized using 'CodeIgniter\Session\Handlers\FileHandler' driver.
DEBUG - 2026-08-03 02:46:53 --> Session: Class initialized using 'CodeIgniter\Session\Handlers\FileHandler' driver.
DEBUG - 2026-08-03 02:48:44 --> Session: Class initialized using 'CodeIgniter\Session\Handlers\FileHandler' driver.
DEBUG - 2026-08-03 02:50:05 --> Session: Class initialized using 'CodeIgniter\Session\Handlers\FileHandler' driver.
DEBUG - 2026-08-03 02:50:08 --> Session: Class initialized using 'CodeIgniter\Session\Handlers\FileHandler' driver.
DEBUG - 2026-08-03 02:50:20 --> Session: Class initialized using 'CodeIgniter\Session\Handlers\FileHandler' driver.
DEBUG - 2026-08-03 02:50:54 --> Session: Class initialized using 'CodeIgniter\Session\Handlers\FileHandler' driver.
DEBUG - 2026-08-03 02:54:13 --> Session: Class initialized using 'CodeIgniter\Session\Handlers\FileHandler' driver.
DEBUG - 2026-08-03 02:54:23 --> Session: Class initialized using 'CodeIgniter\Session\Handlers\FileHandler' driver.
DEBUG - 2026-08-03 02:54:28 --> Session: Class initialized using 'CodeIgniter\Session\Handlers\FileHandler' driver.
DEBUG - 2026-08-03 02:55:24 --> Session: Class initialized using 'CodeIgniter\Session\Handlers\FileHandler' driver.
ERROR - 2026-08-03 02:55:24 --> mysqli_sql_exception: Column 'nama_lengkap' in where clause is ambiguous in D:\Kumpulan Project IT\Project Web\koperasi-samara\system\Database\MySQLi\Connection.php:327
Stack trace:
#0 D:\Kumpulan Project IT\Project Web\koperasi-samara\system\Database\MySQLi\Connection.php(327): mysqli->query('SELECT `anggota...', 0)
#1 D:\Kumpulan Project IT\Project Web\koperasi-samara\system\Database\BaseConnection.php(729): CodeIgniter\Database\MySQLi\Connection->execute('SELECT `anggota...')
#2 D:\Kumpulan Project IT\Project Web\koperasi-samara\system\Database\BaseConnection.php(646): CodeIgniter\Database\BaseConnection->simpleQuery('SELECT `anggota...')
#3 D:\Kumpulan Project IT\Project Web\koperasi-samara\system\Database\BaseBuilder.php(1649): CodeIgniter\Database\BaseConnection->query('SELECT `anggota...', Array, false)
#4 D:\Kumpulan Project IT\Project Web\koperasi-samara\system\Model.php(286): CodeIgniter\Database\BaseBuilder->get()
#5 D:\Kumpulan Project IT\Project Web\koperasi-samara\system\BaseModel.php(677): CodeIgniter\Model->doFindAll(10, 0)
#6 D:\Kumpulan Project IT\Project Web\koperasi-samara\app\Controllers\AdminDashboard.php(115): CodeIgniter\BaseModel->findAll(10)
#7 D:\Kumpulan Project IT\Project Web\koperasi-samara\system\CodeIgniter.php(933): App\Controllers\AdminDashboard->searchAnggota()
#8 D:\Kumpulan Project IT\Project Web\koperasi-samara\system\CodeIgniter.php(507): CodeIgniter\CodeIgniter->runController(Object(App\Controllers\AdminDashboard))
#9 D:\Kumpulan Project IT\Project Web\koperasi-samara\system\CodeIgniter.php(354): CodeIgniter\CodeIgniter->handleRequest(NULL, Object(Config\Cache), false)
#10 D:\Kumpulan Project IT\Project Web\koperasi-samara\system\Boot.php(363): CodeIgniter\CodeIgniter->run()
#11 D:\Kumpulan Project IT\Project Web\koperasi-samara\system\Boot.php(68): CodeIgniter\Boot::runCodeIgniter(Object(CodeIgniter\CodeIgniter))
#12 D:\Kumpulan Project IT\Project Web\koperasi-samara\public\index.php(59): CodeIgniter\Boot::bootWeb(Object(Config\Paths))
#13 D:\Kumpulan Project IT\Project Web\koperasi-samara\system\rewrite.php(44): require_once('D:\\Kumpulan Pro...')
#14 {main}
CRITICAL - 2026-08-03 02:55:24 --> CodeIgniter\Database\Exceptions\DatabaseException: Column 'nama_lengkap' in where clause is ambiguous
[Method: GET, Route: admin/search-anggota]
in SYSTEMPATH\Database\BaseConnection.php on line 684.
 1 SYSTEMPATH\Database\BaseBuilder.php(1649): CodeIgniter\Database\BaseConnection->query('SELECT `anggota`.*, `users`.`id` AS `id_user`, `users`.`username` AS `username_user`
FROM `anggota`
LEFT JOIN `users` ON `users`.`id` = `anggota`.`id_anggota`
WHERE `nama_lengkap` LIKE :nama_lengkap: ESCAPE \'!\'
OR  `no_ktp` LIKE :no_ktp: ESCAPE \'!\'
 LIMIT 10', [...], false)
 2 SYSTEMPATH\Model.php(286): CodeIgniter\Database\BaseBuilder->get()
 3 SYSTEMPATH\BaseModel.php(677): CodeIgniter\Model->doFindAll(10, 0)
 4 APPPATH\Controllers\AdminDashboard.php(115): CodeIgniter\BaseModel->findAll(10)
 5 SYSTEMPATH\CodeIgniter.php(933): App\Controllers\AdminDashboard->searchAnggota()
 6 SYSTEMPATH\CodeIgniter.php(507): CodeIgniter\CodeIgniter->runController(Object(App\Controllers\AdminDashboard))
 7 SYSTEMPATH\CodeIgniter.php(354): CodeIgniter\CodeIgniter->handleRequest(null, Object(Config\Cache), false)
 8 SYSTEMPATH\Boot.php(363): CodeIgniter\CodeIgniter->run()
 9 SYSTEMPATH\Boot.php(68): CodeIgniter\Boot::runCodeIgniter(Object(CodeIgniter\CodeIgniter))
10 FCPATH\index.php(59): CodeIgniter\Boot::bootWeb(Object(Config\Paths))
11 SYSTEMPATH\rewrite.php(44): require_once('D:\\Kumpulan Project IT\\Project Web\\koperasi-samara\\public\\index.php')
CRITICAL - 2026-08-03 02:55:24 --> [Caused by] CodeIgniter\Database\Exceptions\DatabaseException: Column 'nama_lengkap' in where clause is ambiguous
in SYSTEMPATH\Database\MySQLi\Connection.php on line 332.
 1 SYSTEMPATH\Database\BaseConnection.php(729): CodeIgniter\Database\MySQLi\Connection->execute('SELECT `anggota`.*, `users`.`id` AS `id_user`, `users`.`username` AS `username_user`
FROM `anggota`
LEFT JOIN `users` ON `users`.`id` = `anggota`.`id_anggota`
WHERE `nama_lengkap` LIKE \'%z%\' ESCAPE \'!\'
OR  `no_ktp` LIKE \'%z%\' ESCAPE \'!\'
 LIMIT 10')
 2 SYSTEMPATH\Database\BaseConnection.php(646): CodeIgniter\Database\BaseConnection->simpleQuery('SELECT `anggota`.*, `users`.`id` AS `id_user`, `users`.`username` AS `username_user`
FROM `anggota`
LEFT JOIN `users` ON `users`.`id` = `anggota`.`id_anggota`
WHERE `nama_lengkap` LIKE \'%z%\' ESCAPE \'!\'
OR  `no_ktp` LIKE \'%z%\' ESCAPE \'!\'
 LIMIT 10')
 3 SYSTEMPATH\Database\BaseBuilder.php(1649): CodeIgniter\Database\BaseConnection->query('SELECT `anggota`.*, `users`.`id` AS `id_user`, `users`.`username` AS `username_user`
FROM `anggota`
LEFT JOIN `users` ON `users`.`id` = `anggota`.`id_anggota`
WHERE `nama_lengkap` LIKE :nama_lengkap: ESCAPE \'!\'
OR  `no_ktp` LIKE :no_ktp: ESCAPE \'!\'
 LIMIT 10', [...], false)
 4 SYSTEMPATH\Model.php(286): CodeIgniter\Database\BaseBuilder->get()
 5 SYSTEMPATH\BaseModel.php(677): CodeIgniter\Model->doFindAll(10, 0)
 6 APPPATH\Controllers\AdminDashboard.php(115): CodeIgniter\BaseModel->findAll(10)
 7 SYSTEMPATH\CodeIgniter.php(933): App\Controllers\AdminDashboard->searchAnggota()
 8 SYSTEMPATH\CodeIgniter.php(507): CodeIgniter\CodeIgniter->runController(Object(App\Controllers\AdminDashboard))
 9 SYSTEMPATH\CodeIgniter.php(354): CodeIgniter\CodeIgniter->handleRequest(null, Object(Config\Cache), false)
10 SYSTEMPATH\Boot.php(363): CodeIgniter\CodeIgniter->run()
11 SYSTEMPATH\Boot.php(68): CodeIgniter\Boot::runCodeIgniter(Object(CodeIgniter\CodeIgniter))
12 FCPATH\index.php(59): CodeIgniter\Boot::bootWeb(Object(Config\Paths))
13 SYSTEMPATH\rewrite.php(44): require_once('D:\\Kumpulan Project IT\\Project Web\\koperasi-samara\\public\\index.php')
CRITICAL - 2026-08-03 02:55:24 --> [Caused by] mysqli_sql_exception: Column 'nama_lengkap' in where clause is ambiguous
in SYSTEMPATH\Database\MySQLi\Connection.php on line 327.
 1 SYSTEMPATH\Database\MySQLi\Connection.php(327): mysqli->query('SELECT `anggota`.*, `users`.`id` AS `id_user`, `users`.`username` AS `username_user`
FROM `anggota`
LEFT JOIN `users` ON `users`.`id` = `anggota`.`id_anggota`
WHERE `nama_lengkap` LIKE \'%z%\' ESCAPE \'!\'
OR  `no_ktp` LIKE \'%z%\' ESCAPE \'!\'
 LIMIT 10', 0)
 2 SYSTEMPATH\Database\BaseConnection.php(729): CodeIgniter\Database\MySQLi\Connection->execute('SELECT `anggota`.*, `users`.`id` AS `id_user`, `users`.`username` AS `username_user`
FROM `anggota`
LEFT JOIN `users` ON `users`.`id` = `anggota`.`id_anggota`
WHERE `nama_lengkap` LIKE \'%z%\' ESCAPE \'!\'
OR  `no_ktp` LIKE \'%z%\' ESCAPE \'!\'
 LIMIT 10')
 3 SYSTEMPATH\Database\BaseConnection.php(646): CodeIgniter\Database\BaseConnection->simpleQuery('SELECT `anggota`.*, `users`.`id` AS `id_user`, `users`.`username` AS `username_user`
FROM `anggota`
LEFT JOIN `users` ON `users`.`id` = `anggota`.`id_anggota`
WHERE `nama_lengkap` LIKE \'%z%\' ESCAPE \'!\'
OR  `no_ktp` LIKE \'%z%\' ESCAPE \'!\'
 LIMIT 10')
 4 SYSTEMPATH\Database\BaseBuilder.php(1649): CodeIgniter\Database\BaseConnection->query('SELECT `anggota`.*, `users`.`id` AS `id_user`, `users`.`username` AS `username_user`
FROM `anggota`
LEFT JOIN `users` ON `users`.`id` = `anggota`.`id_anggota`
WHERE `nama_lengkap` LIKE :nama_lengkap: ESCAPE \'!\'
OR  `no_ktp` LIKE :no_ktp: ESCAPE \'!\'
 LIMIT 10', [...], false)
 5 SYSTEMPATH\Model.php(286): CodeIgniter\Database\BaseBuilder->get()
 6 SYSTEMPATH\BaseModel.php(677): CodeIgniter\Model->doFindAll(10, 0)
 7 APPPATH\Controllers\AdminDashboard.php(115): CodeIgniter\BaseModel->findAll(10)
 8 SYSTEMPATH\CodeIgniter.php(933): App\Controllers\AdminDashboard->searchAnggota()
 9 SYSTEMPATH\CodeIgniter.php(507): CodeIgniter\CodeIgniter->runController(Object(App\Controllers\AdminDashboard))
10 SYSTEMPATH\CodeIgniter.php(354): CodeIgniter\CodeIgniter->handleRequest(null, Object(Config\Cache), false)
11 SYSTEMPATH\Boot.php(363): CodeIgniter\CodeIgniter->run()
12 SYSTEMPATH\Boot.php(68): CodeIgniter\Boot::runCodeIgniter(Object(CodeIgniter\CodeIgniter))
13 FCPATH\index.php(59): CodeIgniter\Boot::bootWeb(Object(Config\Paths))
14 SYSTEMPATH\rewrite.php(44): require_once('D:\\Kumpulan Project IT\\Project Web\\koperasi-samara\\public\\index.php')
DEBUG - 2026-08-03 02:55:25 --> Session: Class initialized using 'CodeIgniter\Session\Handlers\FileHandler' driver.
ERROR - 2026-08-03 02:55:25 --> mysqli_sql_exception: Column 'nama_lengkap' in where clause is ambiguous in D:\Kumpulan Project IT\Project Web\koperasi-samara\system\Database\MySQLi\Connection.php:327
Stack trace:
#0 D:\Kumpulan Project IT\Project Web\koperasi-samara\system\Database\MySQLi\Connection.php(327): mysqli->query('SELECT `anggota...', 0)
#1 D:\Kumpulan Project IT\Project Web\koperasi-samara\system\Database\BaseConnection.php(729): CodeIgniter\Database\MySQLi\Connection->execute('SELECT `anggota...')
#2 D:\Kumpulan Project IT\Project Web\koperasi-samara\system\Database\BaseConnection.php(646): CodeIgniter\Database\BaseConnection->simpleQuery('SELECT `anggota...')
#3 D:\Kumpulan Project IT\Project Web\koperasi-samara\system\Database\BaseBuilder.php(1649): CodeIgniter\Database\BaseConnection->query('SELECT `anggota...', Array, false)
#4 D:\Kumpulan Project IT\Project Web\koperasi-samara\system\Model.php(286): CodeIgniter\Database\BaseBuilder->get()
#5 D:\Kumpulan Project IT\Project Web\koperasi-samara\system\BaseModel.php(677): CodeIgniter\Model->doFindAll(10, 0)
#6 D:\Kumpulan Project IT\Project Web\koperasi-samara\app\Controllers\AdminDashboard.php(115): CodeIgniter\BaseModel->findAll(10)
#7 D:\Kumpulan Project IT\Project Web\koperasi-samara\system\CodeIgniter.php(933): App\Controllers\AdminDashboard->searchAnggota()
#8 D:\Kumpulan Project IT\Project Web\koperasi-samara\system\CodeIgniter.php(507): CodeIgniter\CodeIgniter->runController(Object(App\Controllers\AdminDashboard))
#9 D:\Kumpulan Project IT\Project Web\koperasi-samara\system\CodeIgniter.php(354): CodeIgniter\CodeIgniter->handleRequest(NULL, Object(Config\Cache), false)
#10 D:\Kumpulan Project IT\Project Web\koperasi-samara\system\Boot.php(363): CodeIgniter\CodeIgniter->run()
#11 D:\Kumpulan Project IT\Project Web\koperasi-samara\system\Boot.php(68): CodeIgniter\Boot::runCodeIgniter(Object(CodeIgniter\CodeIgniter))
#12 D:\Kumpulan Project IT\Project Web\koperasi-samara\public\index.php(59): CodeIgniter\Boot::bootWeb(Object(Config\Paths))
#13 D:\Kumpulan Project IT\Project Web\koperasi-samara\system\rewrite.php(44): require_once('D:\\Kumpulan Pro...')
#14 {main}
CRITICAL - 2026-08-03 02:55:25 --> CodeIgniter\Database\Exceptions\DatabaseException: Column 'nama_lengkap' in where clause is ambiguous
[Method: GET, Route: admin/search-anggota]
in SYSTEMPATH\Database\BaseConnection.php on line 684.
 1 SYSTEMPATH\Database\BaseBuilder.php(1649): CodeIgniter\Database\BaseConnection->query('SELECT `anggota`.*, `users`.`id` AS `id_user`, `users`.`username` AS `username_user`
FROM `anggota`
LEFT JOIN `users` ON `users`.`id` = `anggota`.`id_anggota`
WHERE `nama_lengkap` LIKE :nama_lengkap: ESCAPE \'!\'
OR  `no_ktp` LIKE :no_ktp: ESCAPE \'!\'
 LIMIT 10', [...], false)
 2 SYSTEMPATH\Model.php(286): CodeIgniter\Database\BaseBuilder->get()
 3 SYSTEMPATH\BaseModel.php(677): CodeIgniter\Model->doFindAll(10, 0)
 4 APPPATH\Controllers\AdminDashboard.php(115): CodeIgniter\BaseModel->findAll(10)
 5 SYSTEMPATH\CodeIgniter.php(933): App\Controllers\AdminDashboard->searchAnggota()
 6 SYSTEMPATH\CodeIgniter.php(507): CodeIgniter\CodeIgniter->runController(Object(App\Controllers\AdminDashboard))
 7 SYSTEMPATH\CodeIgniter.php(354): CodeIgniter\CodeIgniter->handleRequest(null, Object(Config\Cache), false)
 8 SYSTEMPATH\Boot.php(363): CodeIgniter\CodeIgniter->run()
 9 SYSTEMPATH\Boot.php(68): CodeIgniter\Boot::runCodeIgniter(Object(CodeIgniter\CodeIgniter))
10 FCPATH\index.php(59): CodeIgniter\Boot::bootWeb(Object(Config\Paths))
11 SYSTEMPATH\rewrite.php(44): require_once('D:\\Kumpulan Project IT\\Project Web\\koperasi-samara\\public\\index.php')
CRITICAL - 2026-08-03 02:55:25 --> [Caused by] CodeIgniter\Database\Exceptions\DatabaseException: Column 'nama_lengkap' in where clause is ambiguous
in SYSTEMPATH\Database\MySQLi\Connection.php on line 332.
 1 SYSTEMPATH\Database\BaseConnection.php(729): CodeIgniter\Database\MySQLi\Connection->execute('SELECT `anggota`.*, `users`.`id` AS `id_user`, `users`.`username` AS `username_user`
FROM `anggota`
LEFT JOIN `users` ON `users`.`id` = `anggota`.`id_anggota`
WHERE `nama_lengkap` LIKE \'%zi%\' ESCAPE \'!\'
OR  `no_ktp` LIKE \'%zi%\' ESCAPE \'!\'
 LIMIT 10')
 2 SYSTEMPATH\Database\BaseConnection.php(646): CodeIgniter\Database\BaseConnection->simpleQuery('SELECT `anggota`.*, `users`.`id` AS `id_user`, `users`.`username` AS `username_user`
FROM `anggota`
LEFT JOIN `users` ON `users`.`id` = `anggota`.`id_anggota`
WHERE `nama_lengkap` LIKE \'%zi%\' ESCAPE \'!\'
OR  `no_ktp` LIKE \'%zi%\' ESCAPE \'!\'
 LIMIT 10')
 3 SYSTEMPATH\Database\BaseBuilder.php(1649): CodeIgniter\Database\BaseConnection->query('SELECT `anggota`.*, `users`.`id` AS `id_user`, `users`.`username` AS `username_user`
FROM `anggota`
LEFT JOIN `users` ON `users`.`id` = `anggota`.`id_anggota`
WHERE `nama_lengkap` LIKE :nama_lengkap: ESCAPE \'!\'
OR  `no_ktp` LIKE :no_ktp: ESCAPE \'!\'
 LIMIT 10', [...], false)
 4 SYSTEMPATH\Model.php(286): CodeIgniter\Database\BaseBuilder->get()
 5 SYSTEMPATH\BaseModel.php(677): CodeIgniter\Model->doFindAll(10, 0)
 6 APPPATH\Controllers\AdminDashboard.php(115): CodeIgniter\BaseModel->findAll(10)
 7 SYSTEMPATH\CodeIgniter.php(933): App\Controllers\AdminDashboard->searchAnggota()
 8 SYSTEMPATH\CodeIgniter.php(507): CodeIgniter\CodeIgniter->runController(Object(App\Controllers\AdminDashboard))
 9 SYSTEMPATH\CodeIgniter.php(354): CodeIgniter\CodeIgniter->handleRequest(null, Object(Config\Cache), false)
10 SYSTEMPATH\Boot.php(363): CodeIgniter\CodeIgniter->run()
11 SYSTEMPATH\Boot.php(68): CodeIgniter\Boot::runCodeIgniter(Object(CodeIgniter\CodeIgniter))
12 FCPATH\index.php(59): CodeIgniter\Boot::bootWeb(Object(Config\Paths))
13 SYSTEMPATH\rewrite.php(44): require_once('D:\\Kumpulan Project IT\\Project Web\\koperasi-samara\\public\\index.php')
CRITICAL - 2026-08-03 02:55:25 --> [Caused by] mysqli_sql_exception: Column 'nama_lengkap' in where clause is ambiguous
in SYSTEMPATH\Database\MySQLi\Connection.php on line 327.
 1 SYSTEMPATH\Database\MySQLi\Connection.php(327): mysqli->query('SELECT `anggota`.*, `users`.`id` AS `id_user`, `users`.`username` AS `username_user`
FROM `anggota`
LEFT JOIN `users` ON `users`.`id` = `anggota`.`id_anggota`
WHERE `nama_lengkap` LIKE \'%zi%\' ESCAPE \'!\'
OR  `no_ktp` LIKE \'%zi%\' ESCAPE \'!\'
 LIMIT 10', 0)
 2 SYSTEMPATH\Database\BaseConnection.php(729): CodeIgniter\Database\MySQLi\Connection->execute('SELECT `anggota`.*, `users`.`id` AS `id_user`, `users`.`username` AS `username_user`
FROM `anggota`
LEFT JOIN `users` ON `users`.`id` = `anggota`.`id_anggota`
WHERE `nama_lengkap` LIKE \'%zi%\' ESCAPE \'!\'
OR  `no_ktp` LIKE \'%zi%\' ESCAPE \'!\'
 LIMIT 10')
 3 SYSTEMPATH\Database\BaseConnection.php(646): CodeIgniter\Database\BaseConnection->simpleQuery('SELECT `anggota`.*, `users`.`id` AS `id_user`, `users`.`username` AS `username_user`
FROM `anggota`
LEFT JOIN `users` ON `users`.`id` = `anggota`.`id_anggota`
WHERE `nama_lengkap` LIKE \'%zi%\' ESCAPE \'!\'
OR  `no_ktp` LIKE \'%zi%\' ESCAPE \'!\'
 LIMIT 10')
 4 SYSTEMPATH\Database\BaseBuilder.php(1649): CodeIgniter\Database\BaseConnection->query('SELECT `anggota`.*, `users`.`id` AS `id_user`, `users`.`username` AS `username_user`
FROM `anggota`
LEFT JOIN `users` ON `users`.`id` = `anggota`.`id_anggota`
WHERE `nama_lengkap` LIKE :nama_lengkap: ESCAPE \'!\'
OR  `no_ktp` LIKE :no_ktp: ESCAPE \'!\'
 LIMIT 10', [...], false)
 5 SYSTEMPATH\Model.php(286): CodeIgniter\Database\BaseBuilder->get()
 6 SYSTEMPATH\BaseModel.php(677): CodeIgniter\Model->doFindAll(10, 0)
 7 APPPATH\Controllers\AdminDashboard.php(115): CodeIgniter\BaseModel->findAll(10)
 8 SYSTEMPATH\CodeIgniter.php(933): App\Controllers\AdminDashboard->searchAnggota()
 9 SYSTEMPATH\CodeIgniter.php(507): CodeIgniter\CodeIgniter->runController(Object(App\Controllers\AdminDashboard))
10 SYSTEMPATH\CodeIgniter.php(354): CodeIgniter\CodeIgniter->handleRequest(null, Object(Config\Cache), false)
11 SYSTEMPATH\Boot.php(363): CodeIgniter\CodeIgniter->run()
12 SYSTEMPATH\Boot.php(68): CodeIgniter\Boot::runCodeIgniter(Object(CodeIgniter\CodeIgniter))
13 FCPATH\index.php(59): CodeIgniter\Boot::bootWeb(Object(Config\Paths))
14 SYSTEMPATH\rewrite.php(44): require_once('D:\\Kumpulan Project IT\\Project Web\\koperasi-samara\\public\\index.php')
DEBUG - 2026-08-03 02:55:25 --> Session: Class initialized using 'CodeIgniter\Session\Handlers\FileHandler' driver.
ERROR - 2026-08-03 02:55:25 --> mysqli_sql_exception: Column 'nama_lengkap' in where clause is ambiguous in D:\Kumpulan Project IT\Project Web\koperasi-samara\system\Database\MySQLi\Connection.php:327
Stack trace:
#0 D:\Kumpulan Project IT\Project Web\koperasi-samara\system\Database\MySQLi\Connection.php(327): mysqli->query('SELECT `anggota...', 0)
#1 D:\Kumpulan Project IT\Project Web\koperasi-samara\system\Database\BaseConnection.php(729): CodeIgniter\Database\MySQLi\Connection->execute('SELECT `anggota...')
#2 D:\Kumpulan Project IT\Project Web\koperasi-samara\system\Database\BaseConnection.php(646): CodeIgniter\Database\BaseConnection->simpleQuery('SELECT `anggota...')
#3 D:\Kumpulan Project IT\Project Web\koperasi-samara\system\Database\BaseBuilder.php(1649): CodeIgniter\Database\BaseConnection->query('SELECT `anggota...', Array, false)
#4 D:\Kumpulan Project IT\Project Web\koperasi-samara\system\Model.php(286): CodeIgniter\Database\BaseBuilder->get()
#5 D:\Kumpulan Project IT\Project Web\koperasi-samara\system\BaseModel.php(677): CodeIgniter\Model->doFindAll(10, 0)
#6 D:\Kumpulan Project IT\Project Web\koperasi-samara\app\Controllers\AdminDashboard.php(115): CodeIgniter\BaseModel->findAll(10)
#7 D:\Kumpulan Project IT\Project Web\koperasi-samara\system\CodeIgniter.php(933): App\Controllers\AdminDashboard->searchAnggota()
#8 D:\Kumpulan Project IT\Project Web\koperasi-samara\system\CodeIgniter.php(507): CodeIgniter\CodeIgniter->runController(Object(App\Controllers\AdminDashboard))
#9 D:\Kumpulan Project IT\Project Web\koperasi-samara\system\CodeIgniter.php(354): CodeIgniter\CodeIgniter->handleRequest(NULL, Object(Config\Cache), false)
#10 D:\Kumpulan Project IT\Project Web\koperasi-samara\system\Boot.php(363): CodeIgniter\CodeIgniter->run()
#11 D:\Kumpulan Project IT\Project Web\koperasi-samara\system\Boot.php(68): CodeIgniter\Boot::runCodeIgniter(Object(CodeIgniter\CodeIgniter))
#12 D:\Kumpulan Project IT\Project Web\koperasi-samara\public\index.php(59): CodeIgniter\Boot::bootWeb(Object(Config\Paths))
#13 D:\Kumpulan Project IT\Project Web\koperasi-samara\system\rewrite.php(44): require_once('D:\\Kumpulan Pro...')
#14 {main}
CRITICAL - 2026-08-03 02:55:25 --> CodeIgniter\Database\Exceptions\DatabaseException: Column 'nama_lengkap' in where clause is ambiguous
[Method: GET, Route: admin/search-anggota]
in SYSTEMPATH\Database\BaseConnection.php on line 684.
 1 SYSTEMPATH\Database\BaseBuilder.php(1649): CodeIgniter\Database\BaseConnection->query('SELECT `anggota`.*, `users`.`id` AS `id_user`, `users`.`username` AS `username_user`
FROM `anggota`
LEFT JOIN `users` ON `users`.`id` = `anggota`.`id_anggota`
WHERE `nama_lengkap` LIKE :nama_lengkap: ESCAPE \'!\'
OR  `no_ktp` LIKE :no_ktp: ESCAPE \'!\'
 LIMIT 10', [...], false)
 2 SYSTEMPATH\Model.php(286): CodeIgniter\Database\BaseBuilder->get()
 3 SYSTEMPATH\BaseModel.php(677): CodeIgniter\Model->doFindAll(10, 0)
 4 APPPATH\Controllers\AdminDashboard.php(115): CodeIgniter\BaseModel->findAll(10)
 5 SYSTEMPATH\CodeIgniter.php(933): App\Controllers\AdminDashboard->searchAnggota()
 6 SYSTEMPATH\CodeIgniter.php(507): CodeIgniter\CodeIgniter->runController(Object(App\Controllers\AdminDashboard))
 7 SYSTEMPATH\CodeIgniter.php(354): CodeIgniter\CodeIgniter->handleRequest(null, Object(Config\Cache), false)
 8 SYSTEMPATH\Boot.php(363): CodeIgniter\CodeIgniter->run()
 9 SYSTEMPATH\Boot.php(68): CodeIgniter\Boot::runCodeIgniter(Object(CodeIgniter\CodeIgniter))
10 FCPATH\index.php(59): CodeIgniter\Boot::bootWeb(Object(Config\Paths))
11 SYSTEMPATH\rewrite.php(44): require_once('D:\\Kumpulan Project IT\\Project Web\\koperasi-samara\\public\\index.php')
CRITICAL - 2026-08-03 02:55:25 --> [Caused by] CodeIgniter\Database\Exceptions\DatabaseException: Column 'nama_lengkap' in where clause is ambiguous
in SYSTEMPATH\Database\MySQLi\Connection.php on line 332.
 1 SYSTEMPATH\Database\BaseConnection.php(729): CodeIgniter\Database\MySQLi\Connection->execute('SELECT `anggota`.*, `users`.`id` AS `id_user`, `users`.`username` AS `username_user`
FROM `anggota`
LEFT JOIN `users` ON `users`.`id` = `anggota`.`id_anggota`
WHERE `nama_lengkap` LIKE \'%ziy%\' ESCAPE \'!\'
OR  `no_ktp` LIKE \'%ziy%\' ESCAPE \'!\'
 LIMIT 10')
 2 SYSTEMPATH\Database\BaseConnection.php(646): CodeIgniter\Database\BaseConnection->simpleQuery('SELECT `anggota`.*, `users`.`id` AS `id_user`, `users`.`username` AS `username_user`
FROM `anggota`
LEFT JOIN `users` ON `users`.`id` = `anggota`.`id_anggota`
WHERE `nama_lengkap` LIKE \'%ziy%\' ESCAPE \'!\'
OR  `no_ktp` LIKE \'%ziy%\' ESCAPE \'!\'
 LIMIT 10')
 3 SYSTEMPATH\Database\BaseBuilder.php(1649): CodeIgniter\Database\BaseConnection->query('SELECT `anggota`.*, `users`.`id` AS `id_user`, `users`.`username` AS `username_user`
FROM `anggota`
LEFT JOIN `users` ON `users`.`id` = `anggota`.`id_anggota`
WHERE `nama_lengkap` LIKE :nama_lengkap: ESCAPE \'!\'
OR  `no_ktp` LIKE :no_ktp: ESCAPE \'!\'
 LIMIT 10', [...], false)
 4 SYSTEMPATH\Model.php(286): CodeIgniter\Database\BaseBuilder->get()
 5 SYSTEMPATH\BaseModel.php(677): CodeIgniter\Model->doFindAll(10, 0)
 6 APPPATH\Controllers\AdminDashboard.php(115): CodeIgniter\BaseModel->findAll(10)
 7 SYSTEMPATH\CodeIgniter.php(933): App\Controllers\AdminDashboard->searchAnggota()
 8 SYSTEMPATH\CodeIgniter.php(507): CodeIgniter\CodeIgniter->runController(Object(App\Controllers\AdminDashboard))
 9 SYSTEMPATH\CodeIgniter.php(354): CodeIgniter\CodeIgniter->handleRequest(null, Object(Config\Cache), false)
10 SYSTEMPATH\Boot.php(363): CodeIgniter\CodeIgniter->run()
11 SYSTEMPATH\Boot.php(68): CodeIgniter\Boot::runCodeIgniter(Object(CodeIgniter\CodeIgniter))
12 FCPATH\index.php(59): CodeIgniter\Boot::bootWeb(Object(Config\Paths))
13 SYSTEMPATH\rewrite.php(44): require_once('D:\\Kumpulan Project IT\\Project Web\\koperasi-samara\\public\\index.php')
CRITICAL - 2026-08-03 02:55:25 --> [Caused by] mysqli_sql_exception: Column 'nama_lengkap' in where clause is ambiguous
in SYSTEMPATH\Database\MySQLi\Connection.php on line 327.
 1 SYSTEMPATH\Database\MySQLi\Connection.php(327): mysqli->query('SELECT `anggota`.*, `users`.`id` AS `id_user`, `users`.`username` AS `username_user`
FROM `anggota`
LEFT JOIN `users` ON `users`.`id` = `anggota`.`id_anggota`
WHERE `nama_lengkap` LIKE \'%ziy%\' ESCAPE \'!\'
OR  `no_ktp` LIKE \'%ziy%\' ESCAPE \'!\'
 LIMIT 10', 0)
 2 SYSTEMPATH\Database\BaseConnection.php(729): CodeIgniter\Database\MySQLi\Connection->execute('SELECT `anggota`.*, `users`.`id` AS `id_user`, `users`.`username` AS `username_user`
FROM `anggota`
LEFT JOIN `users` ON `users`.`id` = `anggota`.`id_anggota`
WHERE `nama_lengkap` LIKE \'%ziy%\' ESCAPE \'!\'
OR  `no_ktp` LIKE \'%ziy%\' ESCAPE \'!\'
 LIMIT 10')
 3 SYSTEMPATH\Database\BaseConnection.php(646): CodeIgniter\Database\BaseConnection->simpleQuery('SELECT `anggota`.*, `users`.`id` AS `id_user`, `users`.`username` AS `username_user`
FROM `anggota`
LEFT JOIN `users` ON `users`.`id` = `anggota`.`id_anggota`
WHERE `nama_lengkap` LIKE \'%ziy%\' ESCAPE \'!\'
OR  `no_ktp` LIKE \'%ziy%\' ESCAPE \'!\'
 LIMIT 10')
 4 SYSTEMPATH\Database\BaseBuilder.php(1649): CodeIgniter\Database\BaseConnection->query('SELECT `anggota`.*, `users`.`id` AS `id_user`, `users`.`username` AS `username_user`
FROM `anggota`
LEFT JOIN `users` ON `users`.`id` = `anggota`.`id_anggota`
WHERE `nama_lengkap` LIKE :nama_lengkap: ESCAPE \'!\'
OR  `no_ktp` LIKE :no_ktp: ESCAPE \'!\'
 LIMIT 10', [...], false)
 5 SYSTEMPATH\Model.php(286): CodeIgniter\Database\BaseBuilder->get()
 6 SYSTEMPATH\BaseModel.php(677): CodeIgniter\Model->doFindAll(10, 0)
 7 APPPATH\Controllers\AdminDashboard.php(115): CodeIgniter\BaseModel->findAll(10)
 8 SYSTEMPATH\CodeIgniter.php(933): App\Controllers\AdminDashboard->searchAnggota()
 9 SYSTEMPATH\CodeIgniter.php(507): CodeIgniter\CodeIgniter->runController(Object(App\Controllers\AdminDashboard))
10 SYSTEMPATH\CodeIgniter.php(354): CodeIgniter\CodeIgniter->handleRequest(null, Object(Config\Cache), false)
11 SYSTEMPATH\Boot.php(363): CodeIgniter\CodeIgniter->run()
12 SYSTEMPATH\Boot.php(68): CodeIgniter\Boot::runCodeIgniter(Object(CodeIgniter\CodeIgniter))
13 FCPATH\index.php(59): CodeIgniter\Boot::bootWeb(Object(Config\Paths))
14 SYSTEMPATH\rewrite.php(44): require_once('D:\\Kumpulan Project IT\\Project Web\\koperasi-samara\\public\\index.php')
DEBUG - 2026-08-03 02:55:25 --> Session: Class initialized using 'CodeIgniter\Session\Handlers\FileHandler' driver.
ERROR - 2026-08-03 02:55:25 --> mysqli_sql_exception: Column 'nama_lengkap' in where clause is ambiguous in D:\Kumpulan Project IT\Project Web\koperasi-samara\system\Database\MySQLi\Connection.php:327
Stack trace:
#0 D:\Kumpulan Project IT\Project Web\koperasi-samara\system\Database\MySQLi\Connection.php(327): mysqli->query('SELECT `anggota...', 0)
#1 D:\Kumpulan Project IT\Project Web\koperasi-samara\system\Database\BaseConnection.php(729): CodeIgniter\Database\MySQLi\Connection->execute('SELECT `anggota...')
#2 D:\Kumpulan Project IT\Project Web\koperasi-samara\system\Database\BaseConnection.php(646): CodeIgniter\Database\BaseConnection->simpleQuery('SELECT `anggota...')
#3 D:\Kumpulan Project IT\Project Web\koperasi-samara\system\Database\BaseBuilder.php(1649): CodeIgniter\Database\BaseConnection->query('SELECT `anggota...', Array, false)
#4 D:\Kumpulan Project IT\Project Web\koperasi-samara\system\Model.php(286): CodeIgniter\Database\BaseBuilder->get()
#5 D:\Kumpulan Project IT\Project Web\koperasi-samara\system\BaseModel.php(677): CodeIgniter\Model->doFindAll(10, 0)
#6 D:\Kumpulan Project IT\Project Web\koperasi-samara\app\Controllers\AdminDashboard.php(115): CodeIgniter\BaseModel->findAll(10)
#7 D:\Kumpulan Project IT\Project Web\koperasi-samara\system\CodeIgniter.php(933): App\Controllers\AdminDashboard->searchAnggota()
#8 D:\Kumpulan Project IT\Project Web\koperasi-samara\system\CodeIgniter.php(507): CodeIgniter\CodeIgniter->runController(Object(App\Controllers\AdminDashboard))
#9 D:\Kumpulan Project IT\Project Web\koperasi-samara\system\CodeIgniter.php(354): CodeIgniter\CodeIgniter->handleRequest(NULL, Object(Config\Cache), false)
#10 D:\Kumpulan Project IT\Project Web\koperasi-samara\system\Boot.php(363): CodeIgniter\CodeIgniter->run()
#11 D:\Kumpulan Project IT\Project Web\koperasi-samara\system\Boot.php(68): CodeIgniter\Boot::runCodeIgniter(Object(CodeIgniter\CodeIgniter))
#12 D:\Kumpulan Project IT\Project Web\koperasi-samara\public\index.php(59): CodeIgniter\Boot::bootWeb(Object(Config\Paths))
#13 D:\Kumpulan Project IT\Project Web\koperasi-samara\system\rewrite.php(44): require_once('D:\\Kumpulan Pro...')
#14 {main}
CRITICAL - 2026-08-03 02:55:25 --> CodeIgniter\Database\Exceptions\DatabaseException: Column 'nama_lengkap' in where clause is ambiguous
[Method: GET, Route: admin/search-anggota]
in SYSTEMPATH\Database\BaseConnection.php on line 684.
 1 SYSTEMPATH\Database\BaseBuilder.php(1649): CodeIgniter\Database\BaseConnection->query('SELECT `anggota`.*, `users`.`id` AS `id_user`, `users`.`username` AS `username_user`
FROM `anggota`
LEFT JOIN `users` ON `users`.`id` = `anggota`.`id_anggota`
WHERE `nama_lengkap` LIKE :nama_lengkap: ESCAPE \'!\'
OR  `no_ktp` LIKE :no_ktp: ESCAPE \'!\'
 LIMIT 10', [...], false)
 2 SYSTEMPATH\Model.php(286): CodeIgniter\Database\BaseBuilder->get()
 3 SYSTEMPATH\BaseModel.php(677): CodeIgniter\Model->doFindAll(10, 0)
 4 APPPATH\Controllers\AdminDashboard.php(115): CodeIgniter\BaseModel->findAll(10)
 5 SYSTEMPATH\CodeIgniter.php(933): App\Controllers\AdminDashboard->searchAnggota()
 6 SYSTEMPATH\CodeIgniter.php(507): CodeIgniter\CodeIgniter->runController(Object(App\Controllers\AdminDashboard))
 7 SYSTEMPATH\CodeIgniter.php(354): CodeIgniter\CodeIgniter->handleRequest(null, Object(Config\Cache), false)
 8 SYSTEMPATH\Boot.php(363): CodeIgniter\CodeIgniter->run()
 9 SYSTEMPATH\Boot.php(68): CodeIgniter\Boot::runCodeIgniter(Object(CodeIgniter\CodeIgniter))
10 FCPATH\index.php(59): CodeIgniter\Boot::bootWeb(Object(Config\Paths))
11 SYSTEMPATH\rewrite.php(44): require_once('D:\\Kumpulan Project IT\\Project Web\\koperasi-samara\\public\\index.php')
CRITICAL - 2026-08-03 02:55:25 --> [Caused by] CodeIgniter\Database\Exceptions\DatabaseException: Column 'nama_lengkap' in where clause is ambiguous
in SYSTEMPATH\Database\MySQLi\Connection.php on line 332.
 1 SYSTEMPATH\Database\BaseConnection.php(729): CodeIgniter\Database\MySQLi\Connection->execute('SELECT `anggota`.*, `users`.`id` AS `id_user`, `users`.`username` AS `username_user`
FROM `anggota`
LEFT JOIN `users` ON `users`.`id` = `anggota`.`id_anggota`
WHERE `nama_lengkap` LIKE \'%ziya%\' ESCAPE \'!\'
OR  `no_ktp` LIKE \'%ziya%\' ESCAPE \'!\'
 LIMIT 10')
 2 SYSTEMPATH\Database\BaseConnection.php(646): CodeIgniter\Database\BaseConnection->simpleQuery('SELECT `anggota`.*, `users`.`id` AS `id_user`, `users`.`username` AS `username_user`
FROM `anggota`
LEFT JOIN `users` ON `users`.`id` = `anggota`.`id_anggota`
WHERE `nama_lengkap` LIKE \'%ziya%\' ESCAPE \'!\'
OR  `no_ktp` LIKE \'%ziya%\' ESCAPE \'!\'
 LIMIT 10')
 3 SYSTEMPATH\Database\BaseBuilder.php(1649): CodeIgniter\Database\BaseConnection->query('SELECT `anggota`.*, `users`.`id` AS `id_user`, `users`.`username` AS `username_user`
FROM `anggota`
LEFT JOIN `users` ON `users`.`id` = `anggota`.`id_anggota`
WHERE `nama_lengkap` LIKE :nama_lengkap: ESCAPE \'!\'
OR  `no_ktp` LIKE :no_ktp: ESCAPE \'!\'
 LIMIT 10', [...], false)
 4 SYSTEMPATH\Model.php(286): CodeIgniter\Database\BaseBuilder->get()
 5 SYSTEMPATH\BaseModel.php(677): CodeIgniter\Model->doFindAll(10, 0)
 6 APPPATH\Controllers\AdminDashboard.php(115): CodeIgniter\BaseModel->findAll(10)
 7 SYSTEMPATH\CodeIgniter.php(933): App\Controllers\AdminDashboard->searchAnggota()
 8 SYSTEMPATH\CodeIgniter.php(507): CodeIgniter\CodeIgniter->runController(Object(App\Controllers\AdminDashboard))
 9 SYSTEMPATH\CodeIgniter.php(354): CodeIgniter\CodeIgniter->handleRequest(null, Object(Config\Cache), false)
10 SYSTEMPATH\Boot.php(363): CodeIgniter\CodeIgniter->run()
11 SYSTEMPATH\Boot.php(68): CodeIgniter\Boot::runCodeIgniter(Object(CodeIgniter\CodeIgniter))
12 FCPATH\index.php(59): CodeIgniter\Boot::bootWeb(Object(Config\Paths))
13 SYSTEMPATH\rewrite.php(44): require_once('D:\\Kumpulan Project IT\\Project Web\\koperasi-samara\\public\\index.php')
CRITICAL - 2026-08-03 02:55:25 --> [Caused by] mysqli_sql_exception: Column 'nama_lengkap' in where clause is ambiguous
in SYSTEMPATH\Database\MySQLi\Connection.php on line 327.
 1 SYSTEMPATH\Database\MySQLi\Connection.php(327): mysqli->query('SELECT `anggota`.*, `users`.`id` AS `id_user`, `users`.`username` AS `username_user`
FROM `anggota`
LEFT JOIN `users` ON `users`.`id` = `anggota`.`id_anggota`
WHERE `nama_lengkap` LIKE \'%ziya%\' ESCAPE \'!\'
OR  `no_ktp` LIKE \'%ziya%\' ESCAPE \'!\'
 LIMIT 10', 0)
 2 SYSTEMPATH\Database\BaseConnection.php(729): CodeIgniter\Database\MySQLi\Connection->execute('SELECT `anggota`.*, `users`.`id` AS `id_user`, `users`.`username` AS `username_user`
FROM `anggota`
LEFT JOIN `users` ON `users`.`id` = `anggota`.`id_anggota`
WHERE `nama_lengkap` LIKE \'%ziya%\' ESCAPE \'!\'
OR  `no_ktp` LIKE \'%ziya%\' ESCAPE \'!\'
 LIMIT 10')
 3 SYSTEMPATH\Database\BaseConnection.php(646): CodeIgniter\Database\BaseConnection->simpleQuery('SELECT `anggota`.*, `users`.`id` AS `id_user`, `users`.`username` AS `username_user`
FROM `anggota`
LEFT JOIN `users` ON `users`.`id` = `anggota`.`id_anggota`
WHERE `nama_lengkap` LIKE \'%ziya%\' ESCAPE \'!\'
OR  `no_ktp` LIKE \'%ziya%\' ESCAPE \'!\'
 LIMIT 10')
 4 SYSTEMPATH\Database\BaseBuilder.php(1649): CodeIgniter\Database\BaseConnection->query('SELECT `anggota`.*, `users`.`id` AS `id_user`, `users`.`username` AS `username_user`
FROM `anggota`
LEFT JOIN `users` ON `users`.`id` = `anggota`.`id_anggota`
WHERE `nama_lengkap` LIKE :nama_lengkap: ESCAPE \'!\'
OR  `no_ktp` LIKE :no_ktp: ESCAPE \'!\'
 LIMIT 10', [...], false)
 5 SYSTEMPATH\Model.php(286): CodeIgniter\Database\BaseBuilder->get()
 6 SYSTEMPATH\BaseModel.php(677): CodeIgniter\Model->doFindAll(10, 0)
 7 APPPATH\Controllers\AdminDashboard.php(115): CodeIgniter\BaseModel->findAll(10)
 8 SYSTEMPATH\CodeIgniter.php(933): App\Controllers\AdminDashboard->searchAnggota()
 9 SYSTEMPATH\CodeIgniter.php(507): CodeIgniter\CodeIgniter->runController(Object(App\Controllers\AdminDashboard))
10 SYSTEMPATH\CodeIgniter.php(354): CodeIgniter\CodeIgniter->handleRequest(null, Object(Config\Cache), false)
11 SYSTEMPATH\Boot.php(363): CodeIgniter\CodeIgniter->run()
12 SYSTEMPATH\Boot.php(68): CodeIgniter\Boot::runCodeIgniter(Object(CodeIgniter\CodeIgniter))
13 FCPATH\index.php(59): CodeIgniter\Boot::bootWeb(Object(Config\Paths))
14 SYSTEMPATH\rewrite.php(44): require_once('D:\\Kumpulan Project IT\\Project Web\\koperasi-samara\\public\\index.php')
DEBUG - 2026-08-03 02:55:28 --> Session: Class initialized using 'CodeIgniter\Session\Handlers\FileHandler' driver.
ERROR - 2026-08-03 02:55:28 --> mysqli_sql_exception: Column 'nama_lengkap' in where clause is ambiguous in D:\Kumpulan Project IT\Project Web\koperasi-samara\system\Database\MySQLi\Connection.php:327
Stack trace:
#0 D:\Kumpulan Project IT\Project Web\koperasi-samara\system\Database\MySQLi\Connection.php(327): mysqli->query('SELECT `anggota...', 0)
#1 D:\Kumpulan Project IT\Project Web\koperasi-samara\system\Database\BaseConnection.php(729): CodeIgniter\Database\MySQLi\Connection->execute('SELECT `anggota...')
#2 D:\Kumpulan Project IT\Project Web\koperasi-samara\system\Database\BaseConnection.php(646): CodeIgniter\Database\BaseConnection->simpleQuery('SELECT `anggota...')
#3 D:\Kumpulan Project IT\Project Web\koperasi-samara\system\Database\BaseBuilder.php(1649): CodeIgniter\Database\BaseConnection->query('SELECT `anggota...', Array, false)
#4 D:\Kumpulan Project IT\Project Web\koperasi-samara\system\Model.php(286): CodeIgniter\Database\BaseBuilder->get()
#5 D:\Kumpulan Project IT\Project Web\koperasi-samara\system\BaseModel.php(677): CodeIgniter\Model->doFindAll(10, 0)
#6 D:\Kumpulan Project IT\Project Web\koperasi-samara\app\Controllers\AdminDashboard.php(115): CodeIgniter\BaseModel->findAll(10)
#7 D:\Kumpulan Project IT\Project Web\koperasi-samara\system\CodeIgniter.php(933): App\Controllers\AdminDashboard->searchAnggota()
#8 D:\Kumpulan Project IT\Project Web\koperasi-samara\system\CodeIgniter.php(507): CodeIgniter\CodeIgniter->runController(Object(App\Controllers\AdminDashboard))
#9 D:\Kumpulan Project IT\Project Web\koperasi-samara\system\CodeIgniter.php(354): CodeIgniter\CodeIgniter->handleRequest(NULL, Object(Config\Cache), false)
#10 D:\Kumpulan Project IT\Project Web\koperasi-samara\system\Boot.php(363): CodeIgniter\CodeIgniter->run()
#11 D:\Kumpulan Project IT\Project Web\koperasi-samara\system\Boot.php(68): CodeIgniter\Boot::runCodeIgniter(Object(CodeIgniter\CodeIgniter))
#12 D:\Kumpulan Project IT\Project Web\koperasi-samara\public\index.php(59): CodeIgniter\Boot::bootWeb(Object(Config\Paths))
#13 D:\Kumpulan Project IT\Project Web\koperasi-samara\system\rewrite.php(44): require_once('D:\\Kumpulan Pro...')
#14 {main}
CRITICAL - 2026-08-03 02:55:28 --> CodeIgniter\Database\Exceptions\DatabaseException: Column 'nama_lengkap' in where clause is ambiguous
[Method: GET, Route: admin/search-anggota]
in SYSTEMPATH\Database\BaseConnection.php on line 684.
 1 SYSTEMPATH\Database\BaseBuilder.php(1649): CodeIgniter\Database\BaseConnection->query('SELECT `anggota`.*, `users`.`id` AS `id_user`, `users`.`username` AS `username_user`
FROM `anggota`
LEFT JOIN `users` ON `users`.`id` = `anggota`.`id_anggota`
WHERE `nama_lengkap` LIKE :nama_lengkap: ESCAPE \'!\'
OR  `no_ktp` LIKE :no_ktp: ESCAPE \'!\'
 LIMIT 10', [...], false)
 2 SYSTEMPATH\Model.php(286): CodeIgniter\Database\BaseBuilder->get()
 3 SYSTEMPATH\BaseModel.php(677): CodeIgniter\Model->doFindAll(10, 0)
 4 APPPATH\Controllers\AdminDashboard.php(115): CodeIgniter\BaseModel->findAll(10)
 5 SYSTEMPATH\CodeIgniter.php(933): App\Controllers\AdminDashboard->searchAnggota()
 6 SYSTEMPATH\CodeIgniter.php(507): CodeIgniter\CodeIgniter->runController(Object(App\Controllers\AdminDashboard))
 7 SYSTEMPATH\CodeIgniter.php(354): CodeIgniter\CodeIgniter->handleRequest(null, Object(Config\Cache), false)
 8 SYSTEMPATH\Boot.php(363): CodeIgniter\CodeIgniter->run()
 9 SYSTEMPATH\Boot.php(68): CodeIgniter\Boot::runCodeIgniter(Object(CodeIgniter\CodeIgniter))
10 FCPATH\index.php(59): CodeIgniter\Boot::bootWeb(Object(Config\Paths))
11 SYSTEMPATH\rewrite.php(44): require_once('D:\\Kumpulan Project IT\\Project Web\\koperasi-samara\\public\\index.php')
CRITICAL - 2026-08-03 02:55:28 --> [Caused by] CodeIgniter\Database\Exceptions\DatabaseException: Column 'nama_lengkap' in where clause is ambiguous
in SYSTEMPATH\Database\MySQLi\Connection.php on line 332.
 1 SYSTEMPATH\Database\BaseConnection.php(729): CodeIgniter\Database\MySQLi\Connection->execute('SELECT `anggota`.*, `users`.`id` AS `id_user`, `users`.`username` AS `username_user`
FROM `anggota`
LEFT JOIN `users` ON `users`.`id` = `anggota`.`id_anggota`
WHERE `nama_lengkap` LIKE \'%ziy%\' ESCAPE \'!\'
OR  `no_ktp` LIKE \'%ziy%\' ESCAPE \'!\'
 LIMIT 10')
 2 SYSTEMPATH\Database\BaseConnection.php(646): CodeIgniter\Database\BaseConnection->simpleQuery('SELECT `anggota`.*, `users`.`id` AS `id_user`, `users`.`username` AS `username_user`
FROM `anggota`
LEFT JOIN `users` ON `users`.`id` = `anggota`.`id_anggota`
WHERE `nama_lengkap` LIKE \'%ziy%\' ESCAPE \'!\'
OR  `no_ktp` LIKE \'%ziy%\' ESCAPE \'!\'
 LIMIT 10')
 3 SYSTEMPATH\Database\BaseBuilder.php(1649): CodeIgniter\Database\BaseConnection->query('SELECT `anggota`.*, `users`.`id` AS `id_user`, `users`.`username` AS `username_user`
FROM `anggota`
LEFT JOIN `users` ON `users`.`id` = `anggota`.`id_anggota`
WHERE `nama_lengkap` LIKE :nama_lengkap: ESCAPE \'!\'
OR  `no_ktp` LIKE :no_ktp: ESCAPE \'!\'
 LIMIT 10', [...], false)
 4 SYSTEMPATH\Model.php(286): CodeIgniter\Database\BaseBuilder->get()
 5 SYSTEMPATH\BaseModel.php(677): CodeIgniter\Model->doFindAll(10, 0)
 6 APPPATH\Controllers\AdminDashboard.php(115): CodeIgniter\BaseModel->findAll(10)
 7 SYSTEMPATH\CodeIgniter.php(933): App\Controllers\AdminDashboard->searchAnggota()
 8 SYSTEMPATH\CodeIgniter.php(507): CodeIgniter\CodeIgniter->runController(Object(App\Controllers\AdminDashboard))
 9 SYSTEMPATH\CodeIgniter.php(354): CodeIgniter\CodeIgniter->handleRequest(null, Object(Config\Cache), false)
10 SYSTEMPATH\Boot.php(363): CodeIgniter\CodeIgniter->run()
11 SYSTEMPATH\Boot.php(68): CodeIgniter\Boot::runCodeIgniter(Object(CodeIgniter\CodeIgniter))
12 FCPATH\index.php(59): CodeIgniter\Boot::bootWeb(Object(Config\Paths))
13 SYSTEMPATH\rewrite.php(44): require_once('D:\\Kumpulan Project IT\\Project Web\\koperasi-samara\\public\\index.php')
CRITICAL - 2026-08-03 02:55:28 --> [Caused by] mysqli_sql_exception: Column 'nama_lengkap' in where clause is ambiguous
in SYSTEMPATH\Database\MySQLi\Connection.php on line 327.
 1 SYSTEMPATH\Database\MySQLi\Connection.php(327): mysqli->query('SELECT `anggota`.*, `users`.`id` AS `id_user`, `users`.`username` AS `username_user`
FROM `anggota`
LEFT JOIN `users` ON `users`.`id` = `anggota`.`id_anggota`
WHERE `nama_lengkap` LIKE \'%ziy%\' ESCAPE \'!\'
OR  `no_ktp` LIKE \'%ziy%\' ESCAPE \'!\'
 LIMIT 10', 0)
 2 SYSTEMPATH\Database\BaseConnection.php(729): CodeIgniter\Database\MySQLi\Connection->execute('SELECT `anggota`.*, `users`.`id` AS `id_user`, `users`.`username` AS `username_user`
FROM `anggota`
LEFT JOIN `users` ON `users`.`id` = `anggota`.`id_anggota`
WHERE `nama_lengkap` LIKE \'%ziy%\' ESCAPE \'!\'
OR  `no_ktp` LIKE \'%ziy%\' ESCAPE \'!\'
 LIMIT 10')
 3 SYSTEMPATH\Database\BaseConnection.php(646): CodeIgniter\Database\BaseConnection->simpleQuery('SELECT `anggota`.*, `users`.`id` AS `id_user`, `users`.`username` AS `username_user`
FROM `anggota`
LEFT JOIN `users` ON `users`.`id` = `anggota`.`id_anggota`
WHERE `nama_lengkap` LIKE \'%ziy%\' ESCAPE \'!\'
OR  `no_ktp` LIKE \'%ziy%\' ESCAPE \'!\'
 LIMIT 10')
 4 SYSTEMPATH\Database\BaseBuilder.php(1649): CodeIgniter\Database\BaseConnection->query('SELECT `anggota`.*, `users`.`id` AS `id_user`, `users`.`username` AS `username_user`
FROM `anggota`
LEFT JOIN `users` ON `users`.`id` = `anggota`.`id_anggota`
WHERE `nama_lengkap` LIKE :nama_lengkap: ESCAPE \'!\'
OR  `no_ktp` LIKE :no_ktp: ESCAPE \'!\'
 LIMIT 10', [...], false)
 5 SYSTEMPATH\Model.php(286): CodeIgniter\Database\BaseBuilder->get()
 6 SYSTEMPATH\BaseModel.php(677): CodeIgniter\Model->doFindAll(10, 0)
 7 APPPATH\Controllers\AdminDashboard.php(115): CodeIgniter\BaseModel->findAll(10)
 8 SYSTEMPATH\CodeIgniter.php(933): App\Controllers\AdminDashboard->searchAnggota()
 9 SYSTEMPATH\CodeIgniter.php(507): CodeIgniter\CodeIgniter->runController(Object(App\Controllers\AdminDashboard))
10 SYSTEMPATH\CodeIgniter.php(354): CodeIgniter\CodeIgniter->handleRequest(null, Object(Config\Cache), false)
11 SYSTEMPATH\Boot.php(363): CodeIgniter\CodeIgniter->run()
12 SYSTEMPATH\Boot.php(68): CodeIgniter\Boot::runCodeIgniter(Object(CodeIgniter\CodeIgniter))
13 FCPATH\index.php(59): CodeIgniter\Boot::bootWeb(Object(Config\Paths))
14 SYSTEMPATH\rewrite.php(44): require_once('D:\\Kumpulan Project IT\\Project Web\\koperasi-samara\\public\\index.php')
DEBUG - 2026-08-03 02:55:28 --> Session: Class initialized using 'CodeIgniter\Session\Handlers\FileHandler' driver.
ERROR - 2026-08-03 02:55:28 --> mysqli_sql_exception: Column 'nama_lengkap' in where clause is ambiguous in D:\Kumpulan Project IT\Project Web\koperasi-samara\system\Database\MySQLi\Connection.php:327
Stack trace:
#0 D:\Kumpulan Project IT\Project Web\koperasi-samara\system\Database\MySQLi\Connection.php(327): mysqli->query('SELECT `anggota...', 0)
#1 D:\Kumpulan Project IT\Project Web\koperasi-samara\system\Database\BaseConnection.php(729): CodeIgniter\Database\MySQLi\Connection->execute('SELECT `anggota...')
#2 D:\Kumpulan Project IT\Project Web\koperasi-samara\system\Database\BaseConnection.php(646): CodeIgniter\Database\BaseConnection->simpleQuery('SELECT `anggota...')
#3 D:\Kumpulan Project IT\Project Web\koperasi-samara\system\Database\BaseBuilder.php(1649): CodeIgniter\Database\BaseConnection->query('SELECT `anggota...', Array, false)
#4 D:\Kumpulan Project IT\Project Web\koperasi-samara\system\Model.php(286): CodeIgniter\Database\BaseBuilder->get()
#5 D:\Kumpulan Project IT\Project Web\koperasi-samara\system\BaseModel.php(677): CodeIgniter\Model->doFindAll(10, 0)
#6 D:\Kumpulan Project IT\Project Web\koperasi-samara\app\Controllers\AdminDashboard.php(115): CodeIgniter\BaseModel->findAll(10)
#7 D:\Kumpulan Project IT\Project Web\koperasi-samara\system\CodeIgniter.php(933): App\Controllers\AdminDashboard->searchAnggota()
#8 D:\Kumpulan Project IT\Project Web\koperasi-samara\system\CodeIgniter.php(507): CodeIgniter\CodeIgniter->runController(Object(App\Controllers\AdminDashboard))
#9 D:\Kumpulan Project IT\Project Web\koperasi-samara\system\CodeIgniter.php(354): CodeIgniter\CodeIgniter->handleRequest(NULL, Object(Config\Cache), false)
#10 D:\Kumpulan Project IT\Project Web\koperasi-samara\system\Boot.php(363): CodeIgniter\CodeIgniter->run()
#11 D:\Kumpulan Project IT\Project Web\koperasi-samara\system\Boot.php(68): CodeIgniter\Boot::runCodeIgniter(Object(CodeIgniter\CodeIgniter))
#12 D:\Kumpulan Project IT\Project Web\koperasi-samara\public\index.php(59): CodeIgniter\Boot::bootWeb(Object(Config\Paths))
#13 D:\Kumpulan Project IT\Project Web\koperasi-samara\system\rewrite.php(44): require_once('D:\\Kumpulan Pro...')
#14 {main}
CRITICAL - 2026-08-03 02:55:28 --> CodeIgniter\Database\Exceptions\DatabaseException: Column 'nama_lengkap' in where clause is ambiguous
[Method: GET, Route: admin/search-anggota]
in SYSTEMPATH\Database\BaseConnection.php on line 684.
 1 SYSTEMPATH\Database\BaseBuilder.php(1649): CodeIgniter\Database\BaseConnection->query('SELECT `anggota`.*, `users`.`id` AS `id_user`, `users`.`username` AS `username_user`
FROM `anggota`
LEFT JOIN `users` ON `users`.`id` = `anggota`.`id_anggota`
WHERE `nama_lengkap` LIKE :nama_lengkap: ESCAPE \'!\'
OR  `no_ktp` LIKE :no_ktp: ESCAPE \'!\'
 LIMIT 10', [...], false)
 2 SYSTEMPATH\Model.php(286): CodeIgniter\Database\BaseBuilder->get()
 3 SYSTEMPATH\BaseModel.php(677): CodeIgniter\Model->doFindAll(10, 0)
 4 APPPATH\Controllers\AdminDashboard.php(115): CodeIgniter\BaseModel->findAll(10)
 5 SYSTEMPATH\CodeIgniter.php(933): App\Controllers\AdminDashboard->searchAnggota()
 6 SYSTEMPATH\CodeIgniter.php(507): CodeIgniter\CodeIgniter->runController(Object(App\Controllers\AdminDashboard))
 7 SYSTEMPATH\CodeIgniter.php(354): CodeIgniter\CodeIgniter->handleRequest(null, Object(Config\Cache), false)
 8 SYSTEMPATH\Boot.php(363): CodeIgniter\CodeIgniter->run()
 9 SYSTEMPATH\Boot.php(68): CodeIgniter\Boot::runCodeIgniter(Object(CodeIgniter\CodeIgniter))
10 FCPATH\index.php(59): CodeIgniter\Boot::bootWeb(Object(Config\Paths))
11 SYSTEMPATH\rewrite.php(44): require_once('D:\\Kumpulan Project IT\\Project Web\\koperasi-samara\\public\\index.php')
CRITICAL - 2026-08-03 02:55:28 --> [Caused by] CodeIgniter\Database\Exceptions\DatabaseException: Column 'nama_lengkap' in where clause is ambiguous
in SYSTEMPATH\Database\MySQLi\Connection.php on line 332.
 1 SYSTEMPATH\Database\BaseConnection.php(729): CodeIgniter\Database\MySQLi\Connection->execute('SELECT `anggota`.*, `users`.`id` AS `id_user`, `users`.`username` AS `username_user`
FROM `anggota`
LEFT JOIN `users` ON `users`.`id` = `anggota`.`id_anggota`
WHERE `nama_lengkap` LIKE \'%zi%\' ESCAPE \'!\'
OR  `no_ktp` LIKE \'%zi%\' ESCAPE \'!\'
 LIMIT 10')
 2 SYSTEMPATH\Database\BaseConnection.php(646): CodeIgniter\Database\BaseConnection->simpleQuery('SELECT `anggota`.*, `users`.`id` AS `id_user`, `users`.`username` AS `username_user`
FROM `anggota`
LEFT JOIN `users` ON `users`.`id` = `anggota`.`id_anggota`
WHERE `nama_lengkap` LIKE \'%zi%\' ESCAPE \'!\'
OR  `no_ktp` LIKE \'%zi%\' ESCAPE \'!\'
 LIMIT 10')
 3 SYSTEMPATH\Database\BaseBuilder.php(1649): CodeIgniter\Database\BaseConnection->query('SELECT `anggota`.*, `users`.`id` AS `id_user`, `users`.`username` AS `username_user`
FROM `anggota`
LEFT JOIN `users` ON `users`.`id` = `anggota`.`id_anggota`
WHERE `nama_lengkap` LIKE :nama_lengkap: ESCAPE \'!\'
OR  `no_ktp` LIKE :no_ktp: ESCAPE \'!\'
 LIMIT 10', [...], false)
 4 SYSTEMPATH\Model.php(286): CodeIgniter\Database\BaseBuilder->get()
 5 SYSTEMPATH\BaseModel.php(677): CodeIgniter\Model->doFindAll(10, 0)
 6 APPPATH\Controllers\AdminDashboard.php(115): CodeIgniter\BaseModel->findAll(10)
 7 SYSTEMPATH\CodeIgniter.php(933): App\Controllers\AdminDashboard->searchAnggota()
 8 SYSTEMPATH\CodeIgniter.php(507): CodeIgniter\CodeIgniter->runController(Object(App\Controllers\AdminDashboard))
 9 SYSTEMPATH\CodeIgniter.php(354): CodeIgniter\CodeIgniter->handleRequest(null, Object(Config\Cache), false)
10 SYSTEMPATH\Boot.php(363): CodeIgniter\CodeIgniter->run()
11 SYSTEMPATH\Boot.php(68): CodeIgniter\Boot::runCodeIgniter(Object(CodeIgniter\CodeIgniter))
12 FCPATH\index.php(59): CodeIgniter\Boot::bootWeb(Object(Config\Paths))
13 SYSTEMPATH\rewrite.php(44): require_once('D:\\Kumpulan Project IT\\Project Web\\koperasi-samara\\public\\index.php')
CRITICAL - 2026-08-03 02:55:28 --> [Caused by] mysqli_sql_exception: Column 'nama_lengkap' in where clause is ambiguous
in SYSTEMPATH\Database\MySQLi\Connection.php on line 327.
 1 SYSTEMPATH\Database\MySQLi\Connection.php(327): mysqli->query('SELECT `anggota`.*, `users`.`id` AS `id_user`, `users`.`username` AS `username_user`
FROM `anggota`
LEFT JOIN `users` ON `users`.`id` = `anggota`.`id_anggota`
WHERE `nama_lengkap` LIKE \'%zi%\' ESCAPE \'!\'
OR  `no_ktp` LIKE \'%zi%\' ESCAPE \'!\'
 LIMIT 10', 0)
 2 SYSTEMPATH\Database\BaseConnection.php(729): CodeIgniter\Database\MySQLi\Connection->execute('SELECT `anggota`.*, `users`.`id` AS `id_user`, `users`.`username` AS `username_user`
FROM `anggota`
LEFT JOIN `users` ON `users`.`id` = `anggota`.`id_anggota`
WHERE `nama_lengkap` LIKE \'%zi%\' ESCAPE \'!\'
OR  `no_ktp` LIKE \'%zi%\' ESCAPE \'!\'
 LIMIT 10')
 3 SYSTEMPATH\Database\BaseConnection.php(646): CodeIgniter\Database\BaseConnection->simpleQuery('SELECT `anggota`.*, `users`.`id` AS `id_user`, `users`.`username` AS `username_user`
FROM `anggota`
LEFT JOIN `users` ON `users`.`id` = `anggota`.`id_anggota`
WHERE `nama_lengkap` LIKE \'%zi%\' ESCAPE \'!\'
OR  `no_ktp` LIKE \'%zi%\' ESCAPE \'!\'
 LIMIT 10')
 4 SYSTEMPATH\Database\BaseBuilder.php(1649): CodeIgniter\Database\BaseConnection->query('SELECT `anggota`.*, `users`.`id` AS `id_user`, `users`.`username` AS `username_user`
FROM `anggota`
LEFT JOIN `users` ON `users`.`id` = `anggota`.`id_anggota`
WHERE `nama_lengkap` LIKE :nama_lengkap: ESCAPE \'!\'
OR  `no_ktp` LIKE :no_ktp: ESCAPE \'!\'
 LIMIT 10', [...], false)
 5 SYSTEMPATH\Model.php(286): CodeIgniter\Database\BaseBuilder->get()
 6 SYSTEMPATH\BaseModel.php(677): CodeIgniter\Model->doFindAll(10, 0)
 7 APPPATH\Controllers\AdminDashboard.php(115): CodeIgniter\BaseModel->findAll(10)
 8 SYSTEMPATH\CodeIgniter.php(933): App\Controllers\AdminDashboard->searchAnggota()
 9 SYSTEMPATH\CodeIgniter.php(507): CodeIgniter\CodeIgniter->runController(Object(App\Controllers\AdminDashboard))
10 SYSTEMPATH\CodeIgniter.php(354): CodeIgniter\CodeIgniter->handleRequest(null, Object(Config\Cache), false)
11 SYSTEMPATH\Boot.php(363): CodeIgniter\CodeIgniter->run()
12 SYSTEMPATH\Boot.php(68): CodeIgniter\Boot::runCodeIgniter(Object(CodeIgniter\CodeIgniter))
13 FCPATH\index.php(59): CodeIgniter\Boot::bootWeb(Object(Config\Paths))
14 SYSTEMPATH\rewrite.php(44): require_once('D:\\Kumpulan Project IT\\Project Web\\koperasi-samara\\public\\index.php')
DEBUG - 2026-08-03 02:55:28 --> Session: Class initialized using 'CodeIgniter\Session\Handlers\FileHandler' driver.
ERROR - 2026-08-03 02:55:28 --> mysqli_sql_exception: Column 'nama_lengkap' in where clause is ambiguous in D:\Kumpulan Project IT\Project Web\koperasi-samara\system\Database\MySQLi\Connection.php:327
Stack trace:
#0 D:\Kumpulan Project IT\Project Web\koperasi-samara\system\Database\MySQLi\Connection.php(327): mysqli->query('SELECT `anggota...', 0)
#1 D:\Kumpulan Project IT\Project Web\koperasi-samara\system\Database\BaseConnection.php(729): CodeIgniter\Database\MySQLi\Connection->execute('SELECT `anggota...')
#2 D:\Kumpulan Project IT\Project Web\koperasi-samara\system\Database\BaseConnection.php(646): CodeIgniter\Database\BaseConnection->simpleQuery('SELECT `anggota...')
#3 D:\Kumpulan Project IT\Project Web\koperasi-samara\system\Database\BaseBuilder.php(1649): CodeIgniter\Database\BaseConnection->query('SELECT `anggota...', Array, false)
#4 D:\Kumpulan Project IT\Project Web\koperasi-samara\system\Model.php(286): CodeIgniter\Database\BaseBuilder->get()
#5 D:\Kumpulan Project IT\Project Web\koperasi-samara\system\BaseModel.php(677): CodeIgniter\Model->doFindAll(10, 0)
#6 D:\Kumpulan Project IT\Project Web\koperasi-samara\app\Controllers\AdminDashboard.php(115): CodeIgniter\BaseModel->findAll(10)
#7 D:\Kumpulan Project IT\Project Web\koperasi-samara\system\CodeIgniter.php(933): App\Controllers\AdminDashboard->searchAnggota()
#8 D:\Kumpulan Project IT\Project Web\koperasi-samara\system\CodeIgniter.php(507): CodeIgniter\CodeIgniter->runController(Object(App\Controllers\AdminDashboard))
#9 D:\Kumpulan Project IT\Project Web\koperasi-samara\system\CodeIgniter.php(354): CodeIgniter\CodeIgniter->handleRequest(NULL, Object(Config\Cache), false)
#10 D:\Kumpulan Project IT\Project Web\koperasi-samara\system\Boot.php(363): CodeIgniter\CodeIgniter->run()
#11 D:\Kumpulan Project IT\Project Web\koperasi-samara\system\Boot.php(68): CodeIgniter\Boot::runCodeIgniter(Object(CodeIgniter\CodeIgniter))
#12 D:\Kumpulan Project IT\Project Web\koperasi-samara\public\index.php(59): CodeIgniter\Boot::bootWeb(Object(Config\Paths))
#13 D:\Kumpulan Project IT\Project Web\koperasi-samara\system\rewrite.php(44): require_once('D:\\Kumpulan Pro...')
#14 {main}
CRITICAL - 2026-08-03 02:55:28 --> CodeIgniter\Database\Exceptions\DatabaseException: Column 'nama_lengkap' in where clause is ambiguous
[Method: GET, Route: admin/search-anggota]
in SYSTEMPATH\Database\BaseConnection.php on line 684.
 1 SYSTEMPATH\Database\BaseBuilder.php(1649): CodeIgniter\Database\BaseConnection->query('SELECT `anggota`.*, `users`.`id` AS `id_user`, `users`.`username` AS `username_user`
FROM `anggota`
LEFT JOIN `users` ON `users`.`id` = `anggota`.`id_anggota`
WHERE `nama_lengkap` LIKE :nama_lengkap: ESCAPE \'!\'
OR  `no_ktp` LIKE :no_ktp: ESCAPE \'!\'
 LIMIT 10', [...], false)
 2 SYSTEMPATH\Model.php(286): CodeIgniter\Database\BaseBuilder->get()
 3 SYSTEMPATH\BaseModel.php(677): CodeIgniter\Model->doFindAll(10, 0)
 4 APPPATH\Controllers\AdminDashboard.php(115): CodeIgniter\BaseModel->findAll(10)
 5 SYSTEMPATH\CodeIgniter.php(933): App\Controllers\AdminDashboard->searchAnggota()
 6 SYSTEMPATH\CodeIgniter.php(507): CodeIgniter\CodeIgniter->runController(Object(App\Controllers\AdminDashboard))
 7 SYSTEMPATH\CodeIgniter.php(354): CodeIgniter\CodeIgniter->handleRequest(null, Object(Config\Cache), false)
 8 SYSTEMPATH\Boot.php(363): CodeIgniter\CodeIgniter->run()
 9 SYSTEMPATH\Boot.php(68): CodeIgniter\Boot::runCodeIgniter(Object(CodeIgniter\CodeIgniter))
10 FCPATH\index.php(59): CodeIgniter\Boot::bootWeb(Object(Config\Paths))
11 SYSTEMPATH\rewrite.php(44): require_once('D:\\Kumpulan Project IT\\Project Web\\koperasi-samara\\public\\index.php')
CRITICAL - 2026-08-03 02:55:28 --> [Caused by] CodeIgniter\Database\Exceptions\DatabaseException: Column 'nama_lengkap' in where clause is ambiguous
in SYSTEMPATH\Database\MySQLi\Connection.php on line 332.
 1 SYSTEMPATH\Database\BaseConnection.php(729): CodeIgniter\Database\MySQLi\Connection->execute('SELECT `anggota`.*, `users`.`id` AS `id_user`, `users`.`username` AS `username_user`
FROM `anggota`
LEFT JOIN `users` ON `users`.`id` = `anggota`.`id_anggota`
WHERE `nama_lengkap` LIKE \'%z%\' ESCAPE \'!\'
OR  `no_ktp` LIKE \'%z%\' ESCAPE \'!\'
 LIMIT 10')
 2 SYSTEMPATH\Database\BaseConnection.php(646): CodeIgniter\Database\BaseConnection->simpleQuery('SELECT `anggota`.*, `users`.`id` AS `id_user`, `users`.`username` AS `username_user`
FROM `anggota`
LEFT JOIN `users` ON `users`.`id` = `anggota`.`id_anggota`
WHERE `nama_lengkap` LIKE \'%z%\' ESCAPE \'!\'
OR  `no_ktp` LIKE \'%z%\' ESCAPE \'!\'
 LIMIT 10')
 3 SYSTEMPATH\Database\BaseBuilder.php(1649): CodeIgniter\Database\BaseConnection->query('SELECT `anggota`.*, `users`.`id` AS `id_user`, `users`.`username` AS `username_user`
FROM `anggota`
LEFT JOIN `users` ON `users`.`id` = `anggota`.`id_anggota`
WHERE `nama_lengkap` LIKE :nama_lengkap: ESCAPE \'!\'
OR  `no_ktp` LIKE :no_ktp: ESCAPE \'!\'
 LIMIT 10', [...], false)
 4 SYSTEMPATH\Model.php(286): CodeIgniter\Database\BaseBuilder->get()
 5 SYSTEMPATH\BaseModel.php(677): CodeIgniter\Model->doFindAll(10, 0)
 6 APPPATH\Controllers\AdminDashboard.php(115): CodeIgniter\BaseModel->findAll(10)
 7 SYSTEMPATH\CodeIgniter.php(933): App\Controllers\AdminDashboard->searchAnggota()
 8 SYSTEMPATH\CodeIgniter.php(507): CodeIgniter\CodeIgniter->runController(Object(App\Controllers\AdminDashboard))
 9 SYSTEMPATH\CodeIgniter.php(354): CodeIgniter\CodeIgniter->handleRequest(null, Object(Config\Cache), false)
10 SYSTEMPATH\Boot.php(363): CodeIgniter\CodeIgniter->run()
11 SYSTEMPATH\Boot.php(68): CodeIgniter\Boot::runCodeIgniter(Object(CodeIgniter\CodeIgniter))
12 FCPATH\index.php(59): CodeIgniter\Boot::bootWeb(Object(Config\Paths))
13 SYSTEMPATH\rewrite.php(44): require_once('D:\\Kumpulan Project IT\\Project Web\\koperasi-samara\\public\\index.php')
CRITICAL - 2026-08-03 02:55:28 --> [Caused by] mysqli_sql_exception: Column 'nama_lengkap' in where clause is ambiguous
in SYSTEMPATH\Database\MySQLi\Connection.php on line 327.
 1 SYSTEMPATH\Database\MySQLi\Connection.php(327): mysqli->query('SELECT `anggota`.*, `users`.`id` AS `id_user`, `users`.`username` AS `username_user`
FROM `anggota`
LEFT JOIN `users` ON `users`.`id` = `anggota`.`id_anggota`
WHERE `nama_lengkap` LIKE \'%z%\' ESCAPE \'!\'
OR  `no_ktp` LIKE \'%z%\' ESCAPE \'!\'
 LIMIT 10', 0)
 2 SYSTEMPATH\Database\BaseConnection.php(729): CodeIgniter\Database\MySQLi\Connection->execute('SELECT `anggota`.*, `users`.`id` AS `id_user`, `users`.`username` AS `username_user`
FROM `anggota`
LEFT JOIN `users` ON `users`.`id` = `anggota`.`id_anggota`
WHERE `nama_lengkap` LIKE \'%z%\' ESCAPE \'!\'
OR  `no_ktp` LIKE \'%z%\' ESCAPE \'!\'
 LIMIT 10')
 3 SYSTEMPATH\Database\BaseConnection.php(646): CodeIgniter\Database\BaseConnection->simpleQuery('SELECT `anggota`.*, `users`.`id` AS `id_user`, `users`.`username` AS `username_user`
FROM `anggota`
LEFT JOIN `users` ON `users`.`id` = `anggota`.`id_anggota`
WHERE `nama_lengkap` LIKE \'%z%\' ESCAPE \'!\'
OR  `no_ktp` LIKE \'%z%\' ESCAPE \'!\'
 LIMIT 10')
 4 SYSTEMPATH\Database\BaseBuilder.php(1649): CodeIgniter\Database\BaseConnection->query('SELECT `anggota`.*, `users`.`id` AS `id_user`, `users`.`username` AS `username_user`
FROM `anggota`
LEFT JOIN `users` ON `users`.`id` = `anggota`.`id_anggota`
WHERE `nama_lengkap` LIKE :nama_lengkap: ESCAPE \'!\'
OR  `no_ktp` LIKE :no_ktp: ESCAPE \'!\'
 LIMIT 10', [...], false)
 5 SYSTEMPATH\Model.php(286): CodeIgniter\Database\BaseBuilder->get()
 6 SYSTEMPATH\BaseModel.php(677): CodeIgniter\Model->doFindAll(10, 0)
 7 APPPATH\Controllers\AdminDashboard.php(115): CodeIgniter\BaseModel->findAll(10)
 8 SYSTEMPATH\CodeIgniter.php(933): App\Controllers\AdminDashboard->searchAnggota()
 9 SYSTEMPATH\CodeIgniter.php(507): CodeIgniter\CodeIgniter->runController(Object(App\Controllers\AdminDashboard))
10 SYSTEMPATH\CodeIgniter.php(354): CodeIgniter\CodeIgniter->handleRequest(null, Object(Config\Cache), false)
11 SYSTEMPATH\Boot.php(363): CodeIgniter\CodeIgniter->run()
12 SYSTEMPATH\Boot.php(68): CodeIgniter\Boot::runCodeIgniter(Object(CodeIgniter\CodeIgniter))
13 FCPATH\index.php(59): CodeIgniter\Boot::bootWeb(Object(Config\Paths))
14 SYSTEMPATH\rewrite.php(44): require_once('D:\\Kumpulan Project IT\\Project Web\\koperasi-samara\\public\\index.php')
DEBUG - 2026-08-03 02:55:31 --> Session: Class initialized using 'CodeIgniter\Session\Handlers\FileHandler' driver.
ERROR - 2026-08-03 02:55:31 --> mysqli_sql_exception: Column 'nama_lengkap' in where clause is ambiguous in D:\Kumpulan Project IT\Project Web\koperasi-samara\system\Database\MySQLi\Connection.php:327
Stack trace:
#0 D:\Kumpulan Project IT\Project Web\koperasi-samara\system\Database\MySQLi\Connection.php(327): mysqli->query('SELECT `anggota...', 0)
#1 D:\Kumpulan Project IT\Project Web\koperasi-samara\system\Database\BaseConnection.php(729): CodeIgniter\Database\MySQLi\Connection->execute('SELECT `anggota...')
#2 D:\Kumpulan Project IT\Project Web\koperasi-samara\system\Database\BaseConnection.php(646): CodeIgniter\Database\BaseConnection->simpleQuery('SELECT `anggota...')
#3 D:\Kumpulan Project IT\Project Web\koperasi-samara\system\Database\BaseBuilder.php(1649): CodeIgniter\Database\BaseConnection->query('SELECT `anggota...', Array, false)
#4 D:\Kumpulan Project IT\Project Web\koperasi-samara\system\Model.php(286): CodeIgniter\Database\BaseBuilder->get()
#5 D:\Kumpulan Project IT\Project Web\koperasi-samara\system\BaseModel.php(677): CodeIgniter\Model->doFindAll(10, 0)
#6 D:\Kumpulan Project IT\Project Web\koperasi-samara\app\Controllers\AdminDashboard.php(115): CodeIgniter\BaseModel->findAll(10)
#7 D:\Kumpulan Project IT\Project Web\koperasi-samara\system\CodeIgniter.php(933): App\Controllers\AdminDashboard->searchAnggota()
#8 D:\Kumpulan Project IT\Project Web\koperasi-samara\system\CodeIgniter.php(507): CodeIgniter\CodeIgniter->runController(Object(App\Controllers\AdminDashboard))
#9 D:\Kumpulan Project IT\Project Web\koperasi-samara\system\CodeIgniter.php(354): CodeIgniter\CodeIgniter->handleRequest(NULL, Object(Config\Cache), false)
#10 D:\Kumpulan Project IT\Project Web\koperasi-samara\system\Boot.php(363): CodeIgniter\CodeIgniter->run()
#11 D:\Kumpulan Project IT\Project Web\koperasi-samara\system\Boot.php(68): CodeIgniter\Boot::runCodeIgniter(Object(CodeIgniter\CodeIgniter))
#12 D:\Kumpulan Project IT\Project Web\koperasi-samara\public\index.php(59): CodeIgniter\Boot::bootWeb(Object(Config\Paths))
#13 D:\Kumpulan Project IT\Project Web\koperasi-samara\system\rewrite.php(44): require_once('D:\\Kumpulan Pro...')
#14 {main}
CRITICAL - 2026-08-03 02:55:31 --> CodeIgniter\Database\Exceptions\DatabaseException: Column 'nama_lengkap' in where clause is ambiguous
[Method: GET, Route: admin/search-anggota]
in SYSTEMPATH\Database\BaseConnection.php on line 684.
 1 SYSTEMPATH\Database\BaseBuilder.php(1649): CodeIgniter\Database\BaseConnection->query('SELECT `anggota`.*, `users`.`id` AS `id_user`, `users`.`username` AS `username_user`
FROM `anggota`
LEFT JOIN `users` ON `users`.`id` = `anggota`.`id_anggota`
WHERE `nama_lengkap` LIKE :nama_lengkap: ESCAPE \'!\'
OR  `no_ktp` LIKE :no_ktp: ESCAPE \'!\'
 LIMIT 10', [...], false)
 2 SYSTEMPATH\Model.php(286): CodeIgniter\Database\BaseBuilder->get()
 3 SYSTEMPATH\BaseModel.php(677): CodeIgniter\Model->doFindAll(10, 0)
 4 APPPATH\Controllers\AdminDashboard.php(115): CodeIgniter\BaseModel->findAll(10)
 5 SYSTEMPATH\CodeIgniter.php(933): App\Controllers\AdminDashboard->searchAnggota()
 6 SYSTEMPATH\CodeIgniter.php(507): CodeIgniter\CodeIgniter->runController(Object(App\Controllers\AdminDashboard))
 7 SYSTEMPATH\CodeIgniter.php(354): CodeIgniter\CodeIgniter->handleRequest(null, Object(Config\Cache), false)
 8 SYSTEMPATH\Boot.php(363): CodeIgniter\CodeIgniter->run()
 9 SYSTEMPATH\Boot.php(68): CodeIgniter\Boot::runCodeIgniter(Object(CodeIgniter\CodeIgniter))
10 FCPATH\index.php(59): CodeIgniter\Boot::bootWeb(Object(Config\Paths))
11 SYSTEMPATH\rewrite.php(44): require_once('D:\\Kumpulan Project IT\\Project Web\\koperasi-samara\\public\\index.php')
CRITICAL - 2026-08-03 02:55:31 --> [Caused by] CodeIgniter\Database\Exceptions\DatabaseException: Column 'nama_lengkap' in where clause is ambiguous
in SYSTEMPATH\Database\MySQLi\Connection.php on line 332.
 1 SYSTEMPATH\Database\BaseConnection.php(729): CodeIgniter\Database\MySQLi\Connection->execute('SELECT `anggota`.*, `users`.`id` AS `id_user`, `users`.`username` AS `username_user`
FROM `anggota`
LEFT JOIN `users` ON `users`.`id` = `anggota`.`id_anggota`
WHERE `nama_lengkap` LIKE \'%z%\' ESCAPE \'!\'
OR  `no_ktp` LIKE \'%z%\' ESCAPE \'!\'
 LIMIT 10')
 2 SYSTEMPATH\Database\BaseConnection.php(646): CodeIgniter\Database\BaseConnection->simpleQuery('SELECT `anggota`.*, `users`.`id` AS `id_user`, `users`.`username` AS `username_user`
FROM `anggota`
LEFT JOIN `users` ON `users`.`id` = `anggota`.`id_anggota`
WHERE `nama_lengkap` LIKE \'%z%\' ESCAPE \'!\'
OR  `no_ktp` LIKE \'%z%\' ESCAPE \'!\'
 LIMIT 10')
 3 SYSTEMPATH\Database\BaseBuilder.php(1649): CodeIgniter\Database\BaseConnection->query('SELECT `anggota`.*, `users`.`id` AS `id_user`, `users`.`username` AS `username_user`
FROM `anggota`
LEFT JOIN `users` ON `users`.`id` = `anggota`.`id_anggota`
WHERE `nama_lengkap` LIKE :nama_lengkap: ESCAPE \'!\'
OR  `no_ktp` LIKE :no_ktp: ESCAPE \'!\'
 LIMIT 10', [...], false)
 4 SYSTEMPATH\Model.php(286): CodeIgniter\Database\BaseBuilder->get()
 5 SYSTEMPATH\BaseModel.php(677): CodeIgniter\Model->doFindAll(10, 0)
 6 APPPATH\Controllers\AdminDashboard.php(115): CodeIgniter\BaseModel->findAll(10)
 7 SYSTEMPATH\CodeIgniter.php(933): App\Controllers\AdminDashboard->searchAnggota()
 8 SYSTEMPATH\CodeIgniter.php(507): CodeIgniter\CodeIgniter->runController(Object(App\Controllers\AdminDashboard))
 9 SYSTEMPATH\CodeIgniter.php(354): CodeIgniter\CodeIgniter->handleRequest(null, Object(Config\Cache), false)
10 SYSTEMPATH\Boot.php(363): CodeIgniter\CodeIgniter->run()
11 SYSTEMPATH\Boot.php(68): CodeIgniter\Boot::runCodeIgniter(Object(CodeIgniter\CodeIgniter))
12 FCPATH\index.php(59): CodeIgniter\Boot::bootWeb(Object(Config\Paths))
13 SYSTEMPATH\rewrite.php(44): require_once('D:\\Kumpulan Project IT\\Project Web\\koperasi-samara\\public\\index.php')
CRITICAL - 2026-08-03 02:55:31 --> [Caused by] mysqli_sql_exception: Column 'nama_lengkap' in where clause is ambiguous
in SYSTEMPATH\Database\MySQLi\Connection.php on line 327.
 1 SYSTEMPATH\Database\MySQLi\Connection.php(327): mysqli->query('SELECT `anggota`.*, `users`.`id` AS `id_user`, `users`.`username` AS `username_user`
FROM `anggota`
LEFT JOIN `users` ON `users`.`id` = `anggota`.`id_anggota`
WHERE `nama_lengkap` LIKE \'%z%\' ESCAPE \'!\'
OR  `no_ktp` LIKE \'%z%\' ESCAPE \'!\'
 LIMIT 10', 0)
 2 SYSTEMPATH\Database\BaseConnection.php(729): CodeIgniter\Database\MySQLi\Connection->execute('SELECT `anggota`.*, `users`.`id` AS `id_user`, `users`.`username` AS `username_user`
FROM `anggota`
LEFT JOIN `users` ON `users`.`id` = `anggota`.`id_anggota`
WHERE `nama_lengkap` LIKE \'%z%\' ESCAPE \'!\'
OR  `no_ktp` LIKE \'%z%\' ESCAPE \'!\'
 LIMIT 10')
 3 SYSTEMPATH\Database\BaseConnection.php(646): CodeIgniter\Database\BaseConnection->simpleQuery('SELECT `anggota`.*, `users`.`id` AS `id_user`, `users`.`username` AS `username_user`
FROM `anggota`
LEFT JOIN `users` ON `users`.`id` = `anggota`.`id_anggota`
WHERE `nama_lengkap` LIKE \'%z%\' ESCAPE \'!\'
OR  `no_ktp` LIKE \'%z%\' ESCAPE \'!\'
 LIMIT 10')
 4 SYSTEMPATH\Database\BaseBuilder.php(1649): CodeIgniter\Database\BaseConnection->query('SELECT `anggota`.*, `users`.`id` AS `id_user`, `users`.`username` AS `username_user`
FROM `anggota`
LEFT JOIN `users` ON `users`.`id` = `anggota`.`id_anggota`
WHERE `nama_lengkap` LIKE :nama_lengkap: ESCAPE \'!\'
OR  `no_ktp` LIKE :no_ktp: ESCAPE \'!\'
 LIMIT 10', [...], false)
 5 SYSTEMPATH\Model.php(286): CodeIgniter\Database\BaseBuilder->get()
 6 SYSTEMPATH\BaseModel.php(677): CodeIgniter\Model->doFindAll(10, 0)
 7 APPPATH\Controllers\AdminDashboard.php(115): CodeIgniter\BaseModel->findAll(10)
 8 SYSTEMPATH\CodeIgniter.php(933): App\Controllers\AdminDashboard->searchAnggota()
 9 SYSTEMPATH\CodeIgniter.php(507): CodeIgniter\CodeIgniter->runController(Object(App\Controllers\AdminDashboard))
10 SYSTEMPATH\CodeIgniter.php(354): CodeIgniter\CodeIgniter->handleRequest(null, Object(Config\Cache), false)
11 SYSTEMPATH\Boot.php(363): CodeIgniter\CodeIgniter->run()
12 SYSTEMPATH\Boot.php(68): CodeIgniter\Boot::runCodeIgniter(Object(CodeIgniter\CodeIgniter))
13 FCPATH\index.php(59): CodeIgniter\Boot::bootWeb(Object(Config\Paths))
14 SYSTEMPATH\rewrite.php(44): require_once('D:\\Kumpulan Project IT\\Project Web\\koperasi-samara\\public\\index.php')
DEBUG - 2026-08-03 02:55:33 --> Session: Class initialized using 'CodeIgniter\Session\Handlers\FileHandler' driver.
DEBUG - 2026-08-03 02:55:37 --> Session: Class initialized using 'CodeIgniter\Session\Handlers\FileHandler' driver.
ERROR - 2026-08-03 02:55:37 --> mysqli_sql_exception: Column 'nama_lengkap' in where clause is ambiguous in D:\Kumpulan Project IT\Project Web\koperasi-samara\system\Database\MySQLi\Connection.php:327
Stack trace:
#0 D:\Kumpulan Project IT\Project Web\koperasi-samara\system\Database\MySQLi\Connection.php(327): mysqli->query('SELECT `anggota...', 0)
#1 D:\Kumpulan Project IT\Project Web\koperasi-samara\system\Database\BaseConnection.php(729): CodeIgniter\Database\MySQLi\Connection->execute('SELECT `anggota...')
#2 D:\Kumpulan Project IT\Project Web\koperasi-samara\system\Database\BaseConnection.php(646): CodeIgniter\Database\BaseConnection->simpleQuery('SELECT `anggota...')
#3 D:\Kumpulan Project IT\Project Web\koperasi-samara\system\Database\BaseBuilder.php(1649): CodeIgniter\Database\BaseConnection->query('SELECT `anggota...', Array, false)
#4 D:\Kumpulan Project IT\Project Web\koperasi-samara\system\Model.php(286): CodeIgniter\Database\BaseBuilder->get()
#5 D:\Kumpulan Project IT\Project Web\koperasi-samara\system\BaseModel.php(677): CodeIgniter\Model->doFindAll(10, 0)
#6 D:\Kumpulan Project IT\Project Web\koperasi-samara\app\Controllers\AdminDashboard.php(115): CodeIgniter\BaseModel->findAll(10)
#7 D:\Kumpulan Project IT\Project Web\koperasi-samara\system\CodeIgniter.php(933): App\Controllers\AdminDashboard->searchAnggota()
#8 D:\Kumpulan Project IT\Project Web\koperasi-samara\system\CodeIgniter.php(507): CodeIgniter\CodeIgniter->runController(Object(App\Controllers\AdminDashboard))
#9 D:\Kumpulan Project IT\Project Web\koperasi-samara\system\CodeIgniter.php(354): CodeIgniter\CodeIgniter->handleRequest(NULL, Object(Config\Cache), false)
#10 D:\Kumpulan Project IT\Project Web\koperasi-samara\system\Boot.php(363): CodeIgniter\CodeIgniter->run()
#11 D:\Kumpulan Project IT\Project Web\koperasi-samara\system\Boot.php(68): CodeIgniter\Boot::runCodeIgniter(Object(CodeIgniter\CodeIgniter))
#12 D:\Kumpulan Project IT\Project Web\koperasi-samara\public\index.php(59): CodeIgniter\Boot::bootWeb(Object(Config\Paths))
#13 D:\Kumpulan Project IT\Project Web\koperasi-samara\system\rewrite.php(44): require_once('D:\\Kumpulan Pro...')
#14 {main}
CRITICAL - 2026-08-03 02:55:37 --> CodeIgniter\Database\Exceptions\DatabaseException: Column 'nama_lengkap' in where clause is ambiguous
[Method: GET, Route: admin/search-anggota]
in SYSTEMPATH\Database\BaseConnection.php on line 684.
 1 SYSTEMPATH\Database\BaseBuilder.php(1649): CodeIgniter\Database\BaseConnection->query('SELECT `anggota`.*, `users`.`id` AS `id_user`, `users`.`username` AS `username_user`
FROM `anggota`
LEFT JOIN `users` ON `users`.`id` = `anggota`.`id_anggota`
WHERE `nama_lengkap` LIKE :nama_lengkap: ESCAPE \'!\'
OR  `no_ktp` LIKE :no_ktp: ESCAPE \'!\'
 LIMIT 10', [...], false)
 2 SYSTEMPATH\Model.php(286): CodeIgniter\Database\BaseBuilder->get()
 3 SYSTEMPATH\BaseModel.php(677): CodeIgniter\Model->doFindAll(10, 0)
 4 APPPATH\Controllers\AdminDashboard.php(115): CodeIgniter\BaseModel->findAll(10)
 5 SYSTEMPATH\CodeIgniter.php(933): App\Controllers\AdminDashboard->searchAnggota()
 6 SYSTEMPATH\CodeIgniter.php(507): CodeIgniter\CodeIgniter->runController(Object(App\Controllers\AdminDashboard))
 7 SYSTEMPATH\CodeIgniter.php(354): CodeIgniter\CodeIgniter->handleRequest(null, Object(Config\Cache), false)
 8 SYSTEMPATH\Boot.php(363): CodeIgniter\CodeIgniter->run()
 9 SYSTEMPATH\Boot.php(68): CodeIgniter\Boot::runCodeIgniter(Object(CodeIgniter\CodeIgniter))
10 FCPATH\index.php(59): CodeIgniter\Boot::bootWeb(Object(Config\Paths))
11 SYSTEMPATH\rewrite.php(44): require_once('D:\\Kumpulan Project IT\\Project Web\\koperasi-samara\\public\\index.php')
CRITICAL - 2026-08-03 02:55:37 --> [Caused by] CodeIgniter\Database\Exceptions\DatabaseException: Column 'nama_lengkap' in where clause is ambiguous
in SYSTEMPATH\Database\MySQLi\Connection.php on line 332.
 1 SYSTEMPATH\Database\BaseConnection.php(729): CodeIgniter\Database\MySQLi\Connection->execute('SELECT `anggota`.*, `users`.`id` AS `id_user`, `users`.`username` AS `username_user`
FROM `anggota`
LEFT JOIN `users` ON `users`.`id` = `anggota`.`id_anggota`
WHERE `nama_lengkap` LIKE \'%z%\' ESCAPE \'!\'
OR  `no_ktp` LIKE \'%z%\' ESCAPE \'!\'
 LIMIT 10')
 2 SYSTEMPATH\Database\BaseConnection.php(646): CodeIgniter\Database\BaseConnection->simpleQuery('SELECT `anggota`.*, `users`.`id` AS `id_user`, `users`.`username` AS `username_user`
FROM `anggota`
LEFT JOIN `users` ON `users`.`id` = `anggota`.`id_anggota`
WHERE `nama_lengkap` LIKE \'%z%\' ESCAPE \'!\'
OR  `no_ktp` LIKE \'%z%\' ESCAPE \'!\'
 LIMIT 10')
 3 SYSTEMPATH\Database\BaseBuilder.php(1649): CodeIgniter\Database\BaseConnection->query('SELECT `anggota`.*, `users`.`id` AS `id_user`, `users`.`username` AS `username_user`
FROM `anggota`
LEFT JOIN `users` ON `users`.`id` = `anggota`.`id_anggota`
WHERE `nama_lengkap` LIKE :nama_lengkap: ESCAPE \'!\'
OR  `no_ktp` LIKE :no_ktp: ESCAPE \'!\'
 LIMIT 10', [...], false)
 4 SYSTEMPATH\Model.php(286): CodeIgniter\Database\BaseBuilder->get()
 5 SYSTEMPATH\BaseModel.php(677): CodeIgniter\Model->doFindAll(10, 0)
 6 APPPATH\Controllers\AdminDashboard.php(115): CodeIgniter\BaseModel->findAll(10)
 7 SYSTEMPATH\CodeIgniter.php(933): App\Controllers\AdminDashboard->searchAnggota()
 8 SYSTEMPATH\CodeIgniter.php(507): CodeIgniter\CodeIgniter->runController(Object(App\Controllers\AdminDashboard))
 9 SYSTEMPATH\CodeIgniter.php(354): CodeIgniter\CodeIgniter->handleRequest(null, Object(Config\Cache), false)
10 SYSTEMPATH\Boot.php(363): CodeIgniter\CodeIgniter->run()
11 SYSTEMPATH\Boot.php(68): CodeIgniter\Boot::runCodeIgniter(Object(CodeIgniter\CodeIgniter))
12 FCPATH\index.php(59): CodeIgniter\Boot::bootWeb(Object(Config\Paths))
13 SYSTEMPATH\rewrite.php(44): require_once('D:\\Kumpulan Project IT\\Project Web\\koperasi-samara\\public\\index.php')
CRITICAL - 2026-08-03 02:55:37 --> [Caused by] mysqli_sql_exception: Column 'nama_lengkap' in where clause is ambiguous
in SYSTEMPATH\Database\MySQLi\Connection.php on line 327.
 1 SYSTEMPATH\Database\MySQLi\Connection.php(327): mysqli->query('SELECT `anggota`.*, `users`.`id` AS `id_user`, `users`.`username` AS `username_user`
FROM `anggota`
LEFT JOIN `users` ON `users`.`id` = `anggota`.`id_anggota`
WHERE `nama_lengkap` LIKE \'%z%\' ESCAPE \'!\'
OR  `no_ktp` LIKE \'%z%\' ESCAPE \'!\'
 LIMIT 10', 0)
 2 SYSTEMPATH\Database\BaseConnection.php(729): CodeIgniter\Database\MySQLi\Connection->execute('SELECT `anggota`.*, `users`.`id` AS `id_user`, `users`.`username` AS `username_user`
FROM `anggota`
LEFT JOIN `users` ON `users`.`id` = `anggota`.`id_anggota`
WHERE `nama_lengkap` LIKE \'%z%\' ESCAPE \'!\'
OR  `no_ktp` LIKE \'%z%\' ESCAPE \'!\'
 LIMIT 10')
 3 SYSTEMPATH\Database\BaseConnection.php(646): CodeIgniter\Database\BaseConnection->simpleQuery('SELECT `anggota`.*, `users`.`id` AS `id_user`, `users`.`username` AS `username_user`
FROM `anggota`
LEFT JOIN `users` ON `users`.`id` = `anggota`.`id_anggota`
WHERE `nama_lengkap` LIKE \'%z%\' ESCAPE \'!\'
OR  `no_ktp` LIKE \'%z%\' ESCAPE \'!\'
 LIMIT 10')
 4 SYSTEMPATH\Database\BaseBuilder.php(1649): CodeIgniter\Database\BaseConnection->query('SELECT `anggota`.*, `users`.`id` AS `id_user`, `users`.`username` AS `username_user`
FROM `anggota`
LEFT JOIN `users` ON `users`.`id` = `anggota`.`id_anggota`
WHERE `nama_lengkap` LIKE :nama_lengkap: ESCAPE \'!\'
OR  `no_ktp` LIKE :no_ktp: ESCAPE \'!\'
 LIMIT 10', [...], false)
 5 SYSTEMPATH\Model.php(286): CodeIgniter\Database\BaseBuilder->get()
 6 SYSTEMPATH\BaseModel.php(677): CodeIgniter\Model->doFindAll(10, 0)
 7 APPPATH\Controllers\AdminDashboard.php(115): CodeIgniter\BaseModel->findAll(10)
 8 SYSTEMPATH\CodeIgniter.php(933): App\Controllers\AdminDashboard->searchAnggota()
 9 SYSTEMPATH\CodeIgniter.php(507): CodeIgniter\CodeIgniter->runController(Object(App\Controllers\AdminDashboard))
10 SYSTEMPATH\CodeIgniter.php(354): CodeIgniter\CodeIgniter->handleRequest(null, Object(Config\Cache), false)
11 SYSTEMPATH\Boot.php(363): CodeIgniter\CodeIgniter->run()
12 SYSTEMPATH\Boot.php(68): CodeIgniter\Boot::runCodeIgniter(Object(CodeIgniter\CodeIgniter))
13 FCPATH\index.php(59): CodeIgniter\Boot::bootWeb(Object(Config\Paths))
14 SYSTEMPATH\rewrite.php(44): require_once('D:\\Kumpulan Project IT\\Project Web\\koperasi-samara\\public\\index.php')
DEBUG - 2026-08-03 02:55:37 --> Session: Class initialized using 'CodeIgniter\Session\Handlers\FileHandler' driver.
ERROR - 2026-08-03 02:55:37 --> mysqli_sql_exception: Column 'nama_lengkap' in where clause is ambiguous in D:\Kumpulan Project IT\Project Web\koperasi-samara\system\Database\MySQLi\Connection.php:327
Stack trace:
#0 D:\Kumpulan Project IT\Project Web\koperasi-samara\system\Database\MySQLi\Connection.php(327): mysqli->query('SELECT `anggota...', 0)
#1 D:\Kumpulan Project IT\Project Web\koperasi-samara\system\Database\BaseConnection.php(729): CodeIgniter\Database\MySQLi\Connection->execute('SELECT `anggota...')
#2 D:\Kumpulan Project IT\Project Web\koperasi-samara\system\Database\BaseConnection.php(646): CodeIgniter\Database\BaseConnection->simpleQuery('SELECT `anggota...')
#3 D:\Kumpulan Project IT\Project Web\koperasi-samara\system\Database\BaseBuilder.php(1649): CodeIgniter\Database\BaseConnection->query('SELECT `anggota...', Array, false)
#4 D:\Kumpulan Project IT\Project Web\koperasi-samara\system\Model.php(286): CodeIgniter\Database\BaseBuilder->get()
#5 D:\Kumpulan Project IT\Project Web\koperasi-samara\system\BaseModel.php(677): CodeIgniter\Model->doFindAll(10, 0)
#6 D:\Kumpulan Project IT\Project Web\koperasi-samara\app\Controllers\AdminDashboard.php(115): CodeIgniter\BaseModel->findAll(10)
#7 D:\Kumpulan Project IT\Project Web\koperasi-samara\system\CodeIgniter.php(933): App\Controllers\AdminDashboard->searchAnggota()
#8 D:\Kumpulan Project IT\Project Web\koperasi-samara\system\CodeIgniter.php(507): CodeIgniter\CodeIgniter->runController(Object(App\Controllers\AdminDashboard))
#9 D:\Kumpulan Project IT\Project Web\koperasi-samara\system\CodeIgniter.php(354): CodeIgniter\CodeIgniter->handleRequest(NULL, Object(Config\Cache), false)
#10 D:\Kumpulan Project IT\Project Web\koperasi-samara\system\Boot.php(363): CodeIgniter\CodeIgniter->run()
#11 D:\Kumpulan Project IT\Project Web\koperasi-samara\system\Boot.php(68): CodeIgniter\Boot::runCodeIgniter(Object(CodeIgniter\CodeIgniter))
#12 D:\Kumpulan Project IT\Project Web\koperasi-samara\public\index.php(59): CodeIgniter\Boot::bootWeb(Object(Config\Paths))
#13 D:\Kumpulan Project IT\Project Web\koperasi-samara\system\rewrite.php(44): require_once('D:\\Kumpulan Pro...')
#14 {main}
CRITICAL - 2026-08-03 02:55:37 --> CodeIgniter\Database\Exceptions\DatabaseException: Column 'nama_lengkap' in where clause is ambiguous
[Method: GET, Route: admin/search-anggota]
in SYSTEMPATH\Database\BaseConnection.php on line 684.
 1 SYSTEMPATH\Database\BaseBuilder.php(1649): CodeIgniter\Database\BaseConnection->query('SELECT `anggota`.*, `users`.`id` AS `id_user`, `users`.`username` AS `username_user`
FROM `anggota`
LEFT JOIN `users` ON `users`.`id` = `anggota`.`id_anggota`
WHERE `nama_lengkap` LIKE :nama_lengkap: ESCAPE \'!\'
OR  `no_ktp` LIKE :no_ktp: ESCAPE \'!\'
 LIMIT 10', [...], false)
 2 SYSTEMPATH\Model.php(286): CodeIgniter\Database\BaseBuilder->get()
 3 SYSTEMPATH\BaseModel.php(677): CodeIgniter\Model->doFindAll(10, 0)
 4 APPPATH\Controllers\AdminDashboard.php(115): CodeIgniter\BaseModel->findAll(10)
 5 SYSTEMPATH\CodeIgniter.php(933): App\Controllers\AdminDashboard->searchAnggota()
 6 SYSTEMPATH\CodeIgniter.php(507): CodeIgniter\CodeIgniter->runController(Object(App\Controllers\AdminDashboard))
 7 SYSTEMPATH\CodeIgniter.php(354): CodeIgniter\CodeIgniter->handleRequest(null, Object(Config\Cache), false)
 8 SYSTEMPATH\Boot.php(363): CodeIgniter\CodeIgniter->run()
 9 SYSTEMPATH\Boot.php(68): CodeIgniter\Boot::runCodeIgniter(Object(CodeIgniter\CodeIgniter))
10 FCPATH\index.php(59): CodeIgniter\Boot::bootWeb(Object(Config\Paths))
11 SYSTEMPATH\rewrite.php(44): require_once('D:\\Kumpulan Project IT\\Project Web\\koperasi-samara\\public\\index.php')
CRITICAL - 2026-08-03 02:55:37 --> [Caused by] CodeIgniter\Database\Exceptions\DatabaseException: Column 'nama_lengkap' in where clause is ambiguous
in SYSTEMPATH\Database\MySQLi\Connection.php on line 332.
 1 SYSTEMPATH\Database\BaseConnection.php(729): CodeIgniter\Database\MySQLi\Connection->execute('SELECT `anggota`.*, `users`.`id` AS `id_user`, `users`.`username` AS `username_user`
FROM `anggota`
LEFT JOIN `users` ON `users`.`id` = `anggota`.`id_anggota`
WHERE `nama_lengkap` LIKE \'%zi%\' ESCAPE \'!\'
OR  `no_ktp` LIKE \'%zi%\' ESCAPE \'!\'
 LIMIT 10')
 2 SYSTEMPATH\Database\BaseConnection.php(646): CodeIgniter\Database\BaseConnection->simpleQuery('SELECT `anggota`.*, `users`.`id` AS `id_user`, `users`.`username` AS `username_user`
FROM `anggota`
LEFT JOIN `users` ON `users`.`id` = `anggota`.`id_anggota`
WHERE `nama_lengkap` LIKE \'%zi%\' ESCAPE \'!\'
OR  `no_ktp` LIKE \'%zi%\' ESCAPE \'!\'
 LIMIT 10')
 3 SYSTEMPATH\Database\BaseBuilder.php(1649): CodeIgniter\Database\BaseConnection->query('SELECT `anggota`.*, `users`.`id` AS `id_user`, `users`.`username` AS `username_user`
FROM `anggota`
LEFT JOIN `users` ON `users`.`id` = `anggota`.`id_anggota`
WHERE `nama_lengkap` LIKE :nama_lengkap: ESCAPE \'!\'
OR  `no_ktp` LIKE :no_ktp: ESCAPE \'!\'
 LIMIT 10', [...], false)
 4 SYSTEMPATH\Model.php(286): CodeIgniter\Database\BaseBuilder->get()
 5 SYSTEMPATH\BaseModel.php(677): CodeIgniter\Model->doFindAll(10, 0)
 6 APPPATH\Controllers\AdminDashboard.php(115): CodeIgniter\BaseModel->findAll(10)
 7 SYSTEMPATH\CodeIgniter.php(933): App\Controllers\AdminDashboard->searchAnggota()
 8 SYSTEMPATH\CodeIgniter.php(507): CodeIgniter\CodeIgniter->runController(Object(App\Controllers\AdminDashboard))
 9 SYSTEMPATH\CodeIgniter.php(354): CodeIgniter\CodeIgniter->handleRequest(null, Object(Config\Cache), false)
10 SYSTEMPATH\Boot.php(363): CodeIgniter\CodeIgniter->run()
11 SYSTEMPATH\Boot.php(68): CodeIgniter\Boot::runCodeIgniter(Object(CodeIgniter\CodeIgniter))
12 FCPATH\index.php(59): CodeIgniter\Boot::bootWeb(Object(Config\Paths))
13 SYSTEMPATH\rewrite.php(44): require_once('D:\\Kumpulan Project IT\\Project Web\\koperasi-samara\\public\\index.php')
CRITICAL - 2026-08-03 02:55:37 --> [Caused by] mysqli_sql_exception: Column 'nama_lengkap' in where clause is ambiguous
in SYSTEMPATH\Database\MySQLi\Connection.php on line 327.
 1 SYSTEMPATH\Database\MySQLi\Connection.php(327): mysqli->query('SELECT `anggota`.*, `users`.`id` AS `id_user`, `users`.`username` AS `username_user`
FROM `anggota`
LEFT JOIN `users` ON `users`.`id` = `anggota`.`id_anggota`
WHERE `nama_lengkap` LIKE \'%zi%\' ESCAPE \'!\'
OR  `no_ktp` LIKE \'%zi%\' ESCAPE \'!\'
 LIMIT 10', 0)
 2 SYSTEMPATH\Database\BaseConnection.php(729): CodeIgniter\Database\MySQLi\Connection->execute('SELECT `anggota`.*, `users`.`id` AS `id_user`, `users`.`username` AS `username_user`
FROM `anggota`
LEFT JOIN `users` ON `users`.`id` = `anggota`.`id_anggota`
WHERE `nama_lengkap` LIKE \'%zi%\' ESCAPE \'!\'
OR  `no_ktp` LIKE \'%zi%\' ESCAPE \'!\'
 LIMIT 10')
 3 SYSTEMPATH\Database\BaseConnection.php(646): CodeIgniter\Database\BaseConnection->simpleQuery('SELECT `anggota`.*, `users`.`id` AS `id_user`, `users`.`username` AS `username_user`
FROM `anggota`
LEFT JOIN `users` ON `users`.`id` = `anggota`.`id_anggota`
WHERE `nama_lengkap` LIKE \'%zi%\' ESCAPE \'!\'
OR  `no_ktp` LIKE \'%zi%\' ESCAPE \'!\'
 LIMIT 10')
 4 SYSTEMPATH\Database\BaseBuilder.php(1649): CodeIgniter\Database\BaseConnection->query('SELECT `anggota`.*, `users`.`id` AS `id_user`, `users`.`username` AS `username_user`
FROM `anggota`
LEFT JOIN `users` ON `users`.`id` = `anggota`.`id_anggota`
WHERE `nama_lengkap` LIKE :nama_lengkap: ESCAPE \'!\'
OR  `no_ktp` LIKE :no_ktp: ESCAPE \'!\'
 LIMIT 10', [...], false)
 5 SYSTEMPATH\Model.php(286): CodeIgniter\Database\BaseBuilder->get()
 6 SYSTEMPATH\BaseModel.php(677): CodeIgniter\Model->doFindAll(10, 0)
 7 APPPATH\Controllers\AdminDashboard.php(115): CodeIgniter\BaseModel->findAll(10)
 8 SYSTEMPATH\CodeIgniter.php(933): App\Controllers\AdminDashboard->searchAnggota()
 9 SYSTEMPATH\CodeIgniter.php(507): CodeIgniter\CodeIgniter->runController(Object(App\Controllers\AdminDashboard))
10 SYSTEMPATH\CodeIgniter.php(354): CodeIgniter\CodeIgniter->handleRequest(null, Object(Config\Cache), false)
11 SYSTEMPATH\Boot.php(363): CodeIgniter\CodeIgniter->run()
12 SYSTEMPATH\Boot.php(68): CodeIgniter\Boot::runCodeIgniter(Object(CodeIgniter\CodeIgniter))
13 FCPATH\index.php(59): CodeIgniter\Boot::bootWeb(Object(Config\Paths))
14 SYSTEMPATH\rewrite.php(44): require_once('D:\\Kumpulan Project IT\\Project Web\\koperasi-samara\\public\\index.php')
DEBUG - 2026-08-03 02:55:37 --> Session: Class initialized using 'CodeIgniter\Session\Handlers\FileHandler' driver.
ERROR - 2026-08-03 02:55:37 --> mysqli_sql_exception: Column 'nama_lengkap' in where clause is ambiguous in D:\Kumpulan Project IT\Project Web\koperasi-samara\system\Database\MySQLi\Connection.php:327
Stack trace:
#0 D:\Kumpulan Project IT\Project Web\koperasi-samara\system\Database\MySQLi\Connection.php(327): mysqli->query('SELECT `anggota...', 0)
#1 D:\Kumpulan Project IT\Project Web\koperasi-samara\system\Database\BaseConnection.php(729): CodeIgniter\Database\MySQLi\Connection->execute('SELECT `anggota...')
#2 D:\Kumpulan Project IT\Project Web\koperasi-samara\system\Database\BaseConnection.php(646): CodeIgniter\Database\BaseConnection->simpleQuery('SELECT `anggota...')
#3 D:\Kumpulan Project IT\Project Web\koperasi-samara\system\Database\BaseBuilder.php(1649): CodeIgniter\Database\BaseConnection->query('SELECT `anggota...', Array, false)
#4 D:\Kumpulan Project IT\Project Web\koperasi-samara\system\Model.php(286): CodeIgniter\Database\BaseBuilder->get()
#5 D:\Kumpulan Project IT\Project Web\koperasi-samara\system\BaseModel.php(677): CodeIgniter\Model->doFindAll(10, 0)
#6 D:\Kumpulan Project IT\Project Web\koperasi-samara\app\Controllers\AdminDashboard.php(115): CodeIgniter\BaseModel->findAll(10)
#7 D:\Kumpulan Project IT\Project Web\koperasi-samara\system\CodeIgniter.php(933): App\Controllers\AdminDashboard->searchAnggota()
#8 D:\Kumpulan Project IT\Project Web\koperasi-samara\system\CodeIgniter.php(507): CodeIgniter\CodeIgniter->runController(Object(App\Controllers\AdminDashboard))
#9 D:\Kumpulan Project IT\Project Web\koperasi-samara\system\CodeIgniter.php(354): CodeIgniter\CodeIgniter->handleRequest(NULL, Object(Config\Cache), false)
#10 D:\Kumpulan Project IT\Project Web\koperasi-samara\system\Boot.php(363): CodeIgniter\CodeIgniter->run()
#11 D:\Kumpulan Project IT\Project Web\koperasi-samara\system\Boot.php(68): CodeIgniter\Boot::runCodeIgniter(Object(CodeIgniter\CodeIgniter))
#12 D:\Kumpulan Project IT\Project Web\koperasi-samara\public\index.php(59): CodeIgniter\Boot::bootWeb(Object(Config\Paths))
#13 D:\Kumpulan Project IT\Project Web\koperasi-samara\system\rewrite.php(44): require_once('D:\\Kumpulan Pro...')
#14 {main}
CRITICAL - 2026-08-03 02:55:37 --> CodeIgniter\Database\Exceptions\DatabaseException: Column 'nama_lengkap' in where clause is ambiguous
[Method: GET, Route: admin/search-anggota]
in SYSTEMPATH\Database\BaseConnection.php on line 684.
 1 SYSTEMPATH\Database\BaseBuilder.php(1649): CodeIgniter\Database\BaseConnection->query('SELECT `anggota`.*, `users`.`id` AS `id_user`, `users`.`username` AS `username_user`
FROM `anggota`
LEFT JOIN `users` ON `users`.`id` = `anggota`.`id_anggota`
WHERE `nama_lengkap` LIKE :nama_lengkap: ESCAPE \'!\'
OR  `no_ktp` LIKE :no_ktp: ESCAPE \'!\'
 LIMIT 10', [...], false)
 2 SYSTEMPATH\Model.php(286): CodeIgniter\Database\BaseBuilder->get()
 3 SYSTEMPATH\BaseModel.php(677): CodeIgniter\Model->doFindAll(10, 0)
 4 APPPATH\Controllers\AdminDashboard.php(115): CodeIgniter\BaseModel->findAll(10)
 5 SYSTEMPATH\CodeIgniter.php(933): App\Controllers\AdminDashboard->searchAnggota()
 6 SYSTEMPATH\CodeIgniter.php(507): CodeIgniter\CodeIgniter->runController(Object(App\Controllers\AdminDashboard))
 7 SYSTEMPATH\CodeIgniter.php(354): CodeIgniter\CodeIgniter->handleRequest(null, Object(Config\Cache), false)
 8 SYSTEMPATH\Boot.php(363): CodeIgniter\CodeIgniter->run()
 9 SYSTEMPATH\Boot.php(68): CodeIgniter\Boot::runCodeIgniter(Object(CodeIgniter\CodeIgniter))
10 FCPATH\index.php(59): CodeIgniter\Boot::bootWeb(Object(Config\Paths))
11 SYSTEMPATH\rewrite.php(44): require_once('D:\\Kumpulan Project IT\\Project Web\\koperasi-samara\\public\\index.php')
CRITICAL - 2026-08-03 02:55:37 --> [Caused by] CodeIgniter\Database\Exceptions\DatabaseException: Column 'nama_lengkap' in where clause is ambiguous
in SYSTEMPATH\Database\MySQLi\Connection.php on line 332.
 1 SYSTEMPATH\Database\BaseConnection.php(729): CodeIgniter\Database\MySQLi\Connection->execute('SELECT `anggota`.*, `users`.`id` AS `id_user`, `users`.`username` AS `username_user`
FROM `anggota`
LEFT JOIN `users` ON `users`.`id` = `anggota`.`id_anggota`
WHERE `nama_lengkap` LIKE \'%ziy%\' ESCAPE \'!\'
OR  `no_ktp` LIKE \'%ziy%\' ESCAPE \'!\'
 LIMIT 10')
 2 SYSTEMPATH\Database\BaseConnection.php(646): CodeIgniter\Database\BaseConnection->simpleQuery('SELECT `anggota`.*, `users`.`id` AS `id_user`, `users`.`username` AS `username_user`
FROM `anggota`
LEFT JOIN `users` ON `users`.`id` = `anggota`.`id_anggota`
WHERE `nama_lengkap` LIKE \'%ziy%\' ESCAPE \'!\'
OR  `no_ktp` LIKE \'%ziy%\' ESCAPE \'!\'
 LIMIT 10')
 3 SYSTEMPATH\Database\BaseBuilder.php(1649): CodeIgniter\Database\BaseConnection->query('SELECT `anggota`.*, `users`.`id` AS `id_user`, `users`.`username` AS `username_user`
FROM `anggota`
LEFT JOIN `users` ON `users`.`id` = `anggota`.`id_anggota`
WHERE `nama_lengkap` LIKE :nama_lengkap: ESCAPE \'!\'
OR  `no_ktp` LIKE :no_ktp: ESCAPE \'!\'
 LIMIT 10', [...], false)
 4 SYSTEMPATH\Model.php(286): CodeIgniter\Database\BaseBuilder->get()
 5 SYSTEMPATH\BaseModel.php(677): CodeIgniter\Model->doFindAll(10, 0)
 6 APPPATH\Controllers\AdminDashboard.php(115): CodeIgniter\BaseModel->findAll(10)
 7 SYSTEMPATH\CodeIgniter.php(933): App\Controllers\AdminDashboard->searchAnggota()
 8 SYSTEMPATH\CodeIgniter.php(507): CodeIgniter\CodeIgniter->runController(Object(App\Controllers\AdminDashboard))
 9 SYSTEMPATH\CodeIgniter.php(354): CodeIgniter\CodeIgniter->handleRequest(null, Object(Config\Cache), false)
10 SYSTEMPATH\Boot.php(363): CodeIgniter\CodeIgniter->run()
11 SYSTEMPATH\Boot.php(68): CodeIgniter\Boot::runCodeIgniter(Object(CodeIgniter\CodeIgniter))
12 FCPATH\index.php(59): CodeIgniter\Boot::bootWeb(Object(Config\Paths))
13 SYSTEMPATH\rewrite.php(44): require_once('D:\\Kumpulan Project IT\\Project Web\\koperasi-samara\\public\\index.php')
CRITICAL - 2026-08-03 02:55:37 --> [Caused by] mysqli_sql_exception: Column 'nama_lengkap' in where clause is ambiguous
in SYSTEMPATH\Database\MySQLi\Connection.php on line 327.
 1 SYSTEMPATH\Database\MySQLi\Connection.php(327): mysqli->query('SELECT `anggota`.*, `users`.`id` AS `id_user`, `users`.`username` AS `username_user`
FROM `anggota`
LEFT JOIN `users` ON `users`.`id` = `anggota`.`id_anggota`
WHERE `nama_lengkap` LIKE \'%ziy%\' ESCAPE \'!\'
OR  `no_ktp` LIKE \'%ziy%\' ESCAPE \'!\'
 LIMIT 10', 0)
 2 SYSTEMPATH\Database\BaseConnection.php(729): CodeIgniter\Database\MySQLi\Connection->execute('SELECT `anggota`.*, `users`.`id` AS `id_user`, `users`.`username` AS `username_user`
FROM `anggota`
LEFT JOIN `users` ON `users`.`id` = `anggota`.`id_anggota`
WHERE `nama_lengkap` LIKE \'%ziy%\' ESCAPE \'!\'
OR  `no_ktp` LIKE \'%ziy%\' ESCAPE \'!\'
 LIMIT 10')
 3 SYSTEMPATH\Database\BaseConnection.php(646): CodeIgniter\Database\BaseConnection->simpleQuery('SELECT `anggota`.*, `users`.`id` AS `id_user`, `users`.`username` AS `username_user`
FROM `anggota`
LEFT JOIN `users` ON `users`.`id` = `anggota`.`id_anggota`
WHERE `nama_lengkap` LIKE \'%ziy%\' ESCAPE \'!\'
OR  `no_ktp` LIKE \'%ziy%\' ESCAPE \'!\'
 LIMIT 10')
 4 SYSTEMPATH\Database\BaseBuilder.php(1649): CodeIgniter\Database\BaseConnection->query('SELECT `anggota`.*, `users`.`id` AS `id_user`, `users`.`username` AS `username_user`
FROM `anggota`
LEFT JOIN `users` ON `users`.`id` = `anggota`.`id_anggota`
WHERE `nama_lengkap` LIKE :nama_lengkap: ESCAPE \'!\'
OR  `no_ktp` LIKE :no_ktp: ESCAPE \'!\'
 LIMIT 10', [...], false)
 5 SYSTEMPATH\Model.php(286): CodeIgniter\Database\BaseBuilder->get()
 6 SYSTEMPATH\BaseModel.php(677): CodeIgniter\Model->doFindAll(10, 0)
 7 APPPATH\Controllers\AdminDashboard.php(115): CodeIgniter\BaseModel->findAll(10)
 8 SYSTEMPATH\CodeIgniter.php(933): App\Controllers\AdminDashboard->searchAnggota()
 9 SYSTEMPATH\CodeIgniter.php(507): CodeIgniter\CodeIgniter->runController(Object(App\Controllers\AdminDashboard))
10 SYSTEMPATH\CodeIgniter.php(354): CodeIgniter\CodeIgniter->handleRequest(null, Object(Config\Cache), false)
11 SYSTEMPATH\Boot.php(363): CodeIgniter\CodeIgniter->run()
12 SYSTEMPATH\Boot.php(68): CodeIgniter\Boot::runCodeIgniter(Object(CodeIgniter\CodeIgniter))
13 FCPATH\index.php(59): CodeIgniter\Boot::bootWeb(Object(Config\Paths))
14 SYSTEMPATH\rewrite.php(44): require_once('D:\\Kumpulan Project IT\\Project Web\\koperasi-samara\\public\\index.php')
DEBUG - 2026-08-03 02:55:38 --> Session: Class initialized using 'CodeIgniter\Session\Handlers\FileHandler' driver.
ERROR - 2026-08-03 02:55:38 --> mysqli_sql_exception: Column 'nama_lengkap' in where clause is ambiguous in D:\Kumpulan Project IT\Project Web\koperasi-samara\system\Database\MySQLi\Connection.php:327
Stack trace:
#0 D:\Kumpulan Project IT\Project Web\koperasi-samara\system\Database\MySQLi\Connection.php(327): mysqli->query('SELECT `anggota...', 0)
#1 D:\Kumpulan Project IT\Project Web\koperasi-samara\system\Database\BaseConnection.php(729): CodeIgniter\Database\MySQLi\Connection->execute('SELECT `anggota...')
#2 D:\Kumpulan Project IT\Project Web\koperasi-samara\system\Database\BaseConnection.php(646): CodeIgniter\Database\BaseConnection->simpleQuery('SELECT `anggota...')
#3 D:\Kumpulan Project IT\Project Web\koperasi-samara\system\Database\BaseBuilder.php(1649): CodeIgniter\Database\BaseConnection->query('SELECT `anggota...', Array, false)
#4 D:\Kumpulan Project IT\Project Web\koperasi-samara\system\Model.php(286): CodeIgniter\Database\BaseBuilder->get()
#5 D:\Kumpulan Project IT\Project Web\koperasi-samara\system\BaseModel.php(677): CodeIgniter\Model->doFindAll(10, 0)
#6 D:\Kumpulan Project IT\Project Web\koperasi-samara\app\Controllers\AdminDashboard.php(115): CodeIgniter\BaseModel->findAll(10)
#7 D:\Kumpulan Project IT\Project Web\koperasi-samara\system\CodeIgniter.php(933): App\Controllers\AdminDashboard->searchAnggota()
#8 D:\Kumpulan Project IT\Project Web\koperasi-samara\system\CodeIgniter.php(507): CodeIgniter\CodeIgniter->runController(Object(App\Controllers\AdminDashboard))
#9 D:\Kumpulan Project IT\Project Web\koperasi-samara\system\CodeIgniter.php(354): CodeIgniter\CodeIgniter->handleRequest(NULL, Object(Config\Cache), false)
#10 D:\Kumpulan Project IT\Project Web\koperasi-samara\system\Boot.php(363): CodeIgniter\CodeIgniter->run()
#11 D:\Kumpulan Project IT\Project Web\koperasi-samara\system\Boot.php(68): CodeIgniter\Boot::runCodeIgniter(Object(CodeIgniter\CodeIgniter))
#12 D:\Kumpulan Project IT\Project Web\koperasi-samara\public\index.php(59): CodeIgniter\Boot::bootWeb(Object(Config\Paths))
#13 D:\Kumpulan Project IT\Project Web\koperasi-samara\system\rewrite.php(44): require_once('D:\\Kumpulan Pro...')
#14 {main}
CRITICAL - 2026-08-03 02:55:38 --> CodeIgniter\Database\Exceptions\DatabaseException: Column 'nama_lengkap' in where clause is ambiguous
[Method: GET, Route: admin/search-anggota]
in SYSTEMPATH\Database\BaseConnection.php on line 684.
 1 SYSTEMPATH\Database\BaseBuilder.php(1649): CodeIgniter\Database\BaseConnection->query('SELECT `anggota`.*, `users`.`id` AS `id_user`, `users`.`username` AS `username_user`
FROM `anggota`
LEFT JOIN `users` ON `users`.`id` = `anggota`.`id_anggota`
WHERE `nama_lengkap` LIKE :nama_lengkap: ESCAPE \'!\'
OR  `no_ktp` LIKE :no_ktp: ESCAPE \'!\'
 LIMIT 10', [...], false)
 2 SYSTEMPATH\Model.php(286): CodeIgniter\Database\BaseBuilder->get()
 3 SYSTEMPATH\BaseModel.php(677): CodeIgniter\Model->doFindAll(10, 0)
 4 APPPATH\Controllers\AdminDashboard.php(115): CodeIgniter\BaseModel->findAll(10)
 5 SYSTEMPATH\CodeIgniter.php(933): App\Controllers\AdminDashboard->searchAnggota()
 6 SYSTEMPATH\CodeIgniter.php(507): CodeIgniter\CodeIgniter->runController(Object(App\Controllers\AdminDashboard))
 7 SYSTEMPATH\CodeIgniter.php(354): CodeIgniter\CodeIgniter->handleRequest(null, Object(Config\Cache), false)
 8 SYSTEMPATH\Boot.php(363): CodeIgniter\CodeIgniter->run()
 9 SYSTEMPATH\Boot.php(68): CodeIgniter\Boot::runCodeIgniter(Object(CodeIgniter\CodeIgniter))
10 FCPATH\index.php(59): CodeIgniter\Boot::bootWeb(Object(Config\Paths))
11 SYSTEMPATH\rewrite.php(44): require_once('D:\\Kumpulan Project IT\\Project Web\\koperasi-samara\\public\\index.php')
CRITICAL - 2026-08-03 02:55:38 --> [Caused by] CodeIgniter\Database\Exceptions\DatabaseException: Column 'nama_lengkap' in where clause is ambiguous
in SYSTEMPATH\Database\MySQLi\Connection.php on line 332.
 1 SYSTEMPATH\Database\BaseConnection.php(729): CodeIgniter\Database\MySQLi\Connection->execute('SELECT `anggota`.*, `users`.`id` AS `id_user`, `users`.`username` AS `username_user`
FROM `anggota`
LEFT JOIN `users` ON `users`.`id` = `anggota`.`id_anggota`
WHERE `nama_lengkap` LIKE \'%ziya%\' ESCAPE \'!\'
OR  `no_ktp` LIKE \'%ziya%\' ESCAPE \'!\'
 LIMIT 10')
 2 SYSTEMPATH\Database\BaseConnection.php(646): CodeIgniter\Database\BaseConnection->simpleQuery('SELECT `anggota`.*, `users`.`id` AS `id_user`, `users`.`username` AS `username_user`
FROM `anggota`
LEFT JOIN `users` ON `users`.`id` = `anggota`.`id_anggota`
WHERE `nama_lengkap` LIKE \'%ziya%\' ESCAPE \'!\'
OR  `no_ktp` LIKE \'%ziya%\' ESCAPE \'!\'
 LIMIT 10')
 3 SYSTEMPATH\Database\BaseBuilder.php(1649): CodeIgniter\Database\BaseConnection->query('SELECT `anggota`.*, `users`.`id` AS `id_user`, `users`.`username` AS `username_user`
FROM `anggota`
LEFT JOIN `users` ON `users`.`id` = `anggota`.`id_anggota`
WHERE `nama_lengkap` LIKE :nama_lengkap: ESCAPE \'!\'
OR  `no_ktp` LIKE :no_ktp: ESCAPE \'!\'
 LIMIT 10', [...], false)
 4 SYSTEMPATH\Model.php(286): CodeIgniter\Database\BaseBuilder->get()
 5 SYSTEMPATH\BaseModel.php(677): CodeIgniter\Model->doFindAll(10, 0)
 6 APPPATH\Controllers\AdminDashboard.php(115): CodeIgniter\BaseModel->findAll(10)
 7 SYSTEMPATH\CodeIgniter.php(933): App\Controllers\AdminDashboard->searchAnggota()
 8 SYSTEMPATH\CodeIgniter.php(507): CodeIgniter\CodeIgniter->runController(Object(App\Controllers\AdminDashboard))
 9 SYSTEMPATH\CodeIgniter.php(354): CodeIgniter\CodeIgniter->handleRequest(null, Object(Config\Cache), false)
10 SYSTEMPATH\Boot.php(363): CodeIgniter\CodeIgniter->run()
11 SYSTEMPATH\Boot.php(68): CodeIgniter\Boot::runCodeIgniter(Object(CodeIgniter\CodeIgniter))
12 FCPATH\index.php(59): CodeIgniter\Boot::bootWeb(Object(Config\Paths))
13 SYSTEMPATH\rewrite.php(44): require_once('D:\\Kumpulan Project IT\\Project Web\\koperasi-samara\\public\\index.php')
CRITICAL - 2026-08-03 02:55:38 --> [Caused by] mysqli_sql_exception: Column 'nama_lengkap' in where clause is ambiguous
in SYSTEMPATH\Database\MySQLi\Connection.php on line 327.
 1 SYSTEMPATH\Database\MySQLi\Connection.php(327): mysqli->query('SELECT `anggota`.*, `users`.`id` AS `id_user`, `users`.`username` AS `username_user`
FROM `anggota`
LEFT JOIN `users` ON `users`.`id` = `anggota`.`id_anggota`
WHERE `nama_lengkap` LIKE \'%ziya%\' ESCAPE \'!\'
OR  `no_ktp` LIKE \'%ziya%\' ESCAPE \'!\'
 LIMIT 10', 0)
 2 SYSTEMPATH\Database\BaseConnection.php(729): CodeIgniter\Database\MySQLi\Connection->execute('SELECT `anggota`.*, `users`.`id` AS `id_user`, `users`.`username` AS `username_user`
FROM `anggota`
LEFT JOIN `users` ON `users`.`id` = `anggota`.`id_anggota`
WHERE `nama_lengkap` LIKE \'%ziya%\' ESCAPE \'!\'
OR  `no_ktp` LIKE \'%ziya%\' ESCAPE \'!\'
 LIMIT 10')
 3 SYSTEMPATH\Database\BaseConnection.php(646): CodeIgniter\Database\BaseConnection->simpleQuery('SELECT `anggota`.*, `users`.`id` AS `id_user`, `users`.`username` AS `username_user`
FROM `anggota`
LEFT JOIN `users` ON `users`.`id` = `anggota`.`id_anggota`
WHERE `nama_lengkap` LIKE \'%ziya%\' ESCAPE \'!\'
OR  `no_ktp` LIKE \'%ziya%\' ESCAPE \'!\'
 LIMIT 10')
 4 SYSTEMPATH\Database\BaseBuilder.php(1649): CodeIgniter\Database\BaseConnection->query('SELECT `anggota`.*, `users`.`id` AS `id_user`, `users`.`username` AS `username_user`
FROM `anggota`
LEFT JOIN `users` ON `users`.`id` = `anggota`.`id_anggota`
WHERE `nama_lengkap` LIKE :nama_lengkap: ESCAPE \'!\'
OR  `no_ktp` LIKE :no_ktp: ESCAPE \'!\'
 LIMIT 10', [...], false)
 5 SYSTEMPATH\Model.php(286): CodeIgniter\Database\BaseBuilder->get()
 6 SYSTEMPATH\BaseModel.php(677): CodeIgniter\Model->doFindAll(10, 0)
 7 APPPATH\Controllers\AdminDashboard.php(115): CodeIgniter\BaseModel->findAll(10)
 8 SYSTEMPATH\CodeIgniter.php(933): App\Controllers\AdminDashboard->searchAnggota()
 9 SYSTEMPATH\CodeIgniter.php(507): CodeIgniter\CodeIgniter->runController(Object(App\Controllers\AdminDashboard))
10 SYSTEMPATH\CodeIgniter.php(354): CodeIgniter\CodeIgniter->handleRequest(null, Object(Config\Cache), false)
11 SYSTEMPATH\Boot.php(363): CodeIgniter\CodeIgniter->run()
12 SYSTEMPATH\Boot.php(68): CodeIgniter\Boot::runCodeIgniter(Object(CodeIgniter\CodeIgniter))
13 FCPATH\index.php(59): CodeIgniter\Boot::bootWeb(Object(Config\Paths))
14 SYSTEMPATH\rewrite.php(44): require_once('D:\\Kumpulan Project IT\\Project Web\\koperasi-samara\\public\\index.php')
DEBUG - 2026-08-03 02:55:38 --> Session: Class initialized using 'CodeIgniter\Session\Handlers\FileHandler' driver.
ERROR - 2026-08-03 02:55:38 --> mysqli_sql_exception: Column 'nama_lengkap' in where clause is ambiguous in D:\Kumpulan Project IT\Project Web\koperasi-samara\system\Database\MySQLi\Connection.php:327
Stack trace:
#0 D:\Kumpulan Project IT\Project Web\koperasi-samara\system\Database\MySQLi\Connection.php(327): mysqli->query('SELECT `anggota...', 0)
#1 D:\Kumpulan Project IT\Project Web\koperasi-samara\system\Database\BaseConnection.php(729): CodeIgniter\Database\MySQLi\Connection->execute('SELECT `anggota...')
#2 D:\Kumpulan Project IT\Project Web\koperasi-samara\system\Database\BaseConnection.php(646): CodeIgniter\Database\BaseConnection->simpleQuery('SELECT `anggota...')
#3 D:\Kumpulan Project IT\Project Web\koperasi-samara\system\Database\BaseBuilder.php(1649): CodeIgniter\Database\BaseConnection->query('SELECT `anggota...', Array, false)
#4 D:\Kumpulan Project IT\Project Web\koperasi-samara\system\Model.php(286): CodeIgniter\Database\BaseBuilder->get()
#5 D:\Kumpulan Project IT\Project Web\koperasi-samara\system\BaseModel.php(677): CodeIgniter\Model->doFindAll(10, 0)
#6 D:\Kumpulan Project IT\Project Web\koperasi-samara\app\Controllers\AdminDashboard.php(115): CodeIgniter\BaseModel->findAll(10)
#7 D:\Kumpulan Project IT\Project Web\koperasi-samara\system\CodeIgniter.php(933): App\Controllers\AdminDashboard->searchAnggota()
#8 D:\Kumpulan Project IT\Project Web\koperasi-samara\system\CodeIgniter.php(507): CodeIgniter\CodeIgniter->runController(Object(App\Controllers\AdminDashboard))
#9 D:\Kumpulan Project IT\Project Web\koperasi-samara\system\CodeIgniter.php(354): CodeIgniter\CodeIgniter->handleRequest(NULL, Object(Config\Cache), false)
#10 D:\Kumpulan Project IT\Project Web\koperasi-samara\system\Boot.php(363): CodeIgniter\CodeIgniter->run()
#11 D:\Kumpulan Project IT\Project Web\koperasi-samara\system\Boot.php(68): CodeIgniter\Boot::runCodeIgniter(Object(CodeIgniter\CodeIgniter))
#12 D:\Kumpulan Project IT\Project Web\koperasi-samara\public\index.php(59): CodeIgniter\Boot::bootWeb(Object(Config\Paths))
#13 D:\Kumpulan Project IT\Project Web\koperasi-samara\system\rewrite.php(44): require_once('D:\\Kumpulan Pro...')
#14 {main}
CRITICAL - 2026-08-03 02:55:38 --> CodeIgniter\Database\Exceptions\DatabaseException: Column 'nama_lengkap' in where clause is ambiguous
[Method: GET, Route: admin/search-anggota]
in SYSTEMPATH\Database\BaseConnection.php on line 684.
 1 SYSTEMPATH\Database\BaseBuilder.php(1649): CodeIgniter\Database\BaseConnection->query('SELECT `anggota`.*, `users`.`id` AS `id_user`, `users`.`username` AS `username_user`
FROM `anggota`
LEFT JOIN `users` ON `users`.`id` = `anggota`.`id_anggota`
WHERE `nama_lengkap` LIKE :nama_lengkap: ESCAPE \'!\'
OR  `no_ktp` LIKE :no_ktp: ESCAPE \'!\'
 LIMIT 10', [...], false)
 2 SYSTEMPATH\Model.php(286): CodeIgniter\Database\BaseBuilder->get()
 3 SYSTEMPATH\BaseModel.php(677): CodeIgniter\Model->doFindAll(10, 0)
 4 APPPATH\Controllers\AdminDashboard.php(115): CodeIgniter\BaseModel->findAll(10)
 5 SYSTEMPATH\CodeIgniter.php(933): App\Controllers\AdminDashboard->searchAnggota()
 6 SYSTEMPATH\CodeIgniter.php(507): CodeIgniter\CodeIgniter->runController(Object(App\Controllers\AdminDashboard))
 7 SYSTEMPATH\CodeIgniter.php(354): CodeIgniter\CodeIgniter->handleRequest(null, Object(Config\Cache), false)
 8 SYSTEMPATH\Boot.php(363): CodeIgniter\CodeIgniter->run()
 9 SYSTEMPATH\Boot.php(68): CodeIgniter\Boot::runCodeIgniter(Object(CodeIgniter\CodeIgniter))
10 FCPATH\index.php(59): CodeIgniter\Boot::bootWeb(Object(Config\Paths))
11 SYSTEMPATH\rewrite.php(44): require_once('D:\\Kumpulan Project IT\\Project Web\\koperasi-samara\\public\\index.php')
CRITICAL - 2026-08-03 02:55:38 --> [Caused by] CodeIgniter\Database\Exceptions\DatabaseException: Column 'nama_lengkap' in where clause is ambiguous
in SYSTEMPATH\Database\MySQLi\Connection.php on line 332.
 1 SYSTEMPATH\Database\BaseConnection.php(729): CodeIgniter\Database\MySQLi\Connection->execute('SELECT `anggota`.*, `users`.`id` AS `id_user`, `users`.`username` AS `username_user`
FROM `anggota`
LEFT JOIN `users` ON `users`.`id` = `anggota`.`id_anggota`
WHERE `nama_lengkap` LIKE \'%ziyaf%\' ESCAPE \'!\'
OR  `no_ktp` LIKE \'%ziyaf%\' ESCAPE \'!\'
 LIMIT 10')
 2 SYSTEMPATH\Database\BaseConnection.php(646): CodeIgniter\Database\BaseConnection->simpleQuery('SELECT `anggota`.*, `users`.`id` AS `id_user`, `users`.`username` AS `username_user`
FROM `anggota`
LEFT JOIN `users` ON `users`.`id` = `anggota`.`id_anggota`
WHERE `nama_lengkap` LIKE \'%ziyaf%\' ESCAPE \'!\'
OR  `no_ktp` LIKE \'%ziyaf%\' ESCAPE \'!\'
 LIMIT 10')
 3 SYSTEMPATH\Database\BaseBuilder.php(1649): CodeIgniter\Database\BaseConnection->query('SELECT `anggota`.*, `users`.`id` AS `id_user`, `users`.`username` AS `username_user`
FROM `anggota`
LEFT JOIN `users` ON `users`.`id` = `anggota`.`id_anggota`
WHERE `nama_lengkap` LIKE :nama_lengkap: ESCAPE \'!\'
OR  `no_ktp` LIKE :no_ktp: ESCAPE \'!\'
 LIMIT 10', [...], false)
 4 SYSTEMPATH\Model.php(286): CodeIgniter\Database\BaseBuilder->get()
 5 SYSTEMPATH\BaseModel.php(677): CodeIgniter\Model->doFindAll(10, 0)
 6 APPPATH\Controllers\AdminDashboard.php(115): CodeIgniter\BaseModel->findAll(10)
 7 SYSTEMPATH\CodeIgniter.php(933): App\Controllers\AdminDashboard->searchAnggota()
 8 SYSTEMPATH\CodeIgniter.php(507): CodeIgniter\CodeIgniter->runController(Object(App\Controllers\AdminDashboard))
 9 SYSTEMPATH\CodeIgniter.php(354): CodeIgniter\CodeIgniter->handleRequest(null, Object(Config\Cache), false)
10 SYSTEMPATH\Boot.php(363): CodeIgniter\CodeIgniter->run()
11 SYSTEMPATH\Boot.php(68): CodeIgniter\Boot::runCodeIgniter(Object(CodeIgniter\CodeIgniter))
12 FCPATH\index.php(59): CodeIgniter\Boot::bootWeb(Object(Config\Paths))
13 SYSTEMPATH\rewrite.php(44): require_once('D:\\Kumpulan Project IT\\Project Web\\koperasi-samara\\public\\index.php')
CRITICAL - 2026-08-03 02:55:38 --> [Caused by] mysqli_sql_exception: Column 'nama_lengkap' in where clause is ambiguous
in SYSTEMPATH\Database\MySQLi\Connection.php on line 327.
 1 SYSTEMPATH\Database\MySQLi\Connection.php(327): mysqli->query('SELECT `anggota`.*, `users`.`id` AS `id_user`, `users`.`username` AS `username_user`
FROM `anggota`
LEFT JOIN `users` ON `users`.`id` = `anggota`.`id_anggota`
WHERE `nama_lengkap` LIKE \'%ziyaf%\' ESCAPE \'!\'
OR  `no_ktp` LIKE \'%ziyaf%\' ESCAPE \'!\'
 LIMIT 10', 0)
 2 SYSTEMPATH\Database\BaseConnection.php(729): CodeIgniter\Database\MySQLi\Connection->execute('SELECT `anggota`.*, `users`.`id` AS `id_user`, `users`.`username` AS `username_user`
FROM `anggota`
LEFT JOIN `users` ON `users`.`id` = `anggota`.`id_anggota`
WHERE `nama_lengkap` LIKE \'%ziyaf%\' ESCAPE \'!\'
OR  `no_ktp` LIKE \'%ziyaf%\' ESCAPE \'!\'
 LIMIT 10')
 3 SYSTEMPATH\Database\BaseConnection.php(646): CodeIgniter\Database\BaseConnection->simpleQuery('SELECT `anggota`.*, `users`.`id` AS `id_user`, `users`.`username` AS `username_user`
FROM `anggota`
LEFT JOIN `users` ON `users`.`id` = `anggota`.`id_anggota`
WHERE `nama_lengkap` LIKE \'%ziyaf%\' ESCAPE \'!\'
OR  `no_ktp` LIKE \'%ziyaf%\' ESCAPE \'!\'
 LIMIT 10')
 4 SYSTEMPATH\Database\BaseBuilder.php(1649): CodeIgniter\Database\BaseConnection->query('SELECT `anggota`.*, `users`.`id` AS `id_user`, `users`.`username` AS `username_user`
FROM `anggota`
LEFT JOIN `users` ON `users`.`id` = `anggota`.`id_anggota`
WHERE `nama_lengkap` LIKE :nama_lengkap: ESCAPE \'!\'
OR  `no_ktp` LIKE :no_ktp: ESCAPE \'!\'
 LIMIT 10', [...], false)
 5 SYSTEMPATH\Model.php(286): CodeIgniter\Database\BaseBuilder->get()
 6 SYSTEMPATH\BaseModel.php(677): CodeIgniter\Model->doFindAll(10, 0)
 7 APPPATH\Controllers\AdminDashboard.php(115): CodeIgniter\BaseModel->findAll(10)
 8 SYSTEMPATH\CodeIgniter.php(933): App\Controllers\AdminDashboard->searchAnggota()
 9 SYSTEMPATH\CodeIgniter.php(507): CodeIgniter\CodeIgniter->runController(Object(App\Controllers\AdminDashboard))
10 SYSTEMPATH\CodeIgniter.php(354): CodeIgniter\CodeIgniter->handleRequest(null, Object(Config\Cache), false)
11 SYSTEMPATH\Boot.php(363): CodeIgniter\CodeIgniter->run()
12 SYSTEMPATH\Boot.php(68): CodeIgniter\Boot::runCodeIgniter(Object(CodeIgniter\CodeIgniter))
13 FCPATH\index.php(59): CodeIgniter\Boot::bootWeb(Object(Config\Paths))
14 SYSTEMPATH\rewrite.php(44): require_once('D:\\Kumpulan Project IT\\Project Web\\koperasi-samara\\public\\index.php')
DEBUG - 2026-08-03 02:55:38 --> Session: Class initialized using 'CodeIgniter\Session\Handlers\FileHandler' driver.
ERROR - 2026-08-03 02:55:38 --> mysqli_sql_exception: Column 'nama_lengkap' in where clause is ambiguous in D:\Kumpulan Project IT\Project Web\koperasi-samara\system\Database\MySQLi\Connection.php:327
Stack trace:
#0 D:\Kumpulan Project IT\Project Web\koperasi-samara\system\Database\MySQLi\Connection.php(327): mysqli->query('SELECT `anggota...', 0)
#1 D:\Kumpulan Project IT\Project Web\koperasi-samara\system\Database\BaseConnection.php(729): CodeIgniter\Database\MySQLi\Connection->execute('SELECT `anggota...')
#2 D:\Kumpulan Project IT\Project Web\koperasi-samara\system\Database\BaseConnection.php(646): CodeIgniter\Database\BaseConnection->simpleQuery('SELECT `anggota...')
#3 D:\Kumpulan Project IT\Project Web\koperasi-samara\system\Database\BaseBuilder.php(1649): CodeIgniter\Database\BaseConnection->query('SELECT `anggota...', Array, false)
#4 D:\Kumpulan Project IT\Project Web\koperasi-samara\system\Model.php(286): CodeIgniter\Database\BaseBuilder->get()
#5 D:\Kumpulan Project IT\Project Web\koperasi-samara\system\BaseModel.php(677): CodeIgniter\Model->doFindAll(10, 0)
#6 D:\Kumpulan Project IT\Project Web\koperasi-samara\app\Controllers\AdminDashboard.php(115): CodeIgniter\BaseModel->findAll(10)
#7 D:\Kumpulan Project IT\Project Web\koperasi-samara\system\CodeIgniter.php(933): App\Controllers\AdminDashboard->searchAnggota()
#8 D:\Kumpulan Project IT\Project Web\koperasi-samara\system\CodeIgniter.php(507): CodeIgniter\CodeIgniter->runController(Object(App\Controllers\AdminDashboard))
#9 D:\Kumpulan Project IT\Project Web\koperasi-samara\system\CodeIgniter.php(354): CodeIgniter\CodeIgniter->handleRequest(NULL, Object(Config\Cache), false)
#10 D:\Kumpulan Project IT\Project Web\koperasi-samara\system\Boot.php(363): CodeIgniter\CodeIgniter->run()
#11 D:\Kumpulan Project IT\Project Web\koperasi-samara\system\Boot.php(68): CodeIgniter\Boot::runCodeIgniter(Object(CodeIgniter\CodeIgniter))
#12 D:\Kumpulan Project IT\Project Web\koperasi-samara\public\index.php(59): CodeIgniter\Boot::bootWeb(Object(Config\Paths))
#13 D:\Kumpulan Project IT\Project Web\koperasi-samara\system\rewrite.php(44): require_once('D:\\Kumpulan Pro...')
#14 {main}
CRITICAL - 2026-08-03 02:55:38 --> CodeIgniter\Database\Exceptions\DatabaseException: Column 'nama_lengkap' in where clause is ambiguous
[Method: GET, Route: admin/search-anggota]
in SYSTEMPATH\Database\BaseConnection.php on line 684.
 1 SYSTEMPATH\Database\BaseBuilder.php(1649): CodeIgniter\Database\BaseConnection->query('SELECT `anggota`.*, `users`.`id` AS `id_user`, `users`.`username` AS `username_user`
FROM `anggota`
LEFT JOIN `users` ON `users`.`id` = `anggota`.`id_anggota`
WHERE `nama_lengkap` LIKE :nama_lengkap: ESCAPE \'!\'
OR  `no_ktp` LIKE :no_ktp: ESCAPE \'!\'
 LIMIT 10', [...], false)
 2 SYSTEMPATH\Model.php(286): CodeIgniter\Database\BaseBuilder->get()
 3 SYSTEMPATH\BaseModel.php(677): CodeIgniter\Model->doFindAll(10, 0)
 4 APPPATH\Controllers\AdminDashboard.php(115): CodeIgniter\BaseModel->findAll(10)
 5 SYSTEMPATH\CodeIgniter.php(933): App\Controllers\AdminDashboard->searchAnggota()
 6 SYSTEMPATH\CodeIgniter.php(507): CodeIgniter\CodeIgniter->runController(Object(App\Controllers\AdminDashboard))
 7 SYSTEMPATH\CodeIgniter.php(354): CodeIgniter\CodeIgniter->handleRequest(null, Object(Config\Cache), false)
 8 SYSTEMPATH\Boot.php(363): CodeIgniter\CodeIgniter->run()
 9 SYSTEMPATH\Boot.php(68): CodeIgniter\Boot::runCodeIgniter(Object(CodeIgniter\CodeIgniter))
10 FCPATH\index.php(59): CodeIgniter\Boot::bootWeb(Object(Config\Paths))
11 SYSTEMPATH\rewrite.php(44): require_once('D:\\Kumpulan Project IT\\Project Web\\koperasi-samara\\public\\index.php')
CRITICAL - 2026-08-03 02:55:38 --> [Caused by] CodeIgniter\Database\Exceptions\DatabaseException: Column 'nama_lengkap' in where clause is ambiguous
in SYSTEMPATH\Database\MySQLi\Connection.php on line 332.
 1 SYSTEMPATH\Database\BaseConnection.php(729): CodeIgniter\Database\MySQLi\Connection->execute('SELECT `anggota`.*, `users`.`id` AS `id_user`, `users`.`username` AS `username_user`
FROM `anggota`
LEFT JOIN `users` ON `users`.`id` = `anggota`.`id_anggota`
WHERE `nama_lengkap` LIKE \'%ziyafd%\' ESCAPE \'!\'
OR  `no_ktp` LIKE \'%ziyafd%\' ESCAPE \'!\'
 LIMIT 10')
 2 SYSTEMPATH\Database\BaseConnection.php(646): CodeIgniter\Database\BaseConnection->simpleQuery('SELECT `anggota`.*, `users`.`id` AS `id_user`, `users`.`username` AS `username_user`
FROM `anggota`
LEFT JOIN `users` ON `users`.`id` = `anggota`.`id_anggota`
WHERE `nama_lengkap` LIKE \'%ziyafd%\' ESCAPE \'!\'
OR  `no_ktp` LIKE \'%ziyafd%\' ESCAPE \'!\'
 LIMIT 10')
 3 SYSTEMPATH\Database\BaseBuilder.php(1649): CodeIgniter\Database\BaseConnection->query('SELECT `anggota`.*, `users`.`id` AS `id_user`, `users`.`username` AS `username_user`
FROM `anggota`
LEFT JOIN `users` ON `users`.`id` = `anggota`.`id_anggota`
WHERE `nama_lengkap` LIKE :nama_lengkap: ESCAPE \'!\'
OR  `no_ktp` LIKE :no_ktp: ESCAPE \'!\'
 LIMIT 10', [...], false)
 4 SYSTEMPATH\Model.php(286): CodeIgniter\Database\BaseBuilder->get()
 5 SYSTEMPATH\BaseModel.php(677): CodeIgniter\Model->doFindAll(10, 0)
 6 APPPATH\Controllers\AdminDashboard.php(115): CodeIgniter\BaseModel->findAll(10)
 7 SYSTEMPATH\CodeIgniter.php(933): App\Controllers\AdminDashboard->searchAnggota()
 8 SYSTEMPATH\CodeIgniter.php(507): CodeIgniter\CodeIgniter->runController(Object(App\Controllers\AdminDashboard))
 9 SYSTEMPATH\CodeIgniter.php(354): CodeIgniter\CodeIgniter->handleRequest(null, Object(Config\Cache), false)
10 SYSTEMPATH\Boot.php(363): CodeIgniter\CodeIgniter->run()
11 SYSTEMPATH\Boot.php(68): CodeIgniter\Boot::runCodeIgniter(Object(CodeIgniter\CodeIgniter))
12 FCPATH\index.php(59): CodeIgniter\Boot::bootWeb(Object(Config\Paths))
13 SYSTEMPATH\rewrite.php(44): require_once('D:\\Kumpulan Project IT\\Project Web\\koperasi-samara\\public\\index.php')
CRITICAL - 2026-08-03 02:55:38 --> [Caused by] mysqli_sql_exception: Column 'nama_lengkap' in where clause is ambiguous
in SYSTEMPATH\Database\MySQLi\Connection.php on line 327.
 1 SYSTEMPATH\Database\MySQLi\Connection.php(327): mysqli->query('SELECT `anggota`.*, `users`.`id` AS `id_user`, `users`.`username` AS `username_user`
FROM `anggota`
LEFT JOIN `users` ON `users`.`id` = `anggota`.`id_anggota`
WHERE `nama_lengkap` LIKE \'%ziyafd%\' ESCAPE \'!\'
OR  `no_ktp` LIKE \'%ziyafd%\' ESCAPE \'!\'
 LIMIT 10', 0)
 2 SYSTEMPATH\Database\BaseConnection.php(729): CodeIgniter\Database\MySQLi\Connection->execute('SELECT `anggota`.*, `users`.`id` AS `id_user`, `users`.`username` AS `username_user`
FROM `anggota`
LEFT JOIN `users` ON `users`.`id` = `anggota`.`id_anggota`
WHERE `nama_lengkap` LIKE \'%ziyafd%\' ESCAPE \'!\'
OR  `no_ktp` LIKE \'%ziyafd%\' ESCAPE \'!\'
 LIMIT 10')
 3 SYSTEMPATH\Database\BaseConnection.php(646): CodeIgniter\Database\BaseConnection->simpleQuery('SELECT `anggota`.*, `users`.`id` AS `id_user`, `users`.`username` AS `username_user`
FROM `anggota`
LEFT JOIN `users` ON `users`.`id` = `anggota`.`id_anggota`
WHERE `nama_lengkap` LIKE \'%ziyafd%\' ESCAPE \'!\'
OR  `no_ktp` LIKE \'%ziyafd%\' ESCAPE \'!\'
 LIMIT 10')
 4 SYSTEMPATH\Database\BaseBuilder.php(1649): CodeIgniter\Database\BaseConnection->query('SELECT `anggota`.*, `users`.`id` AS `id_user`, `users`.`username` AS `username_user`
FROM `anggota`
LEFT JOIN `users` ON `users`.`id` = `anggota`.`id_anggota`
WHERE `nama_lengkap` LIKE :nama_lengkap: ESCAPE \'!\'
OR  `no_ktp` LIKE :no_ktp: ESCAPE \'!\'
 LIMIT 10', [...], false)
 5 SYSTEMPATH\Model.php(286): CodeIgniter\Database\BaseBuilder->get()
 6 SYSTEMPATH\BaseModel.php(677): CodeIgniter\Model->doFindAll(10, 0)
 7 APPPATH\Controllers\AdminDashboard.php(115): CodeIgniter\BaseModel->findAll(10)
 8 SYSTEMPATH\CodeIgniter.php(933): App\Controllers\AdminDashboard->searchAnggota()
 9 SYSTEMPATH\CodeIgniter.php(507): CodeIgniter\CodeIgniter->runController(Object(App\Controllers\AdminDashboard))
10 SYSTEMPATH\CodeIgniter.php(354): CodeIgniter\CodeIgniter->handleRequest(null, Object(Config\Cache), false)
11 SYSTEMPATH\Boot.php(363): CodeIgniter\CodeIgniter->run()
12 SYSTEMPATH\Boot.php(68): CodeIgniter\Boot::runCodeIgniter(Object(CodeIgniter\CodeIgniter))
13 FCPATH\index.php(59): CodeIgniter\Boot::bootWeb(Object(Config\Paths))
14 SYSTEMPATH\rewrite.php(44): require_once('D:\\Kumpulan Project IT\\Project Web\\koperasi-samara\\public\\index.php')
DEBUG - 2026-08-03 02:55:38 --> Session: Class initialized using 'CodeIgniter\Session\Handlers\FileHandler' driver.
ERROR - 2026-08-03 02:55:39 --> mysqli_sql_exception: Column 'nama_lengkap' in where clause is ambiguous in D:\Kumpulan Project IT\Project Web\koperasi-samara\system\Database\MySQLi\Connection.php:327
Stack trace:
#0 D:\Kumpulan Project IT\Project Web\koperasi-samara\system\Database\MySQLi\Connection.php(327): mysqli->query('SELECT `anggota...', 0)
#1 D:\Kumpulan Project IT\Project Web\koperasi-samara\system\Database\BaseConnection.php(729): CodeIgniter\Database\MySQLi\Connection->execute('SELECT `anggota...')
#2 D:\Kumpulan Project IT\Project Web\koperasi-samara\system\Database\BaseConnection.php(646): CodeIgniter\Database\BaseConnection->simpleQuery('SELECT `anggota...')
#3 D:\Kumpulan Project IT\Project Web\koperasi-samara\system\Database\BaseBuilder.php(1649): CodeIgniter\Database\BaseConnection->query('SELECT `anggota...', Array, false)
#4 D:\Kumpulan Project IT\Project Web\koperasi-samara\system\Model.php(286): CodeIgniter\Database\BaseBuilder->get()
#5 D:\Kumpulan Project IT\Project Web\koperasi-samara\system\BaseModel.php(677): CodeIgniter\Model->doFindAll(10, 0)
#6 D:\Kumpulan Project IT\Project Web\koperasi-samara\app\Controllers\AdminDashboard.php(115): CodeIgniter\BaseModel->findAll(10)
#7 D:\Kumpulan Project IT\Project Web\koperasi-samara\system\CodeIgniter.php(933): App\Controllers\AdminDashboard->searchAnggota()
#8 D:\Kumpulan Project IT\Project Web\koperasi-samara\system\CodeIgniter.php(507): CodeIgniter\CodeIgniter->runController(Object(App\Controllers\AdminDashboard))
#9 D:\Kumpulan Project IT\Project Web\koperasi-samara\system\CodeIgniter.php(354): CodeIgniter\CodeIgniter->handleRequest(NULL, Object(Config\Cache), false)
#10 D:\Kumpulan Project IT\Project Web\koperasi-samara\system\Boot.php(363): CodeIgniter\CodeIgniter->run()
#11 D:\Kumpulan Project IT\Project Web\koperasi-samara\system\Boot.php(68): CodeIgniter\Boot::runCodeIgniter(Object(CodeIgniter\CodeIgniter))
#12 D:\Kumpulan Project IT\Project Web\koperasi-samara\public\index.php(59): CodeIgniter\Boot::bootWeb(Object(Config\Paths))
#13 D:\Kumpulan Project IT\Project Web\koperasi-samara\system\rewrite.php(44): require_once('D:\\Kumpulan Pro...')
#14 {main}
CRITICAL - 2026-08-03 02:55:39 --> CodeIgniter\Database\Exceptions\DatabaseException: Column 'nama_lengkap' in where clause is ambiguous
[Method: GET, Route: admin/search-anggota]
in SYSTEMPATH\Database\BaseConnection.php on line 684.
 1 SYSTEMPATH\Database\BaseBuilder.php(1649): CodeIgniter\Database\BaseConnection->query('SELECT `anggota`.*, `users`.`id` AS `id_user`, `users`.`username` AS `username_user`
FROM `anggota`
LEFT JOIN `users` ON `users`.`id` = `anggota`.`id_anggota`
WHERE `nama_lengkap` LIKE :nama_lengkap: ESCAPE \'!\'
OR  `no_ktp` LIKE :no_ktp: ESCAPE \'!\'
 LIMIT 10', [...], false)
 2 SYSTEMPATH\Model.php(286): CodeIgniter\Database\BaseBuilder->get()
 3 SYSTEMPATH\BaseModel.php(677): CodeIgniter\Model->doFindAll(10, 0)
 4 APPPATH\Controllers\AdminDashboard.php(115): CodeIgniter\BaseModel->findAll(10)
 5 SYSTEMPATH\CodeIgniter.php(933): App\Controllers\AdminDashboard->searchAnggota()
 6 SYSTEMPATH\CodeIgniter.php(507): CodeIgniter\CodeIgniter->runController(Object(App\Controllers\AdminDashboard))
 7 SYSTEMPATH\CodeIgniter.php(354): CodeIgniter\CodeIgniter->handleRequest(null, Object(Config\Cache), false)
 8 SYSTEMPATH\Boot.php(363): CodeIgniter\CodeIgniter->run()
 9 SYSTEMPATH\Boot.php(68): CodeIgniter\Boot::runCodeIgniter(Object(CodeIgniter\CodeIgniter))
10 FCPATH\index.php(59): CodeIgniter\Boot::bootWeb(Object(Config\Paths))
11 SYSTEMPATH\rewrite.php(44): require_once('D:\\Kumpulan Project IT\\Project Web\\koperasi-samara\\public\\index.php')
CRITICAL - 2026-08-03 02:55:39 --> [Caused by] CodeIgniter\Database\Exceptions\DatabaseException: Column 'nama_lengkap' in where clause is ambiguous
in SYSTEMPATH\Database\MySQLi\Connection.php on line 332.
 1 SYSTEMPATH\Database\BaseConnection.php(729): CodeIgniter\Database\MySQLi\Connection->execute('SELECT `anggota`.*, `users`.`id` AS `id_user`, `users`.`username` AS `username_user`
FROM `anggota`
LEFT JOIN `users` ON `users`.`id` = `anggota`.`id_anggota`
WHERE `nama_lengkap` LIKE \'%ziyaf%\' ESCAPE \'!\'
OR  `no_ktp` LIKE \'%ziyaf%\' ESCAPE \'!\'
 LIMIT 10')
 2 SYSTEMPATH\Database\BaseConnection.php(646): CodeIgniter\Database\BaseConnection->simpleQuery('SELECT `anggota`.*, `users`.`id` AS `id_user`, `users`.`username` AS `username_user`
FROM `anggota`
LEFT JOIN `users` ON `users`.`id` = `anggota`.`id_anggota`
WHERE `nama_lengkap` LIKE \'%ziyaf%\' ESCAPE \'!\'
OR  `no_ktp` LIKE \'%ziyaf%\' ESCAPE \'!\'
 LIMIT 10')
 3 SYSTEMPATH\Database\BaseBuilder.php(1649): CodeIgniter\Database\BaseConnection->query('SELECT `anggota`.*, `users`.`id` AS `id_user`, `users`.`username` AS `username_user`
FROM `anggota`
LEFT JOIN `users` ON `users`.`id` = `anggota`.`id_anggota`
WHERE `nama_lengkap` LIKE :nama_lengkap: ESCAPE \'!\'
OR  `no_ktp` LIKE :no_ktp: ESCAPE \'!\'
 LIMIT 10', [...], false)
 4 SYSTEMPATH\Model.php(286): CodeIgniter\Database\BaseBuilder->get()
 5 SYSTEMPATH\BaseModel.php(677): CodeIgniter\Model->doFindAll(10, 0)
 6 APPPATH\Controllers\AdminDashboard.php(115): CodeIgniter\BaseModel->findAll(10)
 7 SYSTEMPATH\CodeIgniter.php(933): App\Controllers\AdminDashboard->searchAnggota()
 8 SYSTEMPATH\CodeIgniter.php(507): CodeIgniter\CodeIgniter->runController(Object(App\Controllers\AdminDashboard))
 9 SYSTEMPATH\CodeIgniter.php(354): CodeIgniter\CodeIgniter->handleRequest(null, Object(Config\Cache), false)
10 SYSTEMPATH\Boot.php(363): CodeIgniter\CodeIgniter->run()
11 SYSTEMPATH\Boot.php(68): CodeIgniter\Boot::runCodeIgniter(Object(CodeIgniter\CodeIgniter))
12 FCPATH\index.php(59): CodeIgniter\Boot::bootWeb(Object(Config\Paths))
13 SYSTEMPATH\rewrite.php(44): require_once('D:\\Kumpulan Project IT\\Project Web\\koperasi-samara\\public\\index.php')
CRITICAL - 2026-08-03 02:55:39 --> [Caused by] mysqli_sql_exception: Column 'nama_lengkap' in where clause is ambiguous
in SYSTEMPATH\Database\MySQLi\Connection.php on line 327.
 1 SYSTEMPATH\Database\MySQLi\Connection.php(327): mysqli->query('SELECT `anggota`.*, `users`.`id` AS `id_user`, `users`.`username` AS `username_user`
FROM `anggota`
LEFT JOIN `users` ON `users`.`id` = `anggota`.`id_anggota`
WHERE `nama_lengkap` LIKE \'%ziyaf%\' ESCAPE \'!\'
OR  `no_ktp` LIKE \'%ziyaf%\' ESCAPE \'!\'
 LIMIT 10', 0)
 2 SYSTEMPATH\Database\BaseConnection.php(729): CodeIgniter\Database\MySQLi\Connection->execute('SELECT `anggota`.*, `users`.`id` AS `id_user`, `users`.`username` AS `username_user`
FROM `anggota`
LEFT JOIN `users` ON `users`.`id` = `anggota`.`id_anggota`
WHERE `nama_lengkap` LIKE \'%ziyaf%\' ESCAPE \'!\'
OR  `no_ktp` LIKE \'%ziyaf%\' ESCAPE \'!\'
 LIMIT 10')
 3 SYSTEMPATH\Database\BaseConnection.php(646): CodeIgniter\Database\BaseConnection->simpleQuery('SELECT `anggota`.*, `users`.`id` AS `id_user`, `users`.`username` AS `username_user`
FROM `anggota`
LEFT JOIN `users` ON `users`.`id` = `anggota`.`id_anggota`
WHERE `nama_lengkap` LIKE \'%ziyaf%\' ESCAPE \'!\'
OR  `no_ktp` LIKE \'%ziyaf%\' ESCAPE \'!\'
 LIMIT 10')
 4 SYSTEMPATH\Database\BaseBuilder.php(1649): CodeIgniter\Database\BaseConnection->query('SELECT `anggota`.*, `users`.`id` AS `id_user`, `users`.`username` AS `username_user`
FROM `anggota`
LEFT JOIN `users` ON `users`.`id` = `anggota`.`id_anggota`
WHERE `nama_lengkap` LIKE :nama_lengkap: ESCAPE \'!\'
OR  `no_ktp` LIKE :no_ktp: ESCAPE \'!\'
 LIMIT 10', [...], false)
 5 SYSTEMPATH\Model.php(286): CodeIgniter\Database\BaseBuilder->get()
 6 SYSTEMPATH\BaseModel.php(677): CodeIgniter\Model->doFindAll(10, 0)
 7 APPPATH\Controllers\AdminDashboard.php(115): CodeIgniter\BaseModel->findAll(10)
 8 SYSTEMPATH\CodeIgniter.php(933): App\Controllers\AdminDashboard->searchAnggota()
 9 SYSTEMPATH\CodeIgniter.php(507): CodeIgniter\CodeIgniter->runController(Object(App\Controllers\AdminDashboard))
10 SYSTEMPATH\CodeIgniter.php(354): CodeIgniter\CodeIgniter->handleRequest(null, Object(Config\Cache), false)
11 SYSTEMPATH\Boot.php(363): CodeIgniter\CodeIgniter->run()
12 SYSTEMPATH\Boot.php(68): CodeIgniter\Boot::runCodeIgniter(Object(CodeIgniter\CodeIgniter))
13 FCPATH\index.php(59): CodeIgniter\Boot::bootWeb(Object(Config\Paths))
14 SYSTEMPATH\rewrite.php(44): require_once('D:\\Kumpulan Project IT\\Project Web\\koperasi-samara\\public\\index.php')
DEBUG - 2026-08-03 02:55:39 --> Session: Class initialized using 'CodeIgniter\Session\Handlers\FileHandler' driver.
ERROR - 2026-08-03 02:55:39 --> mysqli_sql_exception: Column 'nama_lengkap' in where clause is ambiguous in D:\Kumpulan Project IT\Project Web\koperasi-samara\system\Database\MySQLi\Connection.php:327
Stack trace:
#0 D:\Kumpulan Project IT\Project Web\koperasi-samara\system\Database\MySQLi\Connection.php(327): mysqli->query('SELECT `anggota...', 0)
#1 D:\Kumpulan Project IT\Project Web\koperasi-samara\system\Database\BaseConnection.php(729): CodeIgniter\Database\MySQLi\Connection->execute('SELECT `anggota...')
#2 D:\Kumpulan Project IT\Project Web\koperasi-samara\system\Database\BaseConnection.php(646): CodeIgniter\Database\BaseConnection->simpleQuery('SELECT `anggota...')
#3 D:\Kumpulan Project IT\Project Web\koperasi-samara\system\Database\BaseBuilder.php(1649): CodeIgniter\Database\BaseConnection->query('SELECT `anggota...', Array, false)
#4 D:\Kumpulan Project IT\Project Web\koperasi-samara\system\Model.php(286): CodeIgniter\Database\BaseBuilder->get()
#5 D:\Kumpulan Project IT\Project Web\koperasi-samara\system\BaseModel.php(677): CodeIgniter\Model->doFindAll(10, 0)
#6 D:\Kumpulan Project IT\Project Web\koperasi-samara\app\Controllers\AdminDashboard.php(115): CodeIgniter\BaseModel->findAll(10)
#7 D:\Kumpulan Project IT\Project Web\koperasi-samara\system\CodeIgniter.php(933): App\Controllers\AdminDashboard->searchAnggota()
#8 D:\Kumpulan Project IT\Project Web\koperasi-samara\system\CodeIgniter.php(507): CodeIgniter\CodeIgniter->runController(Object(App\Controllers\AdminDashboard))
#9 D:\Kumpulan Project IT\Project Web\koperasi-samara\system\CodeIgniter.php(354): CodeIgniter\CodeIgniter->handleRequest(NULL, Object(Config\Cache), false)
#10 D:\Kumpulan Project IT\Project Web\koperasi-samara\system\Boot.php(363): CodeIgniter\CodeIgniter->run()
#11 D:\Kumpulan Project IT\Project Web\koperasi-samara\system\Boot.php(68): CodeIgniter\Boot::runCodeIgniter(Object(CodeIgniter\CodeIgniter))
#12 D:\Kumpulan Project IT\Project Web\koperasi-samara\public\index.php(59): CodeIgniter\Boot::bootWeb(Object(Config\Paths))
#13 D:\Kumpulan Project IT\Project Web\koperasi-samara\system\rewrite.php(44): require_once('D:\\Kumpulan Pro...')
#14 {main}
CRITICAL - 2026-08-03 02:55:39 --> CodeIgniter\Database\Exceptions\DatabaseException: Column 'nama_lengkap' in where clause is ambiguous
[Method: GET, Route: admin/search-anggota]
in SYSTEMPATH\Database\BaseConnection.php on line 684.
 1 SYSTEMPATH\Database\BaseBuilder.php(1649): CodeIgniter\Database\BaseConnection->query('SELECT `anggota`.*, `users`.`id` AS `id_user`, `users`.`username` AS `username_user`
FROM `anggota`
LEFT JOIN `users` ON `users`.`id` = `anggota`.`id_anggota`
WHERE `nama_lengkap` LIKE :nama_lengkap: ESCAPE \'!\'
OR  `no_ktp` LIKE :no_ktp: ESCAPE \'!\'
 LIMIT 10', [...], false)
 2 SYSTEMPATH\Model.php(286): CodeIgniter\Database\BaseBuilder->get()
 3 SYSTEMPATH\BaseModel.php(677): CodeIgniter\Model->doFindAll(10, 0)
 4 APPPATH\Controllers\AdminDashboard.php(115): CodeIgniter\BaseModel->findAll(10)
 5 SYSTEMPATH\CodeIgniter.php(933): App\Controllers\AdminDashboard->searchAnggota()
 6 SYSTEMPATH\CodeIgniter.php(507): CodeIgniter\CodeIgniter->runController(Object(App\Controllers\AdminDashboard))
 7 SYSTEMPATH\CodeIgniter.php(354): CodeIgniter\CodeIgniter->handleRequest(null, Object(Config\Cache), false)
 8 SYSTEMPATH\Boot.php(363): CodeIgniter\CodeIgniter->run()
 9 SYSTEMPATH\Boot.php(68): CodeIgniter\Boot::runCodeIgniter(Object(CodeIgniter\CodeIgniter))
10 FCPATH\index.php(59): CodeIgniter\Boot::bootWeb(Object(Config\Paths))
11 SYSTEMPATH\rewrite.php(44): require_once('D:\\Kumpulan Project IT\\Project Web\\koperasi-samara\\public\\index.php')
CRITICAL - 2026-08-03 02:55:39 --> [Caused by] CodeIgniter\Database\Exceptions\DatabaseException: Column 'nama_lengkap' in where clause is ambiguous
in SYSTEMPATH\Database\MySQLi\Connection.php on line 332.
 1 SYSTEMPATH\Database\BaseConnection.php(729): CodeIgniter\Database\MySQLi\Connection->execute('SELECT `anggota`.*, `users`.`id` AS `id_user`, `users`.`username` AS `username_user`
FROM `anggota`
LEFT JOIN `users` ON `users`.`id` = `anggota`.`id_anggota`
WHERE `nama_lengkap` LIKE \'%ziya%\' ESCAPE \'!\'
OR  `no_ktp` LIKE \'%ziya%\' ESCAPE \'!\'
 LIMIT 10')
 2 SYSTEMPATH\Database\BaseConnection.php(646): CodeIgniter\Database\BaseConnection->simpleQuery('SELECT `anggota`.*, `users`.`id` AS `id_user`, `users`.`username` AS `username_user`
FROM `anggota`
LEFT JOIN `users` ON `users`.`id` = `anggota`.`id_anggota`
WHERE `nama_lengkap` LIKE \'%ziya%\' ESCAPE \'!\'
OR  `no_ktp` LIKE \'%ziya%\' ESCAPE \'!\'
 LIMIT 10')
 3 SYSTEMPATH\Database\BaseBuilder.php(1649): CodeIgniter\Database\BaseConnection->query('SELECT `anggota`.*, `users`.`id` AS `id_user`, `users`.`username` AS `username_user`
FROM `anggota`
LEFT JOIN `users` ON `users`.`id` = `anggota`.`id_anggota`
WHERE `nama_lengkap` LIKE :nama_lengkap: ESCAPE \'!\'
OR  `no_ktp` LIKE :no_ktp: ESCAPE \'!\'
 LIMIT 10', [...], false)
 4 SYSTEMPATH\Model.php(286): CodeIgniter\Database\BaseBuilder->get()
 5 SYSTEMPATH\BaseModel.php(677): CodeIgniter\Model->doFindAll(10, 0)
 6 APPPATH\Controllers\AdminDashboard.php(115): CodeIgniter\BaseModel->findAll(10)
 7 SYSTEMPATH\CodeIgniter.php(933): App\Controllers\AdminDashboard->searchAnggota()
 8 SYSTEMPATH\CodeIgniter.php(507): CodeIgniter\CodeIgniter->runController(Object(App\Controllers\AdminDashboard))
 9 SYSTEMPATH\CodeIgniter.php(354): CodeIgniter\CodeIgniter->handleRequest(null, Object(Config\Cache), false)
10 SYSTEMPATH\Boot.php(363): CodeIgniter\CodeIgniter->run()
11 SYSTEMPATH\Boot.php(68): CodeIgniter\Boot::runCodeIgniter(Object(CodeIgniter\CodeIgniter))
12 FCPATH\index.php(59): CodeIgniter\Boot::bootWeb(Object(Config\Paths))
13 SYSTEMPATH\rewrite.php(44): require_once('D:\\Kumpulan Project IT\\Project Web\\koperasi-samara\\public\\index.php')
CRITICAL - 2026-08-03 02:55:39 --> [Caused by] mysqli_sql_exception: Column 'nama_lengkap' in where clause is ambiguous
in SYSTEMPATH\Database\MySQLi\Connection.php on line 327.
 1 SYSTEMPATH\Database\MySQLi\Connection.php(327): mysqli->query('SELECT `anggota`.*, `users`.`id` AS `id_user`, `users`.`username` AS `username_user`
FROM `anggota`
LEFT JOIN `users` ON `users`.`id` = `anggota`.`id_anggota`
WHERE `nama_lengkap` LIKE \'%ziya%\' ESCAPE \'!\'
OR  `no_ktp` LIKE \'%ziya%\' ESCAPE \'!\'
 LIMIT 10', 0)
 2 SYSTEMPATH\Database\BaseConnection.php(729): CodeIgniter\Database\MySQLi\Connection->execute('SELECT `anggota`.*, `users`.`id` AS `id_user`, `users`.`username` AS `username_user`
FROM `anggota`
LEFT JOIN `users` ON `users`.`id` = `anggota`.`id_anggota`
WHERE `nama_lengkap` LIKE \'%ziya%\' ESCAPE \'!\'
OR  `no_ktp` LIKE \'%ziya%\' ESCAPE \'!\'
 LIMIT 10')
 3 SYSTEMPATH\Database\BaseConnection.php(646): CodeIgniter\Database\BaseConnection->simpleQuery('SELECT `anggota`.*, `users`.`id` AS `id_user`, `users`.`username` AS `username_user`
FROM `anggota`
LEFT JOIN `users` ON `users`.`id` = `anggota`.`id_anggota`
WHERE `nama_lengkap` LIKE \'%ziya%\' ESCAPE \'!\'
OR  `no_ktp` LIKE \'%ziya%\' ESCAPE \'!\'
 LIMIT 10')
 4 SYSTEMPATH\Database\BaseBuilder.php(1649): CodeIgniter\Database\BaseConnection->query('SELECT `anggota`.*, `users`.`id` AS `id_user`, `users`.`username` AS `username_user`
FROM `anggota`
LEFT JOIN `users` ON `users`.`id` = `anggota`.`id_anggota`
WHERE `nama_lengkap` LIKE :nama_lengkap: ESCAPE \'!\'
OR  `no_ktp` LIKE :no_ktp: ESCAPE \'!\'
 LIMIT 10', [...], false)
 5 SYSTEMPATH\Model.php(286): CodeIgniter\Database\BaseBuilder->get()
 6 SYSTEMPATH\BaseModel.php(677): CodeIgniter\Model->doFindAll(10, 0)
 7 APPPATH\Controllers\AdminDashboard.php(115): CodeIgniter\BaseModel->findAll(10)
 8 SYSTEMPATH\CodeIgniter.php(933): App\Controllers\AdminDashboard->searchAnggota()
 9 SYSTEMPATH\CodeIgniter.php(507): CodeIgniter\CodeIgniter->runController(Object(App\Controllers\AdminDashboard))
10 SYSTEMPATH\CodeIgniter.php(354): CodeIgniter\CodeIgniter->handleRequest(null, Object(Config\Cache), false)
11 SYSTEMPATH\Boot.php(363): CodeIgniter\CodeIgniter->run()
12 SYSTEMPATH\Boot.php(68): CodeIgniter\Boot::runCodeIgniter(Object(CodeIgniter\CodeIgniter))
13 FCPATH\index.php(59): CodeIgniter\Boot::bootWeb(Object(Config\Paths))
14 SYSTEMPATH\rewrite.php(44): require_once('D:\\Kumpulan Project IT\\Project Web\\koperasi-samara\\public\\index.php')
DEBUG - 2026-08-03 02:55:39 --> Session: Class initialized using 'CodeIgniter\Session\Handlers\FileHandler' driver.
ERROR - 2026-08-03 02:55:39 --> mysqli_sql_exception: Column 'nama_lengkap' in where clause is ambiguous in D:\Kumpulan Project IT\Project Web\koperasi-samara\system\Database\MySQLi\Connection.php:327
Stack trace:
#0 D:\Kumpulan Project IT\Project Web\koperasi-samara\system\Database\MySQLi\Connection.php(327): mysqli->query('SELECT `anggota...', 0)
#1 D:\Kumpulan Project IT\Project Web\koperasi-samara\system\Database\BaseConnection.php(729): CodeIgniter\Database\MySQLi\Connection->execute('SELECT `anggota...')
#2 D:\Kumpulan Project IT\Project Web\koperasi-samara\system\Database\BaseConnection.php(646): CodeIgniter\Database\BaseConnection->simpleQuery('SELECT `anggota...')
#3 D:\Kumpulan Project IT\Project Web\koperasi-samara\system\Database\BaseBuilder.php(1649): CodeIgniter\Database\BaseConnection->query('SELECT `anggota...', Array, false)
#4 D:\Kumpulan Project IT\Project Web\koperasi-samara\system\Model.php(286): CodeIgniter\Database\BaseBuilder->get()
#5 D:\Kumpulan Project IT\Project Web\koperasi-samara\system\BaseModel.php(677): CodeIgniter\Model->doFindAll(10, 0)
#6 D:\Kumpulan Project IT\Project Web\koperasi-samara\app\Controllers\AdminDashboard.php(115): CodeIgniter\BaseModel->findAll(10)
#7 D:\Kumpulan Project IT\Project Web\koperasi-samara\system\CodeIgniter.php(933): App\Controllers\AdminDashboard->searchAnggota()
#8 D:\Kumpulan Project IT\Project Web\koperasi-samara\system\CodeIgniter.php(507): CodeIgniter\CodeIgniter->runController(Object(App\Controllers\AdminDashboard))
#9 D:\Kumpulan Project IT\Project Web\koperasi-samara\system\CodeIgniter.php(354): CodeIgniter\CodeIgniter->handleRequest(NULL, Object(Config\Cache), false)
#10 D:\Kumpulan Project IT\Project Web\koperasi-samara\system\Boot.php(363): CodeIgniter\CodeIgniter->run()
#11 D:\Kumpulan Project IT\Project Web\koperasi-samara\system\Boot.php(68): CodeIgniter\Boot::runCodeIgniter(Object(CodeIgniter\CodeIgniter))
#12 D:\Kumpulan Project IT\Project Web\koperasi-samara\public\index.php(59): CodeIgniter\Boot::bootWeb(Object(Config\Paths))
#13 D:\Kumpulan Project IT\Project Web\koperasi-samara\system\rewrite.php(44): require_once('D:\\Kumpulan Pro...')
#14 {main}
CRITICAL - 2026-08-03 02:55:39 --> CodeIgniter\Database\Exceptions\DatabaseException: Column 'nama_lengkap' in where clause is ambiguous
[Method: GET, Route: admin/search-anggota]
in SYSTEMPATH\Database\BaseConnection.php on line 684.
 1 SYSTEMPATH\Database\BaseBuilder.php(1649): CodeIgniter\Database\BaseConnection->query('SELECT `anggota`.*, `users`.`id` AS `id_user`, `users`.`username` AS `username_user`
FROM `anggota`
LEFT JOIN `users` ON `users`.`id` = `anggota`.`id_anggota`
WHERE `nama_lengkap` LIKE :nama_lengkap: ESCAPE \'!\'
OR  `no_ktp` LIKE :no_ktp: ESCAPE \'!\'
 LIMIT 10', [...], false)
 2 SYSTEMPATH\Model.php(286): CodeIgniter\Database\BaseBuilder->get()
 3 SYSTEMPATH\BaseModel.php(677): CodeIgniter\Model->doFindAll(10, 0)
 4 APPPATH\Controllers\AdminDashboard.php(115): CodeIgniter\BaseModel->findAll(10)
 5 SYSTEMPATH\CodeIgniter.php(933): App\Controllers\AdminDashboard->searchAnggota()
 6 SYSTEMPATH\CodeIgniter.php(507): CodeIgniter\CodeIgniter->runController(Object(App\Controllers\AdminDashboard))
 7 SYSTEMPATH\CodeIgniter.php(354): CodeIgniter\CodeIgniter->handleRequest(null, Object(Config\Cache), false)
 8 SYSTEMPATH\Boot.php(363): CodeIgniter\CodeIgniter->run()
 9 SYSTEMPATH\Boot.php(68): CodeIgniter\Boot::runCodeIgniter(Object(CodeIgniter\CodeIgniter))
10 FCPATH\index.php(59): CodeIgniter\Boot::bootWeb(Object(Config\Paths))
11 SYSTEMPATH\rewrite.php(44): require_once('D:\\Kumpulan Project IT\\Project Web\\koperasi-samara\\public\\index.php')
CRITICAL - 2026-08-03 02:55:39 --> [Caused by] CodeIgniter\Database\Exceptions\DatabaseException: Column 'nama_lengkap' in where clause is ambiguous
in SYSTEMPATH\Database\MySQLi\Connection.php on line 332.
 1 SYSTEMPATH\Database\BaseConnection.php(729): CodeIgniter\Database\MySQLi\Connection->execute('SELECT `anggota`.*, `users`.`id` AS `id_user`, `users`.`username` AS `username_user`
FROM `anggota`
LEFT JOIN `users` ON `users`.`id` = `anggota`.`id_anggota`
WHERE `nama_lengkap` LIKE \'%ziyad%\' ESCAPE \'!\'
OR  `no_ktp` LIKE \'%ziyad%\' ESCAPE \'!\'
 LIMIT 10')
 2 SYSTEMPATH\Database\BaseConnection.php(646): CodeIgniter\Database\BaseConnection->simpleQuery('SELECT `anggota`.*, `users`.`id` AS `id_user`, `users`.`username` AS `username_user`
FROM `anggota`
LEFT JOIN `users` ON `users`.`id` = `anggota`.`id_anggota`
WHERE `nama_lengkap` LIKE \'%ziyad%\' ESCAPE \'!\'
OR  `no_ktp` LIKE \'%ziyad%\' ESCAPE \'!\'
 LIMIT 10')
 3 SYSTEMPATH\Database\BaseBuilder.php(1649): CodeIgniter\Database\BaseConnection->query('SELECT `anggota`.*, `users`.`id` AS `id_user`, `users`.`username` AS `username_user`
FROM `anggota`
LEFT JOIN `users` ON `users`.`id` = `anggota`.`id_anggota`
WHERE `nama_lengkap` LIKE :nama_lengkap: ESCAPE \'!\'
OR  `no_ktp` LIKE :no_ktp: ESCAPE \'!\'
 LIMIT 10', [...], false)
 4 SYSTEMPATH\Model.php(286): CodeIgniter\Database\BaseBuilder->get()
 5 SYSTEMPATH\BaseModel.php(677): CodeIgniter\Model->doFindAll(10, 0)
 6 APPPATH\Controllers\AdminDashboard.php(115): CodeIgniter\BaseModel->findAll(10)
 7 SYSTEMPATH\CodeIgniter.php(933): App\Controllers\AdminDashboard->searchAnggota()
 8 SYSTEMPATH\CodeIgniter.php(507): CodeIgniter\CodeIgniter->runController(Object(App\Controllers\AdminDashboard))
 9 SYSTEMPATH\CodeIgniter.php(354): CodeIgniter\CodeIgniter->handleRequest(null, Object(Config\Cache), false)
10 SYSTEMPATH\Boot.php(363): CodeIgniter\CodeIgniter->run()
11 SYSTEMPATH\Boot.php(68): CodeIgniter\Boot::runCodeIgniter(Object(CodeIgniter\CodeIgniter))
12 FCPATH\index.php(59): CodeIgniter\Boot::bootWeb(Object(Config\Paths))
13 SYSTEMPATH\rewrite.php(44): require_once('D:\\Kumpulan Project IT\\Project Web\\koperasi-samara\\public\\index.php')
CRITICAL - 2026-08-03 02:55:39 --> [Caused by] mysqli_sql_exception: Column 'nama_lengkap' in where clause is ambiguous
in SYSTEMPATH\Database\MySQLi\Connection.php on line 327.
 1 SYSTEMPATH\Database\MySQLi\Connection.php(327): mysqli->query('SELECT `anggota`.*, `users`.`id` AS `id_user`, `users`.`username` AS `username_user`
FROM `anggota`
LEFT JOIN `users` ON `users`.`id` = `anggota`.`id_anggota`
WHERE `nama_lengkap` LIKE \'%ziyad%\' ESCAPE \'!\'
OR  `no_ktp` LIKE \'%ziyad%\' ESCAPE \'!\'
 LIMIT 10', 0)
 2 SYSTEMPATH\Database\BaseConnection.php(729): CodeIgniter\Database\MySQLi\Connection->execute('SELECT `anggota`.*, `users`.`id` AS `id_user`, `users`.`username` AS `username_user`
FROM `anggota`
LEFT JOIN `users` ON `users`.`id` = `anggota`.`id_anggota`
WHERE `nama_lengkap` LIKE \'%ziyad%\' ESCAPE \'!\'
OR  `no_ktp` LIKE \'%ziyad%\' ESCAPE \'!\'
 LIMIT 10')
 3 SYSTEMPATH\Database\BaseConnection.php(646): CodeIgniter\Database\BaseConnection->simpleQuery('SELECT `anggota`.*, `users`.`id` AS `id_user`, `users`.`username` AS `username_user`
FROM `anggota`
LEFT JOIN `users` ON `users`.`id` = `anggota`.`id_anggota`
WHERE `nama_lengkap` LIKE \'%ziyad%\' ESCAPE \'!\'
OR  `no_ktp` LIKE \'%ziyad%\' ESCAPE \'!\'
 LIMIT 10')
 4 SYSTEMPATH\Database\BaseBuilder.php(1649): CodeIgniter\Database\BaseConnection->query('SELECT `anggota`.*, `users`.`id` AS `id_user`, `users`.`username` AS `username_user`
FROM `anggota`
LEFT JOIN `users` ON `users`.`id` = `anggota`.`id_anggota`
WHERE `nama_lengkap` LIKE :nama_lengkap: ESCAPE \'!\'
OR  `no_ktp` LIKE :no_ktp: ESCAPE \'!\'
 LIMIT 10', [...], false)
 5 SYSTEMPATH\Model.php(286): CodeIgniter\Database\BaseBuilder->get()
 6 SYSTEMPATH\BaseModel.php(677): CodeIgniter\Model->doFindAll(10, 0)
 7 APPPATH\Controllers\AdminDashboard.php(115): CodeIgniter\BaseModel->findAll(10)
 8 SYSTEMPATH\CodeIgniter.php(933): App\Controllers\AdminDashboard->searchAnggota()
 9 SYSTEMPATH\CodeIgniter.php(507): CodeIgniter\CodeIgniter->runController(Object(App\Controllers\AdminDashboard))
10 SYSTEMPATH\CodeIgniter.php(354): CodeIgniter\CodeIgniter->handleRequest(null, Object(Config\Cache), false)
11 SYSTEMPATH\Boot.php(363): CodeIgniter\CodeIgniter->run()
12 SYSTEMPATH\Boot.php(68): CodeIgniter\Boot::runCodeIgniter(Object(CodeIgniter\CodeIgniter))
13 FCPATH\index.php(59): CodeIgniter\Boot::bootWeb(Object(Config\Paths))
14 SYSTEMPATH\rewrite.php(44): require_once('D:\\Kumpulan Project IT\\Project Web\\koperasi-samara\\public\\index.php')
DEBUG - 2026-08-03 02:55:39 --> Session: Class initialized using 'CodeIgniter\Session\Handlers\FileHandler' driver.
ERROR - 2026-08-03 02:55:39 --> mysqli_sql_exception: Column 'nama_lengkap' in where clause is ambiguous in D:\Kumpulan Project IT\Project Web\koperasi-samara\system\Database\MySQLi\Connection.php:327
Stack trace:
#0 D:\Kumpulan Project IT\Project Web\koperasi-samara\system\Database\MySQLi\Connection.php(327): mysqli->query('SELECT `anggota...', 0)
#1 D:\Kumpulan Project IT\Project Web\koperasi-samara\system\Database\BaseConnection.php(729): CodeIgniter\Database\MySQLi\Connection->execute('SELECT `anggota...')
#2 D:\Kumpulan Project IT\Project Web\koperasi-samara\system\Database\BaseConnection.php(646): CodeIgniter\Database\BaseConnection->simpleQuery('SELECT `anggota...')
#3 D:\Kumpulan Project IT\Project Web\koperasi-samara\system\Database\BaseBuilder.php(1649): CodeIgniter\Database\BaseConnection->query('SELECT `anggota...', Array, false)
#4 D:\Kumpulan Project IT\Project Web\koperasi-samara\system\Model.php(286): CodeIgniter\Database\BaseBuilder->get()
#5 D:\Kumpulan Project IT\Project Web\koperasi-samara\system\BaseModel.php(677): CodeIgniter\Model->doFindAll(10, 0)
#6 D:\Kumpulan Project IT\Project Web\koperasi-samara\app\Controllers\AdminDashboard.php(115): CodeIgniter\BaseModel->findAll(10)
#7 D:\Kumpulan Project IT\Project Web\koperasi-samara\system\CodeIgniter.php(933): App\Controllers\AdminDashboard->searchAnggota()
#8 D:\Kumpulan Project IT\Project Web\koperasi-samara\system\CodeIgniter.php(507): CodeIgniter\CodeIgniter->runController(Object(App\Controllers\AdminDashboard))
#9 D:\Kumpulan Project IT\Project Web\koperasi-samara\system\CodeIgniter.php(354): CodeIgniter\CodeIgniter->handleRequest(NULL, Object(Config\Cache), false)
#10 D:\Kumpulan Project IT\Project Web\koperasi-samara\system\Boot.php(363): CodeIgniter\CodeIgniter->run()
#11 D:\Kumpulan Project IT\Project Web\koperasi-samara\system\Boot.php(68): CodeIgniter\Boot::runCodeIgniter(Object(CodeIgniter\CodeIgniter))
#12 D:\Kumpulan Project IT\Project Web\koperasi-samara\public\index.php(59): CodeIgniter\Boot::bootWeb(Object(Config\Paths))
#13 D:\Kumpulan Project IT\Project Web\koperasi-samara\system\rewrite.php(44): require_once('D:\\Kumpulan Pro...')
#14 {main}
CRITICAL - 2026-08-03 02:55:39 --> CodeIgniter\Database\Exceptions\DatabaseException: Column 'nama_lengkap' in where clause is ambiguous
[Method: GET, Route: admin/search-anggota]
in SYSTEMPATH\Database\BaseConnection.php on line 684.
 1 SYSTEMPATH\Database\BaseBuilder.php(1649): CodeIgniter\Database\BaseConnection->query('SELECT `anggota`.*, `users`.`id` AS `id_user`, `users`.`username` AS `username_user`
FROM `anggota`
LEFT JOIN `users` ON `users`.`id` = `anggota`.`id_anggota`
WHERE `nama_lengkap` LIKE :nama_lengkap: ESCAPE \'!\'
OR  `no_ktp` LIKE :no_ktp: ESCAPE \'!\'
 LIMIT 10', [...], false)
 2 SYSTEMPATH\Model.php(286): CodeIgniter\Database\BaseBuilder->get()
 3 SYSTEMPATH\BaseModel.php(677): CodeIgniter\Model->doFindAll(10, 0)
 4 APPPATH\Controllers\AdminDashboard.php(115): CodeIgniter\BaseModel->findAll(10)
 5 SYSTEMPATH\CodeIgniter.php(933): App\Controllers\AdminDashboard->searchAnggota()
 6 SYSTEMPATH\CodeIgniter.php(507): CodeIgniter\CodeIgniter->runController(Object(App\Controllers\AdminDashboard))
 7 SYSTEMPATH\CodeIgniter.php(354): CodeIgniter\CodeIgniter->handleRequest(null, Object(Config\Cache), false)
 8 SYSTEMPATH\Boot.php(363): CodeIgniter\CodeIgniter->run()
 9 SYSTEMPATH\Boot.php(68): CodeIgniter\Boot::runCodeIgniter(Object(CodeIgniter\CodeIgniter))
10 FCPATH\index.php(59): CodeIgniter\Boot::bootWeb(Object(Config\Paths))
11 SYSTEMPATH\rewrite.php(44): require_once('D:\\Kumpulan Project IT\\Project Web\\koperasi-samara\\public\\index.php')
CRITICAL - 2026-08-03 02:55:39 --> [Caused by] CodeIgniter\Database\Exceptions\DatabaseException: Column 'nama_lengkap' in where clause is ambiguous
in SYSTEMPATH\Database\MySQLi\Connection.php on line 332.
 1 SYSTEMPATH\Database\BaseConnection.php(729): CodeIgniter\Database\MySQLi\Connection->execute('SELECT `anggota`.*, `users`.`id` AS `id_user`, `users`.`username` AS `username_user`
FROM `anggota`
LEFT JOIN `users` ON `users`.`id` = `anggota`.`id_anggota`
WHERE `nama_lengkap` LIKE \'%ziya%\' ESCAPE \'!\'
OR  `no_ktp` LIKE \'%ziya%\' ESCAPE \'!\'
 LIMIT 10')
 2 SYSTEMPATH\Database\BaseConnection.php(646): CodeIgniter\Database\BaseConnection->simpleQuery('SELECT `anggota`.*, `users`.`id` AS `id_user`, `users`.`username` AS `username_user`
FROM `anggota`
LEFT JOIN `users` ON `users`.`id` = `anggota`.`id_anggota`
WHERE `nama_lengkap` LIKE \'%ziya%\' ESCAPE \'!\'
OR  `no_ktp` LIKE \'%ziya%\' ESCAPE \'!\'
 LIMIT 10')
 3 SYSTEMPATH\Database\BaseBuilder.php(1649): CodeIgniter\Database\BaseConnection->query('SELECT `anggota`.*, `users`.`id` AS `id_user`, `users`.`username` AS `username_user`
FROM `anggota`
LEFT JOIN `users` ON `users`.`id` = `anggota`.`id_anggota`
WHERE `nama_lengkap` LIKE :nama_lengkap: ESCAPE \'!\'
OR  `no_ktp` LIKE :no_ktp: ESCAPE \'!\'
 LIMIT 10', [...], false)
 4 SYSTEMPATH\Model.php(286): CodeIgniter\Database\BaseBuilder->get()
 5 SYSTEMPATH\BaseModel.php(677): CodeIgniter\Model->doFindAll(10, 0)
 6 APPPATH\Controllers\AdminDashboard.php(115): CodeIgniter\BaseModel->findAll(10)
 7 SYSTEMPATH\CodeIgniter.php(933): App\Controllers\AdminDashboard->searchAnggota()
 8 SYSTEMPATH\CodeIgniter.php(507): CodeIgniter\CodeIgniter->runController(Object(App\Controllers\AdminDashboard))
 9 SYSTEMPATH\CodeIgniter.php(354): CodeIgniter\CodeIgniter->handleRequest(null, Object(Config\Cache), false)
10 SYSTEMPATH\Boot.php(363): CodeIgniter\CodeIgniter->run()
11 SYSTEMPATH\Boot.php(68): CodeIgniter\Boot::runCodeIgniter(Object(CodeIgniter\CodeIgniter))
12 FCPATH\index.php(59): CodeIgniter\Boot::bootWeb(Object(Config\Paths))
13 SYSTEMPATH\rewrite.php(44): require_once('D:\\Kumpulan Project IT\\Project Web\\koperasi-samara\\public\\index.php')
CRITICAL - 2026-08-03 02:55:39 --> [Caused by] mysqli_sql_exception: Column 'nama_lengkap' in where clause is ambiguous
in SYSTEMPATH\Database\MySQLi\Connection.php on line 327.
 1 SYSTEMPATH\Database\MySQLi\Connection.php(327): mysqli->query('SELECT `anggota`.*, `users`.`id` AS `id_user`, `users`.`username` AS `username_user`
FROM `anggota`
LEFT JOIN `users` ON `users`.`id` = `anggota`.`id_anggota`
WHERE `nama_lengkap` LIKE \'%ziya%\' ESCAPE \'!\'
OR  `no_ktp` LIKE \'%ziya%\' ESCAPE \'!\'
 LIMIT 10', 0)
 2 SYSTEMPATH\Database\BaseConnection.php(729): CodeIgniter\Database\MySQLi\Connection->execute('SELECT `anggota`.*, `users`.`id` AS `id_user`, `users`.`username` AS `username_user`
FROM `anggota`
LEFT JOIN `users` ON `users`.`id` = `anggota`.`id_anggota`
WHERE `nama_lengkap` LIKE \'%ziya%\' ESCAPE \'!\'
OR  `no_ktp` LIKE \'%ziya%\' ESCAPE \'!\'
 LIMIT 10')
 3 SYSTEMPATH\Database\BaseConnection.php(646): CodeIgniter\Database\BaseConnection->simpleQuery('SELECT `anggota`.*, `users`.`id` AS `id_user`, `users`.`username` AS `username_user`
FROM `anggota`
LEFT JOIN `users` ON `users`.`id` = `anggota`.`id_anggota`
WHERE `nama_lengkap` LIKE \'%ziya%\' ESCAPE \'!\'
OR  `no_ktp` LIKE \'%ziya%\' ESCAPE \'!\'
 LIMIT 10')
 4 SYSTEMPATH\Database\BaseBuilder.php(1649): CodeIgniter\Database\BaseConnection->query('SELECT `anggota`.*, `users`.`id` AS `id_user`, `users`.`username` AS `username_user`
FROM `anggota`
LEFT JOIN `users` ON `users`.`id` = `anggota`.`id_anggota`
WHERE `nama_lengkap` LIKE :nama_lengkap: ESCAPE \'!\'
OR  `no_ktp` LIKE :no_ktp: ESCAPE \'!\'
 LIMIT 10', [...], false)
 5 SYSTEMPATH\Model.php(286): CodeIgniter\Database\BaseBuilder->get()
 6 SYSTEMPATH\BaseModel.php(677): CodeIgniter\Model->doFindAll(10, 0)
 7 APPPATH\Controllers\AdminDashboard.php(115): CodeIgniter\BaseModel->findAll(10)
 8 SYSTEMPATH\CodeIgniter.php(933): App\Controllers\AdminDashboard->searchAnggota()
 9 SYSTEMPATH\CodeIgniter.php(507): CodeIgniter\CodeIgniter->runController(Object(App\Controllers\AdminDashboard))
10 SYSTEMPATH\CodeIgniter.php(354): CodeIgniter\CodeIgniter->handleRequest(null, Object(Config\Cache), false)
11 SYSTEMPATH\Boot.php(363): CodeIgniter\CodeIgniter->run()
12 SYSTEMPATH\Boot.php(68): CodeIgniter\Boot::runCodeIgniter(Object(CodeIgniter\CodeIgniter))
13 FCPATH\index.php(59): CodeIgniter\Boot::bootWeb(Object(Config\Paths))
14 SYSTEMPATH\rewrite.php(44): require_once('D:\\Kumpulan Project IT\\Project Web\\koperasi-samara\\public\\index.php')
DEBUG - 2026-08-03 02:55:39 --> Session: Class initialized using 'CodeIgniter\Session\Handlers\FileHandler' driver.
ERROR - 2026-08-03 02:55:39 --> mysqli_sql_exception: Column 'nama_lengkap' in where clause is ambiguous in D:\Kumpulan Project IT\Project Web\koperasi-samara\system\Database\MySQLi\Connection.php:327
Stack trace:
#0 D:\Kumpulan Project IT\Project Web\koperasi-samara\system\Database\MySQLi\Connection.php(327): mysqli->query('SELECT `anggota...', 0)
#1 D:\Kumpulan Project IT\Project Web\koperasi-samara\system\Database\BaseConnection.php(729): CodeIgniter\Database\MySQLi\Connection->execute('SELECT `anggota...')
#2 D:\Kumpulan Project IT\Project Web\koperasi-samara\system\Database\BaseConnection.php(646): CodeIgniter\Database\BaseConnection->simpleQuery('SELECT `anggota...')
#3 D:\Kumpulan Project IT\Project Web\koperasi-samara\system\Database\BaseBuilder.php(1649): CodeIgniter\Database\BaseConnection->query('SELECT `anggota...', Array, false)
#4 D:\Kumpulan Project IT\Project Web\koperasi-samara\system\Model.php(286): CodeIgniter\Database\BaseBuilder->get()
#5 D:\Kumpulan Project IT\Project Web\koperasi-samara\system\BaseModel.php(677): CodeIgniter\Model->doFindAll(10, 0)
#6 D:\Kumpulan Project IT\Project Web\koperasi-samara\app\Controllers\AdminDashboard.php(115): CodeIgniter\BaseModel->findAll(10)
#7 D:\Kumpulan Project IT\Project Web\koperasi-samara\system\CodeIgniter.php(933): App\Controllers\AdminDashboard->searchAnggota()
#8 D:\Kumpulan Project IT\Project Web\koperasi-samara\system\CodeIgniter.php(507): CodeIgniter\CodeIgniter->runController(Object(App\Controllers\AdminDashboard))
#9 D:\Kumpulan Project IT\Project Web\koperasi-samara\system\CodeIgniter.php(354): CodeIgniter\CodeIgniter->handleRequest(NULL, Object(Config\Cache), false)
#10 D:\Kumpulan Project IT\Project Web\koperasi-samara\system\Boot.php(363): CodeIgniter\CodeIgniter->run()
#11 D:\Kumpulan Project IT\Project Web\koperasi-samara\system\Boot.php(68): CodeIgniter\Boot::runCodeIgniter(Object(CodeIgniter\CodeIgniter))
#12 D:\Kumpulan Project IT\Project Web\koperasi-samara\public\index.php(59): CodeIgniter\Boot::bootWeb(Object(Config\Paths))
#13 D:\Kumpulan Project IT\Project Web\koperasi-samara\system\rewrite.php(44): require_once('D:\\Kumpulan Pro...')
#14 {main}
CRITICAL - 2026-08-03 02:55:39 --> CodeIgniter\Database\Exceptions\DatabaseException: Column 'nama_lengkap' in where clause is ambiguous
[Method: GET, Route: admin/search-anggota]
in SYSTEMPATH\Database\BaseConnection.php on line 684.
 1 SYSTEMPATH\Database\BaseBuilder.php(1649): CodeIgniter\Database\BaseConnection->query('SELECT `anggota`.*, `users`.`id` AS `id_user`, `users`.`username` AS `username_user`
FROM `anggota`
LEFT JOIN `users` ON `users`.`id` = `anggota`.`id_anggota`
WHERE `nama_lengkap` LIKE :nama_lengkap: ESCAPE \'!\'
OR  `no_ktp` LIKE :no_ktp: ESCAPE \'!\'
 LIMIT 10', [...], false)
 2 SYSTEMPATH\Model.php(286): CodeIgniter\Database\BaseBuilder->get()
 3 SYSTEMPATH\BaseModel.php(677): CodeIgniter\Model->doFindAll(10, 0)
 4 APPPATH\Controllers\AdminDashboard.php(115): CodeIgniter\BaseModel->findAll(10)
 5 SYSTEMPATH\CodeIgniter.php(933): App\Controllers\AdminDashboard->searchAnggota()
 6 SYSTEMPATH\CodeIgniter.php(507): CodeIgniter\CodeIgniter->runController(Object(App\Controllers\AdminDashboard))
 7 SYSTEMPATH\CodeIgniter.php(354): CodeIgniter\CodeIgniter->handleRequest(null, Object(Config\Cache), false)
 8 SYSTEMPATH\Boot.php(363): CodeIgniter\CodeIgniter->run()
 9 SYSTEMPATH\Boot.php(68): CodeIgniter\Boot::runCodeIgniter(Object(CodeIgniter\CodeIgniter))
10 FCPATH\index.php(59): CodeIgniter\Boot::bootWeb(Object(Config\Paths))
11 SYSTEMPATH\rewrite.php(44): require_once('D:\\Kumpulan Project IT\\Project Web\\koperasi-samara\\public\\index.php')
CRITICAL - 2026-08-03 02:55:39 --> [Caused by] CodeIgniter\Database\Exceptions\DatabaseException: Column 'nama_lengkap' in where clause is ambiguous
in SYSTEMPATH\Database\MySQLi\Connection.php on line 332.
 1 SYSTEMPATH\Database\BaseConnection.php(729): CodeIgniter\Database\MySQLi\Connection->execute('SELECT `anggota`.*, `users`.`id` AS `id_user`, `users`.`username` AS `username_user`
FROM `anggota`
LEFT JOIN `users` ON `users`.`id` = `anggota`.`id_anggota`
WHERE `nama_lengkap` LIKE \'%ziy%\' ESCAPE \'!\'
OR  `no_ktp` LIKE \'%ziy%\' ESCAPE \'!\'
 LIMIT 10')
 2 SYSTEMPATH\Database\BaseConnection.php(646): CodeIgniter\Database\BaseConnection->simpleQuery('SELECT `anggota`.*, `users`.`id` AS `id_user`, `users`.`username` AS `username_user`
FROM `anggota`
LEFT JOIN `users` ON `users`.`id` = `anggota`.`id_anggota`
WHERE `nama_lengkap` LIKE \'%ziy%\' ESCAPE \'!\'
OR  `no_ktp` LIKE \'%ziy%\' ESCAPE \'!\'
 LIMIT 10')
 3 SYSTEMPATH\Database\BaseBuilder.php(1649): CodeIgniter\Database\BaseConnection->query('SELECT `anggota`.*, `users`.`id` AS `id_user`, `users`.`username` AS `username_user`
FROM `anggota`
LEFT JOIN `users` ON `users`.`id` = `anggota`.`id_anggota`
WHERE `nama_lengkap` LIKE :nama_lengkap: ESCAPE \'!\'
OR  `no_ktp` LIKE :no_ktp: ESCAPE \'!\'
 LIMIT 10', [...], false)
 4 SYSTEMPATH\Model.php(286): CodeIgniter\Database\BaseBuilder->get()
 5 SYSTEMPATH\BaseModel.php(677): CodeIgniter\Model->doFindAll(10, 0)
 6 APPPATH\Controllers\AdminDashboard.php(115): CodeIgniter\BaseModel->findAll(10)
 7 SYSTEMPATH\CodeIgniter.php(933): App\Controllers\AdminDashboard->searchAnggota()
 8 SYSTEMPATH\CodeIgniter.php(507): CodeIgniter\CodeIgniter->runController(Object(App\Controllers\AdminDashboard))
 9 SYSTEMPATH\CodeIgniter.php(354): CodeIgniter\CodeIgniter->handleRequest(null, Object(Config\Cache), false)
10 SYSTEMPATH\Boot.php(363): CodeIgniter\CodeIgniter->run()
11 SYSTEMPATH\Boot.php(68): CodeIgniter\Boot::runCodeIgniter(Object(CodeIgniter\CodeIgniter))
12 FCPATH\index.php(59): CodeIgniter\Boot::bootWeb(Object(Config\Paths))
13 SYSTEMPATH\rewrite.php(44): require_once('D:\\Kumpulan Project IT\\Project Web\\koperasi-samara\\public\\index.php')
CRITICAL - 2026-08-03 02:55:39 --> [Caused by] mysqli_sql_exception: Column 'nama_lengkap' in where clause is ambiguous
in SYSTEMPATH\Database\MySQLi\Connection.php on line 327.
 1 SYSTEMPATH\Database\MySQLi\Connection.php(327): mysqli->query('SELECT `anggota`.*, `users`.`id` AS `id_user`, `users`.`username` AS `username_user`
FROM `anggota`
LEFT JOIN `users` ON `users`.`id` = `anggota`.`id_anggota`
WHERE `nama_lengkap` LIKE \'%ziy%\' ESCAPE \'!\'
OR  `no_ktp` LIKE \'%ziy%\' ESCAPE \'!\'
 LIMIT 10', 0)
 2 SYSTEMPATH\Database\BaseConnection.php(729): CodeIgniter\Database\MySQLi\Connection->execute('SELECT `anggota`.*, `users`.`id` AS `id_user`, `users`.`username` AS `username_user`
FROM `anggota`
LEFT JOIN `users` ON `users`.`id` = `anggota`.`id_anggota`
WHERE `nama_lengkap` LIKE \'%ziy%\' ESCAPE \'!\'
OR  `no_ktp` LIKE \'%ziy%\' ESCAPE \'!\'
 LIMIT 10')
 3 SYSTEMPATH\Database\BaseConnection.php(646): CodeIgniter\Database\BaseConnection->simpleQuery('SELECT `anggota`.*, `users`.`id` AS `id_user`, `users`.`username` AS `username_user`
FROM `anggota`
LEFT JOIN `users` ON `users`.`id` = `anggota`.`id_anggota`
WHERE `nama_lengkap` LIKE \'%ziy%\' ESCAPE \'!\'
OR  `no_ktp` LIKE \'%ziy%\' ESCAPE \'!\'
 LIMIT 10')
 4 SYSTEMPATH\Database\BaseBuilder.php(1649): CodeIgniter\Database\BaseConnection->query('SELECT `anggota`.*, `users`.`id` AS `id_user`, `users`.`username` AS `username_user`
FROM `anggota`
LEFT JOIN `users` ON `users`.`id` = `anggota`.`id_anggota`
WHERE `nama_lengkap` LIKE :nama_lengkap: ESCAPE \'!\'
OR  `no_ktp` LIKE :no_ktp: ESCAPE \'!\'
 LIMIT 10', [...], false)
 5 SYSTEMPATH\Model.php(286): CodeIgniter\Database\BaseBuilder->get()
 6 SYSTEMPATH\BaseModel.php(677): CodeIgniter\Model->doFindAll(10, 0)
 7 APPPATH\Controllers\AdminDashboard.php(115): CodeIgniter\BaseModel->findAll(10)
 8 SYSTEMPATH\CodeIgniter.php(933): App\Controllers\AdminDashboard->searchAnggota()
 9 SYSTEMPATH\CodeIgniter.php(507): CodeIgniter\CodeIgniter->runController(Object(App\Controllers\AdminDashboard))
10 SYSTEMPATH\CodeIgniter.php(354): CodeIgniter\CodeIgniter->handleRequest(null, Object(Config\Cache), false)
11 SYSTEMPATH\Boot.php(363): CodeIgniter\CodeIgniter->run()
12 SYSTEMPATH\Boot.php(68): CodeIgniter\Boot::runCodeIgniter(Object(CodeIgniter\CodeIgniter))
13 FCPATH\index.php(59): CodeIgniter\Boot::bootWeb(Object(Config\Paths))
14 SYSTEMPATH\rewrite.php(44): require_once('D:\\Kumpulan Project IT\\Project Web\\koperasi-samara\\public\\index.php')
DEBUG - 2026-08-03 02:55:40 --> Session: Class initialized using 'CodeIgniter\Session\Handlers\FileHandler' driver.
ERROR - 2026-08-03 02:55:40 --> mysqli_sql_exception: Column 'nama_lengkap' in where clause is ambiguous in D:\Kumpulan Project IT\Project Web\koperasi-samara\system\Database\MySQLi\Connection.php:327
Stack trace:
#0 D:\Kumpulan Project IT\Project Web\koperasi-samara\system\Database\MySQLi\Connection.php(327): mysqli->query('SELECT `anggota...', 0)
#1 D:\Kumpulan Project IT\Project Web\koperasi-samara\system\Database\BaseConnection.php(729): CodeIgniter\Database\MySQLi\Connection->execute('SELECT `anggota...')
#2 D:\Kumpulan Project IT\Project Web\koperasi-samara\system\Database\BaseConnection.php(646): CodeIgniter\Database\BaseConnection->simpleQuery('SELECT `anggota...')
#3 D:\Kumpulan Project IT\Project Web\koperasi-samara\system\Database\BaseBuilder.php(1649): CodeIgniter\Database\BaseConnection->query('SELECT `anggota...', Array, false)
#4 D:\Kumpulan Project IT\Project Web\koperasi-samara\system\Model.php(286): CodeIgniter\Database\BaseBuilder->get()
#5 D:\Kumpulan Project IT\Project Web\koperasi-samara\system\BaseModel.php(677): CodeIgniter\Model->doFindAll(10, 0)
#6 D:\Kumpulan Project IT\Project Web\koperasi-samara\app\Controllers\AdminDashboard.php(115): CodeIgniter\BaseModel->findAll(10)
#7 D:\Kumpulan Project IT\Project Web\koperasi-samara\system\CodeIgniter.php(933): App\Controllers\AdminDashboard->searchAnggota()
#8 D:\Kumpulan Project IT\Project Web\koperasi-samara\system\CodeIgniter.php(507): CodeIgniter\CodeIgniter->runController(Object(App\Controllers\AdminDashboard))
#9 D:\Kumpulan Project IT\Project Web\koperasi-samara\system\CodeIgniter.php(354): CodeIgniter\CodeIgniter->handleRequest(NULL, Object(Config\Cache), false)
#10 D:\Kumpulan Project IT\Project Web\koperasi-samara\system\Boot.php(363): CodeIgniter\CodeIgniter->run()
#11 D:\Kumpulan Project IT\Project Web\koperasi-samara\system\Boot.php(68): CodeIgniter\Boot::runCodeIgniter(Object(CodeIgniter\CodeIgniter))
#12 D:\Kumpulan Project IT\Project Web\koperasi-samara\public\index.php(59): CodeIgniter\Boot::bootWeb(Object(Config\Paths))
#13 D:\Kumpulan Project IT\Project Web\koperasi-samara\system\rewrite.php(44): require_once('D:\\Kumpulan Pro...')
#14 {main}
CRITICAL - 2026-08-03 02:55:40 --> CodeIgniter\Database\Exceptions\DatabaseException: Column 'nama_lengkap' in where clause is ambiguous
[Method: GET, Route: admin/search-anggota]
in SYSTEMPATH\Database\BaseConnection.php on line 684.
 1 SYSTEMPATH\Database\BaseBuilder.php(1649): CodeIgniter\Database\BaseConnection->query('SELECT `anggota`.*, `users`.`id` AS `id_user`, `users`.`username` AS `username_user`
FROM `anggota`
LEFT JOIN `users` ON `users`.`id` = `anggota`.`id_anggota`
WHERE `nama_lengkap` LIKE :nama_lengkap: ESCAPE \'!\'
OR  `no_ktp` LIKE :no_ktp: ESCAPE \'!\'
 LIMIT 10', [...], false)
 2 SYSTEMPATH\Model.php(286): CodeIgniter\Database\BaseBuilder->get()
 3 SYSTEMPATH\BaseModel.php(677): CodeIgniter\Model->doFindAll(10, 0)
 4 APPPATH\Controllers\AdminDashboard.php(115): CodeIgniter\BaseModel->findAll(10)
 5 SYSTEMPATH\CodeIgniter.php(933): App\Controllers\AdminDashboard->searchAnggota()
 6 SYSTEMPATH\CodeIgniter.php(507): CodeIgniter\CodeIgniter->runController(Object(App\Controllers\AdminDashboard))
 7 SYSTEMPATH\CodeIgniter.php(354): CodeIgniter\CodeIgniter->handleRequest(null, Object(Config\Cache), false)
 8 SYSTEMPATH\Boot.php(363): CodeIgniter\CodeIgniter->run()
 9 SYSTEMPATH\Boot.php(68): CodeIgniter\Boot::runCodeIgniter(Object(CodeIgniter\CodeIgniter))
10 FCPATH\index.php(59): CodeIgniter\Boot::bootWeb(Object(Config\Paths))
11 SYSTEMPATH\rewrite.php(44): require_once('D:\\Kumpulan Project IT\\Project Web\\koperasi-samara\\public\\index.php')
CRITICAL - 2026-08-03 02:55:40 --> [Caused by] CodeIgniter\Database\Exceptions\DatabaseException: Column 'nama_lengkap' in where clause is ambiguous
in SYSTEMPATH\Database\MySQLi\Connection.php on line 332.
 1 SYSTEMPATH\Database\BaseConnection.php(729): CodeIgniter\Database\MySQLi\Connection->execute('SELECT `anggota`.*, `users`.`id` AS `id_user`, `users`.`username` AS `username_user`
FROM `anggota`
LEFT JOIN `users` ON `users`.`id` = `anggota`.`id_anggota`
WHERE `nama_lengkap` LIKE \'%zi%\' ESCAPE \'!\'
OR  `no_ktp` LIKE \'%zi%\' ESCAPE \'!\'
 LIMIT 10')
 2 SYSTEMPATH\Database\BaseConnection.php(646): CodeIgniter\Database\BaseConnection->simpleQuery('SELECT `anggota`.*, `users`.`id` AS `id_user`, `users`.`username` AS `username_user`
FROM `anggota`
LEFT JOIN `users` ON `users`.`id` = `anggota`.`id_anggota`
WHERE `nama_lengkap` LIKE \'%zi%\' ESCAPE \'!\'
OR  `no_ktp` LIKE \'%zi%\' ESCAPE \'!\'
 LIMIT 10')
 3 SYSTEMPATH\Database\BaseBuilder.php(1649): CodeIgniter\Database\BaseConnection->query('SELECT `anggota`.*, `users`.`id` AS `id_user`, `users`.`username` AS `username_user`
FROM `anggota`
LEFT JOIN `users` ON `users`.`id` = `anggota`.`id_anggota`
WHERE `nama_lengkap` LIKE :nama_lengkap: ESCAPE \'!\'
OR  `no_ktp` LIKE :no_ktp: ESCAPE \'!\'
 LIMIT 10', [...], false)
 4 SYSTEMPATH\Model.php(286): CodeIgniter\Database\BaseBuilder->get()
 5 SYSTEMPATH\BaseModel.php(677): CodeIgniter\Model->doFindAll(10, 0)
 6 APPPATH\Controllers\AdminDashboard.php(115): CodeIgniter\BaseModel->findAll(10)
 7 SYSTEMPATH\CodeIgniter.php(933): App\Controllers\AdminDashboard->searchAnggota()
 8 SYSTEMPATH\CodeIgniter.php(507): CodeIgniter\CodeIgniter->runController(Object(App\Controllers\AdminDashboard))
 9 SYSTEMPATH\CodeIgniter.php(354): CodeIgniter\CodeIgniter->handleRequest(null, Object(Config\Cache), false)
10 SYSTEMPATH\Boot.php(363): CodeIgniter\CodeIgniter->run()
11 SYSTEMPATH\Boot.php(68): CodeIgniter\Boot::runCodeIgniter(Object(CodeIgniter\CodeIgniter))
12 FCPATH\index.php(59): CodeIgniter\Boot::bootWeb(Object(Config\Paths))
13 SYSTEMPATH\rewrite.php(44): require_once('D:\\Kumpulan Project IT\\Project Web\\koperasi-samara\\public\\index.php')
CRITICAL - 2026-08-03 02:55:40 --> [Caused by] mysqli_sql_exception: Column 'nama_lengkap' in where clause is ambiguous
in SYSTEMPATH\Database\MySQLi\Connection.php on line 327.
 1 SYSTEMPATH\Database\MySQLi\Connection.php(327): mysqli->query('SELECT `anggota`.*, `users`.`id` AS `id_user`, `users`.`username` AS `username_user`
FROM `anggota`
LEFT JOIN `users` ON `users`.`id` = `anggota`.`id_anggota`
WHERE `nama_lengkap` LIKE \'%zi%\' ESCAPE \'!\'
OR  `no_ktp` LIKE \'%zi%\' ESCAPE \'!\'
 LIMIT 10', 0)
 2 SYSTEMPATH\Database\BaseConnection.php(729): CodeIgniter\Database\MySQLi\Connection->execute('SELECT `anggota`.*, `users`.`id` AS `id_user`, `users`.`username` AS `username_user`
FROM `anggota`
LEFT JOIN `users` ON `users`.`id` = `anggota`.`id_anggota`
WHERE `nama_lengkap` LIKE \'%zi%\' ESCAPE \'!\'
OR  `no_ktp` LIKE \'%zi%\' ESCAPE \'!\'
 LIMIT 10')
 3 SYSTEMPATH\Database\BaseConnection.php(646): CodeIgniter\Database\BaseConnection->simpleQuery('SELECT `anggota`.*, `users`.`id` AS `id_user`, `users`.`username` AS `username_user`
FROM `anggota`
LEFT JOIN `users` ON `users`.`id` = `anggota`.`id_anggota`
WHERE `nama_lengkap` LIKE \'%zi%\' ESCAPE \'!\'
OR  `no_ktp` LIKE \'%zi%\' ESCAPE \'!\'
 LIMIT 10')
 4 SYSTEMPATH\Database\BaseBuilder.php(1649): CodeIgniter\Database\BaseConnection->query('SELECT `anggota`.*, `users`.`id` AS `id_user`, `users`.`username` AS `username_user`
FROM `anggota`
LEFT JOIN `users` ON `users`.`id` = `anggota`.`id_anggota`
WHERE `nama_lengkap` LIKE :nama_lengkap: ESCAPE \'!\'
OR  `no_ktp` LIKE :no_ktp: ESCAPE \'!\'
 LIMIT 10', [...], false)
 5 SYSTEMPATH\Model.php(286): CodeIgniter\Database\BaseBuilder->get()
 6 SYSTEMPATH\BaseModel.php(677): CodeIgniter\Model->doFindAll(10, 0)
 7 APPPATH\Controllers\AdminDashboard.php(115): CodeIgniter\BaseModel->findAll(10)
 8 SYSTEMPATH\CodeIgniter.php(933): App\Controllers\AdminDashboard->searchAnggota()
 9 SYSTEMPATH\CodeIgniter.php(507): CodeIgniter\CodeIgniter->runController(Object(App\Controllers\AdminDashboard))
10 SYSTEMPATH\CodeIgniter.php(354): CodeIgniter\CodeIgniter->handleRequest(null, Object(Config\Cache), false)
11 SYSTEMPATH\Boot.php(363): CodeIgniter\CodeIgniter->run()
12 SYSTEMPATH\Boot.php(68): CodeIgniter\Boot::runCodeIgniter(Object(CodeIgniter\CodeIgniter))
13 FCPATH\index.php(59): CodeIgniter\Boot::bootWeb(Object(Config\Paths))
14 SYSTEMPATH\rewrite.php(44): require_once('D:\\Kumpulan Project IT\\Project Web\\koperasi-samara\\public\\index.php')
DEBUG - 2026-08-03 02:55:40 --> Session: Class initialized using 'CodeIgniter\Session\Handlers\FileHandler' driver.
ERROR - 2026-08-03 02:55:40 --> mysqli_sql_exception: Column 'nama_lengkap' in where clause is ambiguous in D:\Kumpulan Project IT\Project Web\koperasi-samara\system\Database\MySQLi\Connection.php:327
Stack trace:
#0 D:\Kumpulan Project IT\Project Web\koperasi-samara\system\Database\MySQLi\Connection.php(327): mysqli->query('SELECT `anggota...', 0)
#1 D:\Kumpulan Project IT\Project Web\koperasi-samara\system\Database\BaseConnection.php(729): CodeIgniter\Database\MySQLi\Connection->execute('SELECT `anggota...')
#2 D:\Kumpulan Project IT\Project Web\koperasi-samara\system\Database\BaseConnection.php(646): CodeIgniter\Database\BaseConnection->simpleQuery('SELECT `anggota...')
#3 D:\Kumpulan Project IT\Project Web\koperasi-samara\system\Database\BaseBuilder.php(1649): CodeIgniter\Database\BaseConnection->query('SELECT `anggota...', Array, false)
#4 D:\Kumpulan Project IT\Project Web\koperasi-samara\system\Model.php(286): CodeIgniter\Database\BaseBuilder->get()
#5 D:\Kumpulan Project IT\Project Web\koperasi-samara\system\BaseModel.php(677): CodeIgniter\Model->doFindAll(10, 0)
#6 D:\Kumpulan Project IT\Project Web\koperasi-samara\app\Controllers\AdminDashboard.php(115): CodeIgniter\BaseModel->findAll(10)
#7 D:\Kumpulan Project IT\Project Web\koperasi-samara\system\CodeIgniter.php(933): App\Controllers\AdminDashboard->searchAnggota()
#8 D:\Kumpulan Project IT\Project Web\koperasi-samara\system\CodeIgniter.php(507): CodeIgniter\CodeIgniter->runController(Object(App\Controllers\AdminDashboard))
#9 D:\Kumpulan Project IT\Project Web\koperasi-samara\system\CodeIgniter.php(354): CodeIgniter\CodeIgniter->handleRequest(NULL, Object(Config\Cache), false)
#10 D:\Kumpulan Project IT\Project Web\koperasi-samara\system\Boot.php(363): CodeIgniter\CodeIgniter->run()
#11 D:\Kumpulan Project IT\Project Web\koperasi-samara\system\Boot.php(68): CodeIgniter\Boot::runCodeIgniter(Object(CodeIgniter\CodeIgniter))
#12 D:\Kumpulan Project IT\Project Web\koperasi-samara\public\index.php(59): CodeIgniter\Boot::bootWeb(Object(Config\Paths))
#13 D:\Kumpulan Project IT\Project Web\koperasi-samara\system\rewrite.php(44): require_once('D:\\Kumpulan Pro...')
#14 {main}
CRITICAL - 2026-08-03 02:55:40 --> CodeIgniter\Database\Exceptions\DatabaseException: Column 'nama_lengkap' in where clause is ambiguous
[Method: GET, Route: admin/search-anggota]
in SYSTEMPATH\Database\BaseConnection.php on line 684.
 1 SYSTEMPATH\Database\BaseBuilder.php(1649): CodeIgniter\Database\BaseConnection->query('SELECT `anggota`.*, `users`.`id` AS `id_user`, `users`.`username` AS `username_user`
FROM `anggota`
LEFT JOIN `users` ON `users`.`id` = `anggota`.`id_anggota`
WHERE `nama_lengkap` LIKE :nama_lengkap: ESCAPE \'!\'
OR  `no_ktp` LIKE :no_ktp: ESCAPE \'!\'
 LIMIT 10', [...], false)
 2 SYSTEMPATH\Model.php(286): CodeIgniter\Database\BaseBuilder->get()
 3 SYSTEMPATH\BaseModel.php(677): CodeIgniter\Model->doFindAll(10, 0)
 4 APPPATH\Controllers\AdminDashboard.php(115): CodeIgniter\BaseModel->findAll(10)
 5 SYSTEMPATH\CodeIgniter.php(933): App\Controllers\AdminDashboard->searchAnggota()
 6 SYSTEMPATH\CodeIgniter.php(507): CodeIgniter\CodeIgniter->runController(Object(App\Controllers\AdminDashboard))
 7 SYSTEMPATH\CodeIgniter.php(354): CodeIgniter\CodeIgniter->handleRequest(null, Object(Config\Cache), false)
 8 SYSTEMPATH\Boot.php(363): CodeIgniter\CodeIgniter->run()
 9 SYSTEMPATH\Boot.php(68): CodeIgniter\Boot::runCodeIgniter(Object(CodeIgniter\CodeIgniter))
10 FCPATH\index.php(59): CodeIgniter\Boot::bootWeb(Object(Config\Paths))
11 SYSTEMPATH\rewrite.php(44): require_once('D:\\Kumpulan Project IT\\Project Web\\koperasi-samara\\public\\index.php')
CRITICAL - 2026-08-03 02:55:40 --> [Caused by] CodeIgniter\Database\Exceptions\DatabaseException: Column 'nama_lengkap' in where clause is ambiguous
in SYSTEMPATH\Database\MySQLi\Connection.php on line 332.
 1 SYSTEMPATH\Database\BaseConnection.php(729): CodeIgniter\Database\MySQLi\Connection->execute('SELECT `anggota`.*, `users`.`id` AS `id_user`, `users`.`username` AS `username_user`
FROM `anggota`
LEFT JOIN `users` ON `users`.`id` = `anggota`.`id_anggota`
WHERE `nama_lengkap` LIKE \'%z%\' ESCAPE \'!\'
OR  `no_ktp` LIKE \'%z%\' ESCAPE \'!\'
 LIMIT 10')
 2 SYSTEMPATH\Database\BaseConnection.php(646): CodeIgniter\Database\BaseConnection->simpleQuery('SELECT `anggota`.*, `users`.`id` AS `id_user`, `users`.`username` AS `username_user`
FROM `anggota`
LEFT JOIN `users` ON `users`.`id` = `anggota`.`id_anggota`
WHERE `nama_lengkap` LIKE \'%z%\' ESCAPE \'!\'
OR  `no_ktp` LIKE \'%z%\' ESCAPE \'!\'
 LIMIT 10')
 3 SYSTEMPATH\Database\BaseBuilder.php(1649): CodeIgniter\Database\BaseConnection->query('SELECT `anggota`.*, `users`.`id` AS `id_user`, `users`.`username` AS `username_user`
FROM `anggota`
LEFT JOIN `users` ON `users`.`id` = `anggota`.`id_anggota`
WHERE `nama_lengkap` LIKE :nama_lengkap: ESCAPE \'!\'
OR  `no_ktp` LIKE :no_ktp: ESCAPE \'!\'
 LIMIT 10', [...], false)
 4 SYSTEMPATH\Model.php(286): CodeIgniter\Database\BaseBuilder->get()
 5 SYSTEMPATH\BaseModel.php(677): CodeIgniter\Model->doFindAll(10, 0)
 6 APPPATH\Controllers\AdminDashboard.php(115): CodeIgniter\BaseModel->findAll(10)
 7 SYSTEMPATH\CodeIgniter.php(933): App\Controllers\AdminDashboard->searchAnggota()
 8 SYSTEMPATH\CodeIgniter.php(507): CodeIgniter\CodeIgniter->runController(Object(App\Controllers\AdminDashboard))
 9 SYSTEMPATH\CodeIgniter.php(354): CodeIgniter\CodeIgniter->handleRequest(null, Object(Config\Cache), false)
10 SYSTEMPATH\Boot.php(363): CodeIgniter\CodeIgniter->run()
11 SYSTEMPATH\Boot.php(68): CodeIgniter\Boot::runCodeIgniter(Object(CodeIgniter\CodeIgniter))
12 FCPATH\index.php(59): CodeIgniter\Boot::bootWeb(Object(Config\Paths))
13 SYSTEMPATH\rewrite.php(44): require_once('D:\\Kumpulan Project IT\\Project Web\\koperasi-samara\\public\\index.php')
CRITICAL - 2026-08-03 02:55:40 --> [Caused by] mysqli_sql_exception: Column 'nama_lengkap' in where clause is ambiguous
in SYSTEMPATH\Database\MySQLi\Connection.php on line 327.
 1 SYSTEMPATH\Database\MySQLi\Connection.php(327): mysqli->query('SELECT `anggota`.*, `users`.`id` AS `id_user`, `users`.`username` AS `username_user`
FROM `anggota`
LEFT JOIN `users` ON `users`.`id` = `anggota`.`id_anggota`
WHERE `nama_lengkap` LIKE \'%z%\' ESCAPE \'!\'
OR  `no_ktp` LIKE \'%z%\' ESCAPE \'!\'
 LIMIT 10', 0)
 2 SYSTEMPATH\Database\BaseConnection.php(729): CodeIgniter\Database\MySQLi\Connection->execute('SELECT `anggota`.*, `users`.`id` AS `id_user`, `users`.`username` AS `username_user`
FROM `anggota`
LEFT JOIN `users` ON `users`.`id` = `anggota`.`id_anggota`
WHERE `nama_lengkap` LIKE \'%z%\' ESCAPE \'!\'
OR  `no_ktp` LIKE \'%z%\' ESCAPE \'!\'
 LIMIT 10')
 3 SYSTEMPATH\Database\BaseConnection.php(646): CodeIgniter\Database\BaseConnection->simpleQuery('SELECT `anggota`.*, `users`.`id` AS `id_user`, `users`.`username` AS `username_user`
FROM `anggota`
LEFT JOIN `users` ON `users`.`id` = `anggota`.`id_anggota`
WHERE `nama_lengkap` LIKE \'%z%\' ESCAPE \'!\'
OR  `no_ktp` LIKE \'%z%\' ESCAPE \'!\'
 LIMIT 10')
 4 SYSTEMPATH\Database\BaseBuilder.php(1649): CodeIgniter\Database\BaseConnection->query('SELECT `anggota`.*, `users`.`id` AS `id_user`, `users`.`username` AS `username_user`
FROM `anggota`
LEFT JOIN `users` ON `users`.`id` = `anggota`.`id_anggota`
WHERE `nama_lengkap` LIKE :nama_lengkap: ESCAPE \'!\'
OR  `no_ktp` LIKE :no_ktp: ESCAPE \'!\'
 LIMIT 10', [...], false)
 5 SYSTEMPATH\Model.php(286): CodeIgniter\Database\BaseBuilder->get()
 6 SYSTEMPATH\BaseModel.php(677): CodeIgniter\Model->doFindAll(10, 0)
 7 APPPATH\Controllers\AdminDashboard.php(115): CodeIgniter\BaseModel->findAll(10)
 8 SYSTEMPATH\CodeIgniter.php(933): App\Controllers\AdminDashboard->searchAnggota()
 9 SYSTEMPATH\CodeIgniter.php(507): CodeIgniter\CodeIgniter->runController(Object(App\Controllers\AdminDashboard))
10 SYSTEMPATH\CodeIgniter.php(354): CodeIgniter\CodeIgniter->handleRequest(null, Object(Config\Cache), false)
11 SYSTEMPATH\Boot.php(363): CodeIgniter\CodeIgniter->run()
12 SYSTEMPATH\Boot.php(68): CodeIgniter\Boot::runCodeIgniter(Object(CodeIgniter\CodeIgniter))
13 FCPATH\index.php(59): CodeIgniter\Boot::bootWeb(Object(Config\Paths))
14 SYSTEMPATH\rewrite.php(44): require_once('D:\\Kumpulan Project IT\\Project Web\\koperasi-samara\\public\\index.php')
DEBUG - 2026-08-03 02:55:41 --> Session: Class initialized using 'CodeIgniter\Session\Handlers\FileHandler' driver.
ERROR - 2026-08-03 02:55:41 --> mysqli_sql_exception: Column 'nama_lengkap' in where clause is ambiguous in D:\Kumpulan Project IT\Project Web\koperasi-samara\system\Database\MySQLi\Connection.php:327
Stack trace:
#0 D:\Kumpulan Project IT\Project Web\koperasi-samara\system\Database\MySQLi\Connection.php(327): mysqli->query('SELECT `anggota...', 0)
#1 D:\Kumpulan Project IT\Project Web\koperasi-samara\system\Database\BaseConnection.php(729): CodeIgniter\Database\MySQLi\Connection->execute('SELECT `anggota...')
#2 D:\Kumpulan Project IT\Project Web\koperasi-samara\system\Database\BaseConnection.php(646): CodeIgniter\Database\BaseConnection->simpleQuery('SELECT `anggota...')
#3 D:\Kumpulan Project IT\Project Web\koperasi-samara\system\Database\BaseBuilder.php(1649): CodeIgniter\Database\BaseConnection->query('SELECT `anggota...', Array, false)
#4 D:\Kumpulan Project IT\Project Web\koperasi-samara\system\Model.php(286): CodeIgniter\Database\BaseBuilder->get()
#5 D:\Kumpulan Project IT\Project Web\koperasi-samara\system\BaseModel.php(677): CodeIgniter\Model->doFindAll(10, 0)
#6 D:\Kumpulan Project IT\Project Web\koperasi-samara\app\Controllers\AdminDashboard.php(115): CodeIgniter\BaseModel->findAll(10)
#7 D:\Kumpulan Project IT\Project Web\koperasi-samara\system\CodeIgniter.php(933): App\Controllers\AdminDashboard->searchAnggota()
#8 D:\Kumpulan Project IT\Project Web\koperasi-samara\system\CodeIgniter.php(507): CodeIgniter\CodeIgniter->runController(Object(App\Controllers\AdminDashboard))
#9 D:\Kumpulan Project IT\Project Web\koperasi-samara\system\CodeIgniter.php(354): CodeIgniter\CodeIgniter->handleRequest(NULL, Object(Config\Cache), false)
#10 D:\Kumpulan Project IT\Project Web\koperasi-samara\system\Boot.php(363): CodeIgniter\CodeIgniter->run()
#11 D:\Kumpulan Project IT\Project Web\koperasi-samara\system\Boot.php(68): CodeIgniter\Boot::runCodeIgniter(Object(CodeIgniter\CodeIgniter))
#12 D:\Kumpulan Project IT\Project Web\koperasi-samara\public\index.php(59): CodeIgniter\Boot::bootWeb(Object(Config\Paths))
#13 D:\Kumpulan Project IT\Project Web\koperasi-samara\system\rewrite.php(44): require_once('D:\\Kumpulan Pro...')
#14 {main}
CRITICAL - 2026-08-03 02:55:41 --> CodeIgniter\Database\Exceptions\DatabaseException: Column 'nama_lengkap' in where clause is ambiguous
[Method: GET, Route: admin/search-anggota]
in SYSTEMPATH\Database\BaseConnection.php on line 684.
 1 SYSTEMPATH\Database\BaseBuilder.php(1649): CodeIgniter\Database\BaseConnection->query('SELECT `anggota`.*, `users`.`id` AS `id_user`, `users`.`username` AS `username_user`
FROM `anggota`
LEFT JOIN `users` ON `users`.`id` = `anggota`.`id_anggota`
WHERE `nama_lengkap` LIKE :nama_lengkap: ESCAPE \'!\'
OR  `no_ktp` LIKE :no_ktp: ESCAPE \'!\'
 LIMIT 10', [...], false)
 2 SYSTEMPATH\Model.php(286): CodeIgniter\Database\BaseBuilder->get()
 3 SYSTEMPATH\BaseModel.php(677): CodeIgniter\Model->doFindAll(10, 0)
 4 APPPATH\Controllers\AdminDashboard.php(115): CodeIgniter\BaseModel->findAll(10)
 5 SYSTEMPATH\CodeIgniter.php(933): App\Controllers\AdminDashboard->searchAnggota()
 6 SYSTEMPATH\CodeIgniter.php(507): CodeIgniter\CodeIgniter->runController(Object(App\Controllers\AdminDashboard))
 7 SYSTEMPATH\CodeIgniter.php(354): CodeIgniter\CodeIgniter->handleRequest(null, Object(Config\Cache), false)
 8 SYSTEMPATH\Boot.php(363): CodeIgniter\CodeIgniter->run()
 9 SYSTEMPATH\Boot.php(68): CodeIgniter\Boot::runCodeIgniter(Object(CodeIgniter\CodeIgniter))
10 FCPATH\index.php(59): CodeIgniter\Boot::bootWeb(Object(Config\Paths))
11 SYSTEMPATH\rewrite.php(44): require_once('D:\\Kumpulan Project IT\\Project Web\\koperasi-samara\\public\\index.php')
CRITICAL - 2026-08-03 02:55:41 --> [Caused by] CodeIgniter\Database\Exceptions\DatabaseException: Column 'nama_lengkap' in where clause is ambiguous
in SYSTEMPATH\Database\MySQLi\Connection.php on line 332.
 1 SYSTEMPATH\Database\BaseConnection.php(729): CodeIgniter\Database\MySQLi\Connection->execute('SELECT `anggota`.*, `users`.`id` AS `id_user`, `users`.`username` AS `username_user`
FROM `anggota`
LEFT JOIN `users` ON `users`.`id` = `anggota`.`id_anggota`
WHERE `nama_lengkap` LIKE \'%s%\' ESCAPE \'!\'
OR  `no_ktp` LIKE \'%s%\' ESCAPE \'!\'
 LIMIT 10')
 2 SYSTEMPATH\Database\BaseConnection.php(646): CodeIgniter\Database\BaseConnection->simpleQuery('SELECT `anggota`.*, `users`.`id` AS `id_user`, `users`.`username` AS `username_user`
FROM `anggota`
LEFT JOIN `users` ON `users`.`id` = `anggota`.`id_anggota`
WHERE `nama_lengkap` LIKE \'%s%\' ESCAPE \'!\'
OR  `no_ktp` LIKE \'%s%\' ESCAPE \'!\'
 LIMIT 10')
 3 SYSTEMPATH\Database\BaseBuilder.php(1649): CodeIgniter\Database\BaseConnection->query('SELECT `anggota`.*, `users`.`id` AS `id_user`, `users`.`username` AS `username_user`
FROM `anggota`
LEFT JOIN `users` ON `users`.`id` = `anggota`.`id_anggota`
WHERE `nama_lengkap` LIKE :nama_lengkap: ESCAPE \'!\'
OR  `no_ktp` LIKE :no_ktp: ESCAPE \'!\'
 LIMIT 10', [...], false)
 4 SYSTEMPATH\Model.php(286): CodeIgniter\Database\BaseBuilder->get()
 5 SYSTEMPATH\BaseModel.php(677): CodeIgniter\Model->doFindAll(10, 0)
 6 APPPATH\Controllers\AdminDashboard.php(115): CodeIgniter\BaseModel->findAll(10)
 7 SYSTEMPATH\CodeIgniter.php(933): App\Controllers\AdminDashboard->searchAnggota()
 8 SYSTEMPATH\CodeIgniter.php(507): CodeIgniter\CodeIgniter->runController(Object(App\Controllers\AdminDashboard))
 9 SYSTEMPATH\CodeIgniter.php(354): CodeIgniter\CodeIgniter->handleRequest(null, Object(Config\Cache), false)
10 SYSTEMPATH\Boot.php(363): CodeIgniter\CodeIgniter->run()
11 SYSTEMPATH\Boot.php(68): CodeIgniter\Boot::runCodeIgniter(Object(CodeIgniter\CodeIgniter))
12 FCPATH\index.php(59): CodeIgniter\Boot::bootWeb(Object(Config\Paths))
13 SYSTEMPATH\rewrite.php(44): require_once('D:\\Kumpulan Project IT\\Project Web\\koperasi-samara\\public\\index.php')
CRITICAL - 2026-08-03 02:55:41 --> [Caused by] mysqli_sql_exception: Column 'nama_lengkap' in where clause is ambiguous
in SYSTEMPATH\Database\MySQLi\Connection.php on line 327.
 1 SYSTEMPATH\Database\MySQLi\Connection.php(327): mysqli->query('SELECT `anggota`.*, `users`.`id` AS `id_user`, `users`.`username` AS `username_user`
FROM `anggota`
LEFT JOIN `users` ON `users`.`id` = `anggota`.`id_anggota`
WHERE `nama_lengkap` LIKE \'%s%\' ESCAPE \'!\'
OR  `no_ktp` LIKE \'%s%\' ESCAPE \'!\'
 LIMIT 10', 0)
 2 SYSTEMPATH\Database\BaseConnection.php(729): CodeIgniter\Database\MySQLi\Connection->execute('SELECT `anggota`.*, `users`.`id` AS `id_user`, `users`.`username` AS `username_user`
FROM `anggota`
LEFT JOIN `users` ON `users`.`id` = `anggota`.`id_anggota`
WHERE `nama_lengkap` LIKE \'%s%\' ESCAPE \'!\'
OR  `no_ktp` LIKE \'%s%\' ESCAPE \'!\'
 LIMIT 10')
 3 SYSTEMPATH\Database\BaseConnection.php(646): CodeIgniter\Database\BaseConnection->simpleQuery('SELECT `anggota`.*, `users`.`id` AS `id_user`, `users`.`username` AS `username_user`
FROM `anggota`
LEFT JOIN `users` ON `users`.`id` = `anggota`.`id_anggota`
WHERE `nama_lengkap` LIKE \'%s%\' ESCAPE \'!\'
OR  `no_ktp` LIKE \'%s%\' ESCAPE \'!\'
 LIMIT 10')
 4 SYSTEMPATH\Database\BaseBuilder.php(1649): CodeIgniter\Database\BaseConnection->query('SELECT `anggota`.*, `users`.`id` AS `id_user`, `users`.`username` AS `username_user`
FROM `anggota`
LEFT JOIN `users` ON `users`.`id` = `anggota`.`id_anggota`
WHERE `nama_lengkap` LIKE :nama_lengkap: ESCAPE \'!\'
OR  `no_ktp` LIKE :no_ktp: ESCAPE \'!\'
 LIMIT 10', [...], false)
 5 SYSTEMPATH\Model.php(286): CodeIgniter\Database\BaseBuilder->get()
 6 SYSTEMPATH\BaseModel.php(677): CodeIgniter\Model->doFindAll(10, 0)
 7 APPPATH\Controllers\AdminDashboard.php(115): CodeIgniter\BaseModel->findAll(10)
 8 SYSTEMPATH\CodeIgniter.php(933): App\Controllers\AdminDashboard->searchAnggota()
 9 SYSTEMPATH\CodeIgniter.php(507): CodeIgniter\CodeIgniter->runController(Object(App\Controllers\AdminDashboard))
10 SYSTEMPATH\CodeIgniter.php(354): CodeIgniter\CodeIgniter->handleRequest(null, Object(Config\Cache), false)
11 SYSTEMPATH\Boot.php(363): CodeIgniter\CodeIgniter->run()
12 SYSTEMPATH\Boot.php(68): CodeIgniter\Boot::runCodeIgniter(Object(CodeIgniter\CodeIgniter))
13 FCPATH\index.php(59): CodeIgniter\Boot::bootWeb(Object(Config\Paths))
14 SYSTEMPATH\rewrite.php(44): require_once('D:\\Kumpulan Project IT\\Project Web\\koperasi-samara\\public\\index.php')
DEBUG - 2026-08-03 02:55:41 --> Session: Class initialized using 'CodeIgniter\Session\Handlers\FileHandler' driver.
ERROR - 2026-08-03 02:55:41 --> mysqli_sql_exception: Column 'nama_lengkap' in where clause is ambiguous in D:\Kumpulan Project IT\Project Web\koperasi-samara\system\Database\MySQLi\Connection.php:327
Stack trace:
#0 D:\Kumpulan Project IT\Project Web\koperasi-samara\system\Database\MySQLi\Connection.php(327): mysqli->query('SELECT `anggota...', 0)
#1 D:\Kumpulan Project IT\Project Web\koperasi-samara\system\Database\BaseConnection.php(729): CodeIgniter\Database\MySQLi\Connection->execute('SELECT `anggota...')
#2 D:\Kumpulan Project IT\Project Web\koperasi-samara\system\Database\BaseConnection.php(646): CodeIgniter\Database\BaseConnection->simpleQuery('SELECT `anggota...')
#3 D:\Kumpulan Project IT\Project Web\koperasi-samara\system\Database\BaseBuilder.php(1649): CodeIgniter\Database\BaseConnection->query('SELECT `anggota...', Array, false)
#4 D:\Kumpulan Project IT\Project Web\koperasi-samara\system\Model.php(286): CodeIgniter\Database\BaseBuilder->get()
#5 D:\Kumpulan Project IT\Project Web\koperasi-samara\system\BaseModel.php(677): CodeIgniter\Model->doFindAll(10, 0)
#6 D:\Kumpulan Project IT\Project Web\koperasi-samara\app\Controllers\AdminDashboard.php(115): CodeIgniter\BaseModel->findAll(10)
#7 D:\Kumpulan Project IT\Project Web\koperasi-samara\system\CodeIgniter.php(933): App\Controllers\AdminDashboard->searchAnggota()
#8 D:\Kumpulan Project IT\Project Web\koperasi-samara\system\CodeIgniter.php(507): CodeIgniter\CodeIgniter->runController(Object(App\Controllers\AdminDashboard))
#9 D:\Kumpulan Project IT\Project Web\koperasi-samara\system\CodeIgniter.php(354): CodeIgniter\CodeIgniter->handleRequest(NULL, Object(Config\Cache), false)
#10 D:\Kumpulan Project IT\Project Web\koperasi-samara\system\Boot.php(363): CodeIgniter\CodeIgniter->run()
#11 D:\Kumpulan Project IT\Project Web\koperasi-samara\system\Boot.php(68): CodeIgniter\Boot::runCodeIgniter(Object(CodeIgniter\CodeIgniter))
#12 D:\Kumpulan Project IT\Project Web\koperasi-samara\public\index.php(59): CodeIgniter\Boot::bootWeb(Object(Config\Paths))
#13 D:\Kumpulan Project IT\Project Web\koperasi-samara\system\rewrite.php(44): require_once('D:\\Kumpulan Pro...')
#14 {main}
CRITICAL - 2026-08-03 02:55:41 --> CodeIgniter\Database\Exceptions\DatabaseException: Column 'nama_lengkap' in where clause is ambiguous
[Method: GET, Route: admin/search-anggota]
in SYSTEMPATH\Database\BaseConnection.php on line 684.
 1 SYSTEMPATH\Database\BaseBuilder.php(1649): CodeIgniter\Database\BaseConnection->query('SELECT `anggota`.*, `users`.`id` AS `id_user`, `users`.`username` AS `username_user`
FROM `anggota`
LEFT JOIN `users` ON `users`.`id` = `anggota`.`id_anggota`
WHERE `nama_lengkap` LIKE :nama_lengkap: ESCAPE \'!\'
OR  `no_ktp` LIKE :no_ktp: ESCAPE \'!\'
 LIMIT 10', [...], false)
 2 SYSTEMPATH\Model.php(286): CodeIgniter\Database\BaseBuilder->get()
 3 SYSTEMPATH\BaseModel.php(677): CodeIgniter\Model->doFindAll(10, 0)
 4 APPPATH\Controllers\AdminDashboard.php(115): CodeIgniter\BaseModel->findAll(10)
 5 SYSTEMPATH\CodeIgniter.php(933): App\Controllers\AdminDashboard->searchAnggota()
 6 SYSTEMPATH\CodeIgniter.php(507): CodeIgniter\CodeIgniter->runController(Object(App\Controllers\AdminDashboard))
 7 SYSTEMPATH\CodeIgniter.php(354): CodeIgniter\CodeIgniter->handleRequest(null, Object(Config\Cache), false)
 8 SYSTEMPATH\Boot.php(363): CodeIgniter\CodeIgniter->run()
 9 SYSTEMPATH\Boot.php(68): CodeIgniter\Boot::runCodeIgniter(Object(CodeIgniter\CodeIgniter))
10 FCPATH\index.php(59): CodeIgniter\Boot::bootWeb(Object(Config\Paths))
11 SYSTEMPATH\rewrite.php(44): require_once('D:\\Kumpulan Project IT\\Project Web\\koperasi-samara\\public\\index.php')
CRITICAL - 2026-08-03 02:55:41 --> [Caused by] CodeIgniter\Database\Exceptions\DatabaseException: Column 'nama_lengkap' in where clause is ambiguous
in SYSTEMPATH\Database\MySQLi\Connection.php on line 332.
 1 SYSTEMPATH\Database\BaseConnection.php(729): CodeIgniter\Database\MySQLi\Connection->execute('SELECT `anggota`.*, `users`.`id` AS `id_user`, `users`.`username` AS `username_user`
FROM `anggota`
LEFT JOIN `users` ON `users`.`id` = `anggota`.`id_anggota`
WHERE `nama_lengkap` LIKE \'%ss%\' ESCAPE \'!\'
OR  `no_ktp` LIKE \'%ss%\' ESCAPE \'!\'
 LIMIT 10')
 2 SYSTEMPATH\Database\BaseConnection.php(646): CodeIgniter\Database\BaseConnection->simpleQuery('SELECT `anggota`.*, `users`.`id` AS `id_user`, `users`.`username` AS `username_user`
FROM `anggota`
LEFT JOIN `users` ON `users`.`id` = `anggota`.`id_anggota`
WHERE `nama_lengkap` LIKE \'%ss%\' ESCAPE \'!\'
OR  `no_ktp` LIKE \'%ss%\' ESCAPE \'!\'
 LIMIT 10')
 3 SYSTEMPATH\Database\BaseBuilder.php(1649): CodeIgniter\Database\BaseConnection->query('SELECT `anggota`.*, `users`.`id` AS `id_user`, `users`.`username` AS `username_user`
FROM `anggota`
LEFT JOIN `users` ON `users`.`id` = `anggota`.`id_anggota`
WHERE `nama_lengkap` LIKE :nama_lengkap: ESCAPE \'!\'
OR  `no_ktp` LIKE :no_ktp: ESCAPE \'!\'
 LIMIT 10', [...], false)
 4 SYSTEMPATH\Model.php(286): CodeIgniter\Database\BaseBuilder->get()
 5 SYSTEMPATH\BaseModel.php(677): CodeIgniter\Model->doFindAll(10, 0)
 6 APPPATH\Controllers\AdminDashboard.php(115): CodeIgniter\BaseModel->findAll(10)
 7 SYSTEMPATH\CodeIgniter.php(933): App\Controllers\AdminDashboard->searchAnggota()
 8 SYSTEMPATH\CodeIgniter.php(507): CodeIgniter\CodeIgniter->runController(Object(App\Controllers\AdminDashboard))
 9 SYSTEMPATH\CodeIgniter.php(354): CodeIgniter\CodeIgniter->handleRequest(null, Object(Config\Cache), false)
10 SYSTEMPATH\Boot.php(363): CodeIgniter\CodeIgniter->run()
11 SYSTEMPATH\Boot.php(68): CodeIgniter\Boot::runCodeIgniter(Object(CodeIgniter\CodeIgniter))
12 FCPATH\index.php(59): CodeIgniter\Boot::bootWeb(Object(Config\Paths))
13 SYSTEMPATH\rewrite.php(44): require_once('D:\\Kumpulan Project IT\\Project Web\\koperasi-samara\\public\\index.php')
CRITICAL - 2026-08-03 02:55:41 --> [Caused by] mysqli_sql_exception: Column 'nama_lengkap' in where clause is ambiguous
in SYSTEMPATH\Database\MySQLi\Connection.php on line 327.
 1 SYSTEMPATH\Database\MySQLi\Connection.php(327): mysqli->query('SELECT `anggota`.*, `users`.`id` AS `id_user`, `users`.`username` AS `username_user`
FROM `anggota`
LEFT JOIN `users` ON `users`.`id` = `anggota`.`id_anggota`
WHERE `nama_lengkap` LIKE \'%ss%\' ESCAPE \'!\'
OR  `no_ktp` LIKE \'%ss%\' ESCAPE \'!\'
 LIMIT 10', 0)
 2 SYSTEMPATH\Database\BaseConnection.php(729): CodeIgniter\Database\MySQLi\Connection->execute('SELECT `anggota`.*, `users`.`id` AS `id_user`, `users`.`username` AS `username_user`
FROM `anggota`
LEFT JOIN `users` ON `users`.`id` = `anggota`.`id_anggota`
WHERE `nama_lengkap` LIKE \'%ss%\' ESCAPE \'!\'
OR  `no_ktp` LIKE \'%ss%\' ESCAPE \'!\'
 LIMIT 10')
 3 SYSTEMPATH\Database\BaseConnection.php(646): CodeIgniter\Database\BaseConnection->simpleQuery('SELECT `anggota`.*, `users`.`id` AS `id_user`, `users`.`username` AS `username_user`
FROM `anggota`
LEFT JOIN `users` ON `users`.`id` = `anggota`.`id_anggota`
WHERE `nama_lengkap` LIKE \'%ss%\' ESCAPE \'!\'
OR  `no_ktp` LIKE \'%ss%\' ESCAPE \'!\'
 LIMIT 10')
 4 SYSTEMPATH\Database\BaseBuilder.php(1649): CodeIgniter\Database\BaseConnection->query('SELECT `anggota`.*, `users`.`id` AS `id_user`, `users`.`username` AS `username_user`
FROM `anggota`
LEFT JOIN `users` ON `users`.`id` = `anggota`.`id_anggota`
WHERE `nama_lengkap` LIKE :nama_lengkap: ESCAPE \'!\'
OR  `no_ktp` LIKE :no_ktp: ESCAPE \'!\'
 LIMIT 10', [...], false)
 5 SYSTEMPATH\Model.php(286): CodeIgniter\Database\BaseBuilder->get()
 6 SYSTEMPATH\BaseModel.php(677): CodeIgniter\Model->doFindAll(10, 0)
 7 APPPATH\Controllers\AdminDashboard.php(115): CodeIgniter\BaseModel->findAll(10)
 8 SYSTEMPATH\CodeIgniter.php(933): App\Controllers\AdminDashboard->searchAnggota()
 9 SYSTEMPATH\CodeIgniter.php(507): CodeIgniter\CodeIgniter->runController(Object(App\Controllers\AdminDashboard))
10 SYSTEMPATH\CodeIgniter.php(354): CodeIgniter\CodeIgniter->handleRequest(null, Object(Config\Cache), false)
11 SYSTEMPATH\Boot.php(363): CodeIgniter\CodeIgniter->run()
12 SYSTEMPATH\Boot.php(68): CodeIgniter\Boot::runCodeIgniter(Object(CodeIgniter\CodeIgniter))
13 FCPATH\index.php(59): CodeIgniter\Boot::bootWeb(Object(Config\Paths))
14 SYSTEMPATH\rewrite.php(44): require_once('D:\\Kumpulan Project IT\\Project Web\\koperasi-samara\\public\\index.php')
DEBUG - 2026-08-03 02:55:41 --> Session: Class initialized using 'CodeIgniter\Session\Handlers\FileHandler' driver.
ERROR - 2026-08-03 02:55:41 --> mysqli_sql_exception: Column 'nama_lengkap' in where clause is ambiguous in D:\Kumpulan Project IT\Project Web\koperasi-samara\system\Database\MySQLi\Connection.php:327
Stack trace:
#0 D:\Kumpulan Project IT\Project Web\koperasi-samara\system\Database\MySQLi\Connection.php(327): mysqli->query('SELECT `anggota...', 0)
#1 D:\Kumpulan Project IT\Project Web\koperasi-samara\system\Database\BaseConnection.php(729): CodeIgniter\Database\MySQLi\Connection->execute('SELECT `anggota...')
#2 D:\Kumpulan Project IT\Project Web\koperasi-samara\system\Database\BaseConnection.php(646): CodeIgniter\Database\BaseConnection->simpleQuery('SELECT `anggota...')
#3 D:\Kumpulan Project IT\Project Web\koperasi-samara\system\Database\BaseBuilder.php(1649): CodeIgniter\Database\BaseConnection->query('SELECT `anggota...', Array, false)
#4 D:\Kumpulan Project IT\Project Web\koperasi-samara\system\Model.php(286): CodeIgniter\Database\BaseBuilder->get()
#5 D:\Kumpulan Project IT\Project Web\koperasi-samara\system\BaseModel.php(677): CodeIgniter\Model->doFindAll(10, 0)
#6 D:\Kumpulan Project IT\Project Web\koperasi-samara\app\Controllers\AdminDashboard.php(115): CodeIgniter\BaseModel->findAll(10)
#7 D:\Kumpulan Project IT\Project Web\koperasi-samara\system\CodeIgniter.php(933): App\Controllers\AdminDashboard->searchAnggota()
#8 D:\Kumpulan Project IT\Project Web\koperasi-samara\system\CodeIgniter.php(507): CodeIgniter\CodeIgniter->runController(Object(App\Controllers\AdminDashboard))
#9 D:\Kumpulan Project IT\Project Web\koperasi-samara\system\CodeIgniter.php(354): CodeIgniter\CodeIgniter->handleRequest(NULL, Object(Config\Cache), false)
#10 D:\Kumpulan Project IT\Project Web\koperasi-samara\system\Boot.php(363): CodeIgniter\CodeIgniter->run()
#11 D:\Kumpulan Project IT\Project Web\koperasi-samara\system\Boot.php(68): CodeIgniter\Boot::runCodeIgniter(Object(CodeIgniter\CodeIgniter))
#12 D:\Kumpulan Project IT\Project Web\koperasi-samara\public\index.php(59): CodeIgniter\Boot::bootWeb(Object(Config\Paths))
#13 D:\Kumpulan Project IT\Project Web\koperasi-samara\system\rewrite.php(44): require_once('D:\\Kumpulan Pro...')
#14 {main}
CRITICAL - 2026-08-03 02:55:41 --> CodeIgniter\Database\Exceptions\DatabaseException: Column 'nama_lengkap' in where clause is ambiguous
[Method: GET, Route: admin/search-anggota]
in SYSTEMPATH\Database\BaseConnection.php on line 684.
 1 SYSTEMPATH\Database\BaseBuilder.php(1649): CodeIgniter\Database\BaseConnection->query('SELECT `anggota`.*, `users`.`id` AS `id_user`, `users`.`username` AS `username_user`
FROM `anggota`
LEFT JOIN `users` ON `users`.`id` = `anggota`.`id_anggota`
WHERE `nama_lengkap` LIKE :nama_lengkap: ESCAPE \'!\'
OR  `no_ktp` LIKE :no_ktp: ESCAPE \'!\'
 LIMIT 10', [...], false)
 2 SYSTEMPATH\Model.php(286): CodeIgniter\Database\BaseBuilder->get()
 3 SYSTEMPATH\BaseModel.php(677): CodeIgniter\Model->doFindAll(10, 0)
 4 APPPATH\Controllers\AdminDashboard.php(115): CodeIgniter\BaseModel->findAll(10)
 5 SYSTEMPATH\CodeIgniter.php(933): App\Controllers\AdminDashboard->searchAnggota()
 6 SYSTEMPATH\CodeIgniter.php(507): CodeIgniter\CodeIgniter->runController(Object(App\Controllers\AdminDashboard))
 7 SYSTEMPATH\CodeIgniter.php(354): CodeIgniter\CodeIgniter->handleRequest(null, Object(Config\Cache), false)
 8 SYSTEMPATH\Boot.php(363): CodeIgniter\CodeIgniter->run()
 9 SYSTEMPATH\Boot.php(68): CodeIgniter\Boot::runCodeIgniter(Object(CodeIgniter\CodeIgniter))
10 FCPATH\index.php(59): CodeIgniter\Boot::bootWeb(Object(Config\Paths))
11 SYSTEMPATH\rewrite.php(44): require_once('D:\\Kumpulan Project IT\\Project Web\\koperasi-samara\\public\\index.php')
CRITICAL - 2026-08-03 02:55:41 --> [Caused by] CodeIgniter\Database\Exceptions\DatabaseException: Column 'nama_lengkap' in where clause is ambiguous
in SYSTEMPATH\Database\MySQLi\Connection.php on line 332.
 1 SYSTEMPATH\Database\BaseConnection.php(729): CodeIgniter\Database\MySQLi\Connection->execute('SELECT `anggota`.*, `users`.`id` AS `id_user`, `users`.`username` AS `username_user`
FROM `anggota`
LEFT JOIN `users` ON `users`.`id` = `anggota`.`id_anggota`
WHERE `nama_lengkap` LIKE \'%sss%\' ESCAPE \'!\'
OR  `no_ktp` LIKE \'%sss%\' ESCAPE \'!\'
 LIMIT 10')
 2 SYSTEMPATH\Database\BaseConnection.php(646): CodeIgniter\Database\BaseConnection->simpleQuery('SELECT `anggota`.*, `users`.`id` AS `id_user`, `users`.`username` AS `username_user`
FROM `anggota`
LEFT JOIN `users` ON `users`.`id` = `anggota`.`id_anggota`
WHERE `nama_lengkap` LIKE \'%sss%\' ESCAPE \'!\'
OR  `no_ktp` LIKE \'%sss%\' ESCAPE \'!\'
 LIMIT 10')
 3 SYSTEMPATH\Database\BaseBuilder.php(1649): CodeIgniter\Database\BaseConnection->query('SELECT `anggota`.*, `users`.`id` AS `id_user`, `users`.`username` AS `username_user`
FROM `anggota`
LEFT JOIN `users` ON `users`.`id` = `anggota`.`id_anggota`
WHERE `nama_lengkap` LIKE :nama_lengkap: ESCAPE \'!\'
OR  `no_ktp` LIKE :no_ktp: ESCAPE \'!\'
 LIMIT 10', [...], false)
 4 SYSTEMPATH\Model.php(286): CodeIgniter\Database\BaseBuilder->get()
 5 SYSTEMPATH\BaseModel.php(677): CodeIgniter\Model->doFindAll(10, 0)
 6 APPPATH\Controllers\AdminDashboard.php(115): CodeIgniter\BaseModel->findAll(10)
 7 SYSTEMPATH\CodeIgniter.php(933): App\Controllers\AdminDashboard->searchAnggota()
 8 SYSTEMPATH\CodeIgniter.php(507): CodeIgniter\CodeIgniter->runController(Object(App\Controllers\AdminDashboard))
 9 SYSTEMPATH\CodeIgniter.php(354): CodeIgniter\CodeIgniter->handleRequest(null, Object(Config\Cache), false)
10 SYSTEMPATH\Boot.php(363): CodeIgniter\CodeIgniter->run()
11 SYSTEMPATH\Boot.php(68): CodeIgniter\Boot::runCodeIgniter(Object(CodeIgniter\CodeIgniter))
12 FCPATH\index.php(59): CodeIgniter\Boot::bootWeb(Object(Config\Paths))
13 SYSTEMPATH\rewrite.php(44): require_once('D:\\Kumpulan Project IT\\Project Web\\koperasi-samara\\public\\index.php')
CRITICAL - 2026-08-03 02:55:41 --> [Caused by] mysqli_sql_exception: Column 'nama_lengkap' in where clause is ambiguous
in SYSTEMPATH\Database\MySQLi\Connection.php on line 327.
 1 SYSTEMPATH\Database\MySQLi\Connection.php(327): mysqli->query('SELECT `anggota`.*, `users`.`id` AS `id_user`, `users`.`username` AS `username_user`
FROM `anggota`
LEFT JOIN `users` ON `users`.`id` = `anggota`.`id_anggota`
WHERE `nama_lengkap` LIKE \'%sss%\' ESCAPE \'!\'
OR  `no_ktp` LIKE \'%sss%\' ESCAPE \'!\'
 LIMIT 10', 0)
 2 SYSTEMPATH\Database\BaseConnection.php(729): CodeIgniter\Database\MySQLi\Connection->execute('SELECT `anggota`.*, `users`.`id` AS `id_user`, `users`.`username` AS `username_user`
FROM `anggota`
LEFT JOIN `users` ON `users`.`id` = `anggota`.`id_anggota`
WHERE `nama_lengkap` LIKE \'%sss%\' ESCAPE \'!\'
OR  `no_ktp` LIKE \'%sss%\' ESCAPE \'!\'
 LIMIT 10')
 3 SYSTEMPATH\Database\BaseConnection.php(646): CodeIgniter\Database\BaseConnection->simpleQuery('SELECT `anggota`.*, `users`.`id` AS `id_user`, `users`.`username` AS `username_user`
FROM `anggota`
LEFT JOIN `users` ON `users`.`id` = `anggota`.`id_anggota`
WHERE `nama_lengkap` LIKE \'%sss%\' ESCAPE \'!\'
OR  `no_ktp` LIKE \'%sss%\' ESCAPE \'!\'
 LIMIT 10')
 4 SYSTEMPATH\Database\BaseBuilder.php(1649): CodeIgniter\Database\BaseConnection->query('SELECT `anggota`.*, `users`.`id` AS `id_user`, `users`.`username` AS `username_user`
FROM `anggota`
LEFT JOIN `users` ON `users`.`id` = `anggota`.`id_anggota`
WHERE `nama_lengkap` LIKE :nama_lengkap: ESCAPE \'!\'
OR  `no_ktp` LIKE :no_ktp: ESCAPE \'!\'
 LIMIT 10', [...], false)
 5 SYSTEMPATH\Model.php(286): CodeIgniter\Database\BaseBuilder->get()
 6 SYSTEMPATH\BaseModel.php(677): CodeIgniter\Model->doFindAll(10, 0)
 7 APPPATH\Controllers\AdminDashboard.php(115): CodeIgniter\BaseModel->findAll(10)
 8 SYSTEMPATH\CodeIgniter.php(933): App\Controllers\AdminDashboard->searchAnggota()
 9 SYSTEMPATH\CodeIgniter.php(507): CodeIgniter\CodeIgniter->runController(Object(App\Controllers\AdminDashboard))
10 SYSTEMPATH\CodeIgniter.php(354): CodeIgniter\CodeIgniter->handleRequest(null, Object(Config\Cache), false)
11 SYSTEMPATH\Boot.php(363): CodeIgniter\CodeIgniter->run()
12 SYSTEMPATH\Boot.php(68): CodeIgniter\Boot::runCodeIgniter(Object(CodeIgniter\CodeIgniter))
13 FCPATH\index.php(59): CodeIgniter\Boot::bootWeb(Object(Config\Paths))
14 SYSTEMPATH\rewrite.php(44): require_once('D:\\Kumpulan Project IT\\Project Web\\koperasi-samara\\public\\index.php')
DEBUG - 2026-08-03 02:55:42 --> Session: Class initialized using 'CodeIgniter\Session\Handlers\FileHandler' driver.
ERROR - 2026-08-03 02:55:42 --> mysqli_sql_exception: Column 'nama_lengkap' in where clause is ambiguous in D:\Kumpulan Project IT\Project Web\koperasi-samara\system\Database\MySQLi\Connection.php:327
Stack trace:
#0 D:\Kumpulan Project IT\Project Web\koperasi-samara\system\Database\MySQLi\Connection.php(327): mysqli->query('SELECT `anggota...', 0)
#1 D:\Kumpulan Project IT\Project Web\koperasi-samara\system\Database\BaseConnection.php(729): CodeIgniter\Database\MySQLi\Connection->execute('SELECT `anggota...')
#2 D:\Kumpulan Project IT\Project Web\koperasi-samara\system\Database\BaseConnection.php(646): CodeIgniter\Database\BaseConnection->simpleQuery('SELECT `anggota...')
#3 D:\Kumpulan Project IT\Project Web\koperasi-samara\system\Database\BaseBuilder.php(1649): CodeIgniter\Database\BaseConnection->query('SELECT `anggota...', Array, false)
#4 D:\Kumpulan Project IT\Project Web\koperasi-samara\system\Model.php(286): CodeIgniter\Database\BaseBuilder->get()
#5 D:\Kumpulan Project IT\Project Web\koperasi-samara\system\BaseModel.php(677): CodeIgniter\Model->doFindAll(10, 0)
#6 D:\Kumpulan Project IT\Project Web\koperasi-samara\app\Controllers\AdminDashboard.php(115): CodeIgniter\BaseModel->findAll(10)
#7 D:\Kumpulan Project IT\Project Web\koperasi-samara\system\CodeIgniter.php(933): App\Controllers\AdminDashboard->searchAnggota()
#8 D:\Kumpulan Project IT\Project Web\koperasi-samara\system\CodeIgniter.php(507): CodeIgniter\CodeIgniter->runController(Object(App\Controllers\AdminDashboard))
#9 D:\Kumpulan Project IT\Project Web\koperasi-samara\system\CodeIgniter.php(354): CodeIgniter\CodeIgniter->handleRequest(NULL, Object(Config\Cache), false)
#10 D:\Kumpulan Project IT\Project Web\koperasi-samara\system\Boot.php(363): CodeIgniter\CodeIgniter->run()
#11 D:\Kumpulan Project IT\Project Web\koperasi-samara\system\Boot.php(68): CodeIgniter\Boot::runCodeIgniter(Object(CodeIgniter\CodeIgniter))
#12 D:\Kumpulan Project IT\Project Web\koperasi-samara\public\index.php(59): CodeIgniter\Boot::bootWeb(Object(Config\Paths))
#13 D:\Kumpulan Project IT\Project Web\koperasi-samara\system\rewrite.php(44): require_once('D:\\Kumpulan Pro...')
#14 {main}
CRITICAL - 2026-08-03 02:55:42 --> CodeIgniter\Database\Exceptions\DatabaseException: Column 'nama_lengkap' in where clause is ambiguous
[Method: GET, Route: admin/search-anggota]
in SYSTEMPATH\Database\BaseConnection.php on line 684.
 1 SYSTEMPATH\Database\BaseBuilder.php(1649): CodeIgniter\Database\BaseConnection->query('SELECT `anggota`.*, `users`.`id` AS `id_user`, `users`.`username` AS `username_user`
FROM `anggota`
LEFT JOIN `users` ON `users`.`id` = `anggota`.`id_anggota`
WHERE `nama_lengkap` LIKE :nama_lengkap: ESCAPE \'!\'
OR  `no_ktp` LIKE :no_ktp: ESCAPE \'!\'
 LIMIT 10', [...], false)
 2 SYSTEMPATH\Model.php(286): CodeIgniter\Database\BaseBuilder->get()
 3 SYSTEMPATH\BaseModel.php(677): CodeIgniter\Model->doFindAll(10, 0)
 4 APPPATH\Controllers\AdminDashboard.php(115): CodeIgniter\BaseModel->findAll(10)
 5 SYSTEMPATH\CodeIgniter.php(933): App\Controllers\AdminDashboard->searchAnggota()
 6 SYSTEMPATH\CodeIgniter.php(507): CodeIgniter\CodeIgniter->runController(Object(App\Controllers\AdminDashboard))
 7 SYSTEMPATH\CodeIgniter.php(354): CodeIgniter\CodeIgniter->handleRequest(null, Object(Config\Cache), false)
 8 SYSTEMPATH\Boot.php(363): CodeIgniter\CodeIgniter->run()
 9 SYSTEMPATH\Boot.php(68): CodeIgniter\Boot::runCodeIgniter(Object(CodeIgniter\CodeIgniter))
10 FCPATH\index.php(59): CodeIgniter\Boot::bootWeb(Object(Config\Paths))
11 SYSTEMPATH\rewrite.php(44): require_once('D:\\Kumpulan Project IT\\Project Web\\koperasi-samara\\public\\index.php')
CRITICAL - 2026-08-03 02:55:42 --> [Caused by] CodeIgniter\Database\Exceptions\DatabaseException: Column 'nama_lengkap' in where clause is ambiguous
in SYSTEMPATH\Database\MySQLi\Connection.php on line 332.
 1 SYSTEMPATH\Database\BaseConnection.php(729): CodeIgniter\Database\MySQLi\Connection->execute('SELECT `anggota`.*, `users`.`id` AS `id_user`, `users`.`username` AS `username_user`
FROM `anggota`
LEFT JOIN `users` ON `users`.`id` = `anggota`.`id_anggota`
WHERE `nama_lengkap` LIKE \'%ssss%\' ESCAPE \'!\'
OR  `no_ktp` LIKE \'%ssss%\' ESCAPE \'!\'
 LIMIT 10')
 2 SYSTEMPATH\Database\BaseConnection.php(646): CodeIgniter\Database\BaseConnection->simpleQuery('SELECT `anggota`.*, `users`.`id` AS `id_user`, `users`.`username` AS `username_user`
FROM `anggota`
LEFT JOIN `users` ON `users`.`id` = `anggota`.`id_anggota`
WHERE `nama_lengkap` LIKE \'%ssss%\' ESCAPE \'!\'
OR  `no_ktp` LIKE \'%ssss%\' ESCAPE \'!\'
 LIMIT 10')
 3 SYSTEMPATH\Database\BaseBuilder.php(1649): CodeIgniter\Database\BaseConnection->query('SELECT `anggota`.*, `users`.`id` AS `id_user`, `users`.`username` AS `username_user`
FROM `anggota`
LEFT JOIN `users` ON `users`.`id` = `anggota`.`id_anggota`
WHERE `nama_lengkap` LIKE :nama_lengkap: ESCAPE \'!\'
OR  `no_ktp` LIKE :no_ktp: ESCAPE \'!\'
 LIMIT 10', [...], false)
 4 SYSTEMPATH\Model.php(286): CodeIgniter\Database\BaseBuilder->get()
 5 SYSTEMPATH\BaseModel.php(677): CodeIgniter\Model->doFindAll(10, 0)
 6 APPPATH\Controllers\AdminDashboard.php(115): CodeIgniter\BaseModel->findAll(10)
 7 SYSTEMPATH\CodeIgniter.php(933): App\Controllers\AdminDashboard->searchAnggota()
 8 SYSTEMPATH\CodeIgniter.php(507): CodeIgniter\CodeIgniter->runController(Object(App\Controllers\AdminDashboard))
 9 SYSTEMPATH\CodeIgniter.php(354): CodeIgniter\CodeIgniter->handleRequest(null, Object(Config\Cache), false)
10 SYSTEMPATH\Boot.php(363): CodeIgniter\CodeIgniter->run()
11 SYSTEMPATH\Boot.php(68): CodeIgniter\Boot::runCodeIgniter(Object(CodeIgniter\CodeIgniter))
12 FCPATH\index.php(59): CodeIgniter\Boot::bootWeb(Object(Config\Paths))
13 SYSTEMPATH\rewrite.php(44): require_once('D:\\Kumpulan Project IT\\Project Web\\koperasi-samara\\public\\index.php')
CRITICAL - 2026-08-03 02:55:42 --> [Caused by] mysqli_sql_exception: Column 'nama_lengkap' in where clause is ambiguous
in SYSTEMPATH\Database\MySQLi\Connection.php on line 327.
 1 SYSTEMPATH\Database\MySQLi\Connection.php(327): mysqli->query('SELECT `anggota`.*, `users`.`id` AS `id_user`, `users`.`username` AS `username_user`
FROM `anggota`
LEFT JOIN `users` ON `users`.`id` = `anggota`.`id_anggota`
WHERE `nama_lengkap` LIKE \'%ssss%\' ESCAPE \'!\'
OR  `no_ktp` LIKE \'%ssss%\' ESCAPE \'!\'
 LIMIT 10', 0)
 2 SYSTEMPATH\Database\BaseConnection.php(729): CodeIgniter\Database\MySQLi\Connection->execute('SELECT `anggota`.*, `users`.`id` AS `id_user`, `users`.`username` AS `username_user`
FROM `anggota`
LEFT JOIN `users` ON `users`.`id` = `anggota`.`id_anggota`
WHERE `nama_lengkap` LIKE \'%ssss%\' ESCAPE \'!\'
OR  `no_ktp` LIKE \'%ssss%\' ESCAPE \'!\'
 LIMIT 10')
 3 SYSTEMPATH\Database\BaseConnection.php(646): CodeIgniter\Database\BaseConnection->simpleQuery('SELECT `anggota`.*, `users`.`id` AS `id_user`, `users`.`username` AS `username_user`
FROM `anggota`
LEFT JOIN `users` ON `users`.`id` = `anggota`.`id_anggota`
WHERE `nama_lengkap` LIKE \'%ssss%\' ESCAPE \'!\'
OR  `no_ktp` LIKE \'%ssss%\' ESCAPE \'!\'
 LIMIT 10')
 4 SYSTEMPATH\Database\BaseBuilder.php(1649): CodeIgniter\Database\BaseConnection->query('SELECT `anggota`.*, `users`.`id` AS `id_user`, `users`.`username` AS `username_user`
FROM `anggota`
LEFT JOIN `users` ON `users`.`id` = `anggota`.`id_anggota`
WHERE `nama_lengkap` LIKE :nama_lengkap: ESCAPE \'!\'
OR  `no_ktp` LIKE :no_ktp: ESCAPE \'!\'
 LIMIT 10', [...], false)
 5 SYSTEMPATH\Model.php(286): CodeIgniter\Database\BaseBuilder->get()
 6 SYSTEMPATH\BaseModel.php(677): CodeIgniter\Model->doFindAll(10, 0)
 7 APPPATH\Controllers\AdminDashboard.php(115): CodeIgniter\BaseModel->findAll(10)
 8 SYSTEMPATH\CodeIgniter.php(933): App\Controllers\AdminDashboard->searchAnggota()
 9 SYSTEMPATH\CodeIgniter.php(507): CodeIgniter\CodeIgniter->runController(Object(App\Controllers\AdminDashboard))
10 SYSTEMPATH\CodeIgniter.php(354): CodeIgniter\CodeIgniter->handleRequest(null, Object(Config\Cache), false)
11 SYSTEMPATH\Boot.php(363): CodeIgniter\CodeIgniter->run()
12 SYSTEMPATH\Boot.php(68): CodeIgniter\Boot::runCodeIgniter(Object(CodeIgniter\CodeIgniter))
13 FCPATH\index.php(59): CodeIgniter\Boot::bootWeb(Object(Config\Paths))
14 SYSTEMPATH\rewrite.php(44): require_once('D:\\Kumpulan Project IT\\Project Web\\koperasi-samara\\public\\index.php')
DEBUG - 2026-08-03 02:55:42 --> Session: Class initialized using 'CodeIgniter\Session\Handlers\FileHandler' driver.
ERROR - 2026-08-03 02:55:42 --> mysqli_sql_exception: Column 'nama_lengkap' in where clause is ambiguous in D:\Kumpulan Project IT\Project Web\koperasi-samara\system\Database\MySQLi\Connection.php:327
Stack trace:
#0 D:\Kumpulan Project IT\Project Web\koperasi-samara\system\Database\MySQLi\Connection.php(327): mysqli->query('SELECT `anggota...', 0)
#1 D:\Kumpulan Project IT\Project Web\koperasi-samara\system\Database\BaseConnection.php(729): CodeIgniter\Database\MySQLi\Connection->execute('SELECT `anggota...')
#2 D:\Kumpulan Project IT\Project Web\koperasi-samara\system\Database\BaseConnection.php(646): CodeIgniter\Database\BaseConnection->simpleQuery('SELECT `anggota...')
#3 D:\Kumpulan Project IT\Project Web\koperasi-samara\system\Database\BaseBuilder.php(1649): CodeIgniter\Database\BaseConnection->query('SELECT `anggota...', Array, false)
#4 D:\Kumpulan Project IT\Project Web\koperasi-samara\system\Model.php(286): CodeIgniter\Database\BaseBuilder->get()
#5 D:\Kumpulan Project IT\Project Web\koperasi-samara\system\BaseModel.php(677): CodeIgniter\Model->doFindAll(10, 0)
#6 D:\Kumpulan Project IT\Project Web\koperasi-samara\app\Controllers\AdminDashboard.php(115): CodeIgniter\BaseModel->findAll(10)
#7 D:\Kumpulan Project IT\Project Web\koperasi-samara\system\CodeIgniter.php(933): App\Controllers\AdminDashboard->searchAnggota()
#8 D:\Kumpulan Project IT\Project Web\koperasi-samara\system\CodeIgniter.php(507): CodeIgniter\CodeIgniter->runController(Object(App\Controllers\AdminDashboard))
#9 D:\Kumpulan Project IT\Project Web\koperasi-samara\system\CodeIgniter.php(354): CodeIgniter\CodeIgniter->handleRequest(NULL, Object(Config\Cache), false)
#10 D:\Kumpulan Project IT\Project Web\koperasi-samara\system\Boot.php(363): CodeIgniter\CodeIgniter->run()
#11 D:\Kumpulan Project IT\Project Web\koperasi-samara\system\Boot.php(68): CodeIgniter\Boot::runCodeIgniter(Object(CodeIgniter\CodeIgniter))
#12 D:\Kumpulan Project IT\Project Web\koperasi-samara\public\index.php(59): CodeIgniter\Boot::bootWeb(Object(Config\Paths))
#13 D:\Kumpulan Project IT\Project Web\koperasi-samara\system\rewrite.php(44): require_once('D:\\Kumpulan Pro...')
#14 {main}
CRITICAL - 2026-08-03 02:55:42 --> CodeIgniter\Database\Exceptions\DatabaseException: Column 'nama_lengkap' in where clause is ambiguous
[Method: GET, Route: admin/search-anggota]
in SYSTEMPATH\Database\BaseConnection.php on line 684.
 1 SYSTEMPATH\Database\BaseBuilder.php(1649): CodeIgniter\Database\BaseConnection->query('SELECT `anggota`.*, `users`.`id` AS `id_user`, `users`.`username` AS `username_user`
FROM `anggota`
LEFT JOIN `users` ON `users`.`id` = `anggota`.`id_anggota`
WHERE `nama_lengkap` LIKE :nama_lengkap: ESCAPE \'!\'
OR  `no_ktp` LIKE :no_ktp: ESCAPE \'!\'
 LIMIT 10', [...], false)
 2 SYSTEMPATH\Model.php(286): CodeIgniter\Database\BaseBuilder->get()
 3 SYSTEMPATH\BaseModel.php(677): CodeIgniter\Model->doFindAll(10, 0)
 4 APPPATH\Controllers\AdminDashboard.php(115): CodeIgniter\BaseModel->findAll(10)
 5 SYSTEMPATH\CodeIgniter.php(933): App\Controllers\AdminDashboard->searchAnggota()
 6 SYSTEMPATH\CodeIgniter.php(507): CodeIgniter\CodeIgniter->runController(Object(App\Controllers\AdminDashboard))
 7 SYSTEMPATH\CodeIgniter.php(354): CodeIgniter\CodeIgniter->handleRequest(null, Object(Config\Cache), false)
 8 SYSTEMPATH\Boot.php(363): CodeIgniter\CodeIgniter->run()
 9 SYSTEMPATH\Boot.php(68): CodeIgniter\Boot::runCodeIgniter(Object(CodeIgniter\CodeIgniter))
10 FCPATH\index.php(59): CodeIgniter\Boot::bootWeb(Object(Config\Paths))
11 SYSTEMPATH\rewrite.php(44): require_once('D:\\Kumpulan Project IT\\Project Web\\koperasi-samara\\public\\index.php')
CRITICAL - 2026-08-03 02:55:42 --> [Caused by] CodeIgniter\Database\Exceptions\DatabaseException: Column 'nama_lengkap' in where clause is ambiguous
in SYSTEMPATH\Database\MySQLi\Connection.php on line 332.
 1 SYSTEMPATH\Database\BaseConnection.php(729): CodeIgniter\Database\MySQLi\Connection->execute('SELECT `anggota`.*, `users`.`id` AS `id_user`, `users`.`username` AS `username_user`
FROM `anggota`
LEFT JOIN `users` ON `users`.`id` = `anggota`.`id_anggota`
WHERE `nama_lengkap` LIKE \'%sss%\' ESCAPE \'!\'
OR  `no_ktp` LIKE \'%sss%\' ESCAPE \'!\'
 LIMIT 10')
 2 SYSTEMPATH\Database\BaseConnection.php(646): CodeIgniter\Database\BaseConnection->simpleQuery('SELECT `anggota`.*, `users`.`id` AS `id_user`, `users`.`username` AS `username_user`
FROM `anggota`
LEFT JOIN `users` ON `users`.`id` = `anggota`.`id_anggota`
WHERE `nama_lengkap` LIKE \'%sss%\' ESCAPE \'!\'
OR  `no_ktp` LIKE \'%sss%\' ESCAPE \'!\'
 LIMIT 10')
 3 SYSTEMPATH\Database\BaseBuilder.php(1649): CodeIgniter\Database\BaseConnection->query('SELECT `anggota`.*, `users`.`id` AS `id_user`, `users`.`username` AS `username_user`
FROM `anggota`
LEFT JOIN `users` ON `users`.`id` = `anggota`.`id_anggota`
WHERE `nama_lengkap` LIKE :nama_lengkap: ESCAPE \'!\'
OR  `no_ktp` LIKE :no_ktp: ESCAPE \'!\'
 LIMIT 10', [...], false)
 4 SYSTEMPATH\Model.php(286): CodeIgniter\Database\BaseBuilder->get()
 5 SYSTEMPATH\BaseModel.php(677): CodeIgniter\Model->doFindAll(10, 0)
 6 APPPATH\Controllers\AdminDashboard.php(115): CodeIgniter\BaseModel->findAll(10)
 7 SYSTEMPATH\CodeIgniter.php(933): App\Controllers\AdminDashboard->searchAnggota()
 8 SYSTEMPATH\CodeIgniter.php(507): CodeIgniter\CodeIgniter->runController(Object(App\Controllers\AdminDashboard))
 9 SYSTEMPATH\CodeIgniter.php(354): CodeIgniter\CodeIgniter->handleRequest(null, Object(Config\Cache), false)
10 SYSTEMPATH\Boot.php(363): CodeIgniter\CodeIgniter->run()
11 SYSTEMPATH\Boot.php(68): CodeIgniter\Boot::runCodeIgniter(Object(CodeIgniter\CodeIgniter))
12 FCPATH\index.php(59): CodeIgniter\Boot::bootWeb(Object(Config\Paths))
13 SYSTEMPATH\rewrite.php(44): require_once('D:\\Kumpulan Project IT\\Project Web\\koperasi-samara\\public\\index.php')
CRITICAL - 2026-08-03 02:55:42 --> [Caused by] mysqli_sql_exception: Column 'nama_lengkap' in where clause is ambiguous
in SYSTEMPATH\Database\MySQLi\Connection.php on line 327.
 1 SYSTEMPATH\Database\MySQLi\Connection.php(327): mysqli->query('SELECT `anggota`.*, `users`.`id` AS `id_user`, `users`.`username` AS `username_user`
FROM `anggota`
LEFT JOIN `users` ON `users`.`id` = `anggota`.`id_anggota`
WHERE `nama_lengkap` LIKE \'%sss%\' ESCAPE \'!\'
OR  `no_ktp` LIKE \'%sss%\' ESCAPE \'!\'
 LIMIT 10', 0)
 2 SYSTEMPATH\Database\BaseConnection.php(729): CodeIgniter\Database\MySQLi\Connection->execute('SELECT `anggota`.*, `users`.`id` AS `id_user`, `users`.`username` AS `username_user`
FROM `anggota`
LEFT JOIN `users` ON `users`.`id` = `anggota`.`id_anggota`
WHERE `nama_lengkap` LIKE \'%sss%\' ESCAPE \'!\'
OR  `no_ktp` LIKE \'%sss%\' ESCAPE \'!\'
 LIMIT 10')
 3 SYSTEMPATH\Database\BaseConnection.php(646): CodeIgniter\Database\BaseConnection->simpleQuery('SELECT `anggota`.*, `users`.`id` AS `id_user`, `users`.`username` AS `username_user`
FROM `anggota`
LEFT JOIN `users` ON `users`.`id` = `anggota`.`id_anggota`
WHERE `nama_lengkap` LIKE \'%sss%\' ESCAPE \'!\'
OR  `no_ktp` LIKE \'%sss%\' ESCAPE \'!\'
 LIMIT 10')
 4 SYSTEMPATH\Database\BaseBuilder.php(1649): CodeIgniter\Database\BaseConnection->query('SELECT `anggota`.*, `users`.`id` AS `id_user`, `users`.`username` AS `username_user`
FROM `anggota`
LEFT JOIN `users` ON `users`.`id` = `anggota`.`id_anggota`
WHERE `nama_lengkap` LIKE :nama_lengkap: ESCAPE \'!\'
OR  `no_ktp` LIKE :no_ktp: ESCAPE \'!\'
 LIMIT 10', [...], false)
 5 SYSTEMPATH\Model.php(286): CodeIgniter\Database\BaseBuilder->get()
 6 SYSTEMPATH\BaseModel.php(677): CodeIgniter\Model->doFindAll(10, 0)
 7 APPPATH\Controllers\AdminDashboard.php(115): CodeIgniter\BaseModel->findAll(10)
 8 SYSTEMPATH\CodeIgniter.php(933): App\Controllers\AdminDashboard->searchAnggota()
 9 SYSTEMPATH\CodeIgniter.php(507): CodeIgniter\CodeIgniter->runController(Object(App\Controllers\AdminDashboard))
10 SYSTEMPATH\CodeIgniter.php(354): CodeIgniter\CodeIgniter->handleRequest(null, Object(Config\Cache), false)
11 SYSTEMPATH\Boot.php(363): CodeIgniter\CodeIgniter->run()
12 SYSTEMPATH\Boot.php(68): CodeIgniter\Boot::runCodeIgniter(Object(CodeIgniter\CodeIgniter))
13 FCPATH\index.php(59): CodeIgniter\Boot::bootWeb(Object(Config\Paths))
14 SYSTEMPATH\rewrite.php(44): require_once('D:\\Kumpulan Project IT\\Project Web\\koperasi-samara\\public\\index.php')
DEBUG - 2026-08-03 02:55:43 --> Session: Class initialized using 'CodeIgniter\Session\Handlers\FileHandler' driver.
ERROR - 2026-08-03 02:55:43 --> mysqli_sql_exception: Column 'nama_lengkap' in where clause is ambiguous in D:\Kumpulan Project IT\Project Web\koperasi-samara\system\Database\MySQLi\Connection.php:327
Stack trace:
#0 D:\Kumpulan Project IT\Project Web\koperasi-samara\system\Database\MySQLi\Connection.php(327): mysqli->query('SELECT `anggota...', 0)
#1 D:\Kumpulan Project IT\Project Web\koperasi-samara\system\Database\BaseConnection.php(729): CodeIgniter\Database\MySQLi\Connection->execute('SELECT `anggota...')
#2 D:\Kumpulan Project IT\Project Web\koperasi-samara\system\Database\BaseConnection.php(646): CodeIgniter\Database\BaseConnection->simpleQuery('SELECT `anggota...')
#3 D:\Kumpulan Project IT\Project Web\koperasi-samara\system\Database\BaseBuilder.php(1649): CodeIgniter\Database\BaseConnection->query('SELECT `anggota...', Array, false)
#4 D:\Kumpulan Project IT\Project Web\koperasi-samara\system\Model.php(286): CodeIgniter\Database\BaseBuilder->get()
#5 D:\Kumpulan Project IT\Project Web\koperasi-samara\system\BaseModel.php(677): CodeIgniter\Model->doFindAll(10, 0)
#6 D:\Kumpulan Project IT\Project Web\koperasi-samara\app\Controllers\AdminDashboard.php(115): CodeIgniter\BaseModel->findAll(10)
#7 D:\Kumpulan Project IT\Project Web\koperasi-samara\system\CodeIgniter.php(933): App\Controllers\AdminDashboard->searchAnggota()
#8 D:\Kumpulan Project IT\Project Web\koperasi-samara\system\CodeIgniter.php(507): CodeIgniter\CodeIgniter->runController(Object(App\Controllers\AdminDashboard))
#9 D:\Kumpulan Project IT\Project Web\koperasi-samara\system\CodeIgniter.php(354): CodeIgniter\CodeIgniter->handleRequest(NULL, Object(Config\Cache), false)
#10 D:\Kumpulan Project IT\Project Web\koperasi-samara\system\Boot.php(363): CodeIgniter\CodeIgniter->run()
#11 D:\Kumpulan Project IT\Project Web\koperasi-samara\system\Boot.php(68): CodeIgniter\Boot::runCodeIgniter(Object(CodeIgniter\CodeIgniter))
#12 D:\Kumpulan Project IT\Project Web\koperasi-samara\public\index.php(59): CodeIgniter\Boot::bootWeb(Object(Config\Paths))
#13 D:\Kumpulan Project IT\Project Web\koperasi-samara\system\rewrite.php(44): require_once('D:\\Kumpulan Pro...')
#14 {main}
CRITICAL - 2026-08-03 02:55:43 --> CodeIgniter\Database\Exceptions\DatabaseException: Column 'nama_lengkap' in where clause is ambiguous
[Method: GET, Route: admin/search-anggota]
in SYSTEMPATH\Database\BaseConnection.php on line 684.
 1 SYSTEMPATH\Database\BaseBuilder.php(1649): CodeIgniter\Database\BaseConnection->query('SELECT `anggota`.*, `users`.`id` AS `id_user`, `users`.`username` AS `username_user`
FROM `anggota`
LEFT JOIN `users` ON `users`.`id` = `anggota`.`id_anggota`
WHERE `nama_lengkap` LIKE :nama_lengkap: ESCAPE \'!\'
OR  `no_ktp` LIKE :no_ktp: ESCAPE \'!\'
 LIMIT 10', [...], false)
 2 SYSTEMPATH\Model.php(286): CodeIgniter\Database\BaseBuilder->get()
 3 SYSTEMPATH\BaseModel.php(677): CodeIgniter\Model->doFindAll(10, 0)
 4 APPPATH\Controllers\AdminDashboard.php(115): CodeIgniter\BaseModel->findAll(10)
 5 SYSTEMPATH\CodeIgniter.php(933): App\Controllers\AdminDashboard->searchAnggota()
 6 SYSTEMPATH\CodeIgniter.php(507): CodeIgniter\CodeIgniter->runController(Object(App\Controllers\AdminDashboard))
 7 SYSTEMPATH\CodeIgniter.php(354): CodeIgniter\CodeIgniter->handleRequest(null, Object(Config\Cache), false)
 8 SYSTEMPATH\Boot.php(363): CodeIgniter\CodeIgniter->run()
 9 SYSTEMPATH\Boot.php(68): CodeIgniter\Boot::runCodeIgniter(Object(CodeIgniter\CodeIgniter))
10 FCPATH\index.php(59): CodeIgniter\Boot::bootWeb(Object(Config\Paths))
11 SYSTEMPATH\rewrite.php(44): require_once('D:\\Kumpulan Project IT\\Project Web\\koperasi-samara\\public\\index.php')
CRITICAL - 2026-08-03 02:55:43 --> [Caused by] CodeIgniter\Database\Exceptions\DatabaseException: Column 'nama_lengkap' in where clause is ambiguous
in SYSTEMPATH\Database\MySQLi\Connection.php on line 332.
 1 SYSTEMPATH\Database\BaseConnection.php(729): CodeIgniter\Database\MySQLi\Connection->execute('SELECT `anggota`.*, `users`.`id` AS `id_user`, `users`.`username` AS `username_user`
FROM `anggota`
LEFT JOIN `users` ON `users`.`id` = `anggota`.`id_anggota`
WHERE `nama_lengkap` LIKE \'%ss%\' ESCAPE \'!\'
OR  `no_ktp` LIKE \'%ss%\' ESCAPE \'!\'
 LIMIT 10')
 2 SYSTEMPATH\Database\BaseConnection.php(646): CodeIgniter\Database\BaseConnection->simpleQuery('SELECT `anggota`.*, `users`.`id` AS `id_user`, `users`.`username` AS `username_user`
FROM `anggota`
LEFT JOIN `users` ON `users`.`id` = `anggota`.`id_anggota`
WHERE `nama_lengkap` LIKE \'%ss%\' ESCAPE \'!\'
OR  `no_ktp` LIKE \'%ss%\' ESCAPE \'!\'
 LIMIT 10')
 3 SYSTEMPATH\Database\BaseBuilder.php(1649): CodeIgniter\Database\BaseConnection->query('SELECT `anggota`.*, `users`.`id` AS `id_user`, `users`.`username` AS `username_user`
FROM `anggota`
LEFT JOIN `users` ON `users`.`id` = `anggota`.`id_anggota`
WHERE `nama_lengkap` LIKE :nama_lengkap: ESCAPE \'!\'
OR  `no_ktp` LIKE :no_ktp: ESCAPE \'!\'
 LIMIT 10', [...], false)
 4 SYSTEMPATH\Model.php(286): CodeIgniter\Database\BaseBuilder->get()
 5 SYSTEMPATH\BaseModel.php(677): CodeIgniter\Model->doFindAll(10, 0)
 6 APPPATH\Controllers\AdminDashboard.php(115): CodeIgniter\BaseModel->findAll(10)
 7 SYSTEMPATH\CodeIgniter.php(933): App\Controllers\AdminDashboard->searchAnggota()
 8 SYSTEMPATH\CodeIgniter.php(507): CodeIgniter\CodeIgniter->runController(Object(App\Controllers\AdminDashboard))
 9 SYSTEMPATH\CodeIgniter.php(354): CodeIgniter\CodeIgniter->handleRequest(null, Object(Config\Cache), false)
10 SYSTEMPATH\Boot.php(363): CodeIgniter\CodeIgniter->run()
11 SYSTEMPATH\Boot.php(68): CodeIgniter\Boot::runCodeIgniter(Object(CodeIgniter\CodeIgniter))
12 FCPATH\index.php(59): CodeIgniter\Boot::bootWeb(Object(Config\Paths))
13 SYSTEMPATH\rewrite.php(44): require_once('D:\\Kumpulan Project IT\\Project Web\\koperasi-samara\\public\\index.php')
CRITICAL - 2026-08-03 02:55:43 --> [Caused by] mysqli_sql_exception: Column 'nama_lengkap' in where clause is ambiguous
in SYSTEMPATH\Database\MySQLi\Connection.php on line 327.
 1 SYSTEMPATH\Database\MySQLi\Connection.php(327): mysqli->query('SELECT `anggota`.*, `users`.`id` AS `id_user`, `users`.`username` AS `username_user`
FROM `anggota`
LEFT JOIN `users` ON `users`.`id` = `anggota`.`id_anggota`
WHERE `nama_lengkap` LIKE \'%ss%\' ESCAPE \'!\'
OR  `no_ktp` LIKE \'%ss%\' ESCAPE \'!\'
 LIMIT 10', 0)
 2 SYSTEMPATH\Database\BaseConnection.php(729): CodeIgniter\Database\MySQLi\Connection->execute('SELECT `anggota`.*, `users`.`id` AS `id_user`, `users`.`username` AS `username_user`
FROM `anggota`
LEFT JOIN `users` ON `users`.`id` = `anggota`.`id_anggota`
WHERE `nama_lengkap` LIKE \'%ss%\' ESCAPE \'!\'
OR  `no_ktp` LIKE \'%ss%\' ESCAPE \'!\'
 LIMIT 10')
 3 SYSTEMPATH\Database\BaseConnection.php(646): CodeIgniter\Database\BaseConnection->simpleQuery('SELECT `anggota`.*, `users`.`id` AS `id_user`, `users`.`username` AS `username_user`
FROM `anggota`
LEFT JOIN `users` ON `users`.`id` = `anggota`.`id_anggota`
WHERE `nama_lengkap` LIKE \'%ss%\' ESCAPE \'!\'
OR  `no_ktp` LIKE \'%ss%\' ESCAPE \'!\'
 LIMIT 10')
 4 SYSTEMPATH\Database\BaseBuilder.php(1649): CodeIgniter\Database\BaseConnection->query('SELECT `anggota`.*, `users`.`id` AS `id_user`, `users`.`username` AS `username_user`
FROM `anggota`
LEFT JOIN `users` ON `users`.`id` = `anggota`.`id_anggota`
WHERE `nama_lengkap` LIKE :nama_lengkap: ESCAPE \'!\'
OR  `no_ktp` LIKE :no_ktp: ESCAPE \'!\'
 LIMIT 10', [...], false)
 5 SYSTEMPATH\Model.php(286): CodeIgniter\Database\BaseBuilder->get()
 6 SYSTEMPATH\BaseModel.php(677): CodeIgniter\Model->doFindAll(10, 0)
 7 APPPATH\Controllers\AdminDashboard.php(115): CodeIgniter\BaseModel->findAll(10)
 8 SYSTEMPATH\CodeIgniter.php(933): App\Controllers\AdminDashboard->searchAnggota()
 9 SYSTEMPATH\CodeIgniter.php(507): CodeIgniter\CodeIgniter->runController(Object(App\Controllers\AdminDashboard))
10 SYSTEMPATH\CodeIgniter.php(354): CodeIgniter\CodeIgniter->handleRequest(null, Object(Config\Cache), false)
11 SYSTEMPATH\Boot.php(363): CodeIgniter\CodeIgniter->run()
12 SYSTEMPATH\Boot.php(68): CodeIgniter\Boot::runCodeIgniter(Object(CodeIgniter\CodeIgniter))
13 FCPATH\index.php(59): CodeIgniter\Boot::bootWeb(Object(Config\Paths))
14 SYSTEMPATH\rewrite.php(44): require_once('D:\\Kumpulan Project IT\\Project Web\\koperasi-samara\\public\\index.php')
DEBUG - 2026-08-03 02:55:43 --> Session: Class initialized using 'CodeIgniter\Session\Handlers\FileHandler' driver.
ERROR - 2026-08-03 02:55:43 --> mysqli_sql_exception: Column 'nama_lengkap' in where clause is ambiguous in D:\Kumpulan Project IT\Project Web\koperasi-samara\system\Database\MySQLi\Connection.php:327
Stack trace:
#0 D:\Kumpulan Project IT\Project Web\koperasi-samara\system\Database\MySQLi\Connection.php(327): mysqli->query('SELECT `anggota...', 0)
#1 D:\Kumpulan Project IT\Project Web\koperasi-samara\system\Database\BaseConnection.php(729): CodeIgniter\Database\MySQLi\Connection->execute('SELECT `anggota...')
#2 D:\Kumpulan Project IT\Project Web\koperasi-samara\system\Database\BaseConnection.php(646): CodeIgniter\Database\BaseConnection->simpleQuery('SELECT `anggota...')
#3 D:\Kumpulan Project IT\Project Web\koperasi-samara\system\Database\BaseBuilder.php(1649): CodeIgniter\Database\BaseConnection->query('SELECT `anggota...', Array, false)
#4 D:\Kumpulan Project IT\Project Web\koperasi-samara\system\Model.php(286): CodeIgniter\Database\BaseBuilder->get()
#5 D:\Kumpulan Project IT\Project Web\koperasi-samara\system\BaseModel.php(677): CodeIgniter\Model->doFindAll(10, 0)
#6 D:\Kumpulan Project IT\Project Web\koperasi-samara\app\Controllers\AdminDashboard.php(115): CodeIgniter\BaseModel->findAll(10)
#7 D:\Kumpulan Project IT\Project Web\koperasi-samara\system\CodeIgniter.php(933): App\Controllers\AdminDashboard->searchAnggota()
#8 D:\Kumpulan Project IT\Project Web\koperasi-samara\system\CodeIgniter.php(507): CodeIgniter\CodeIgniter->runController(Object(App\Controllers\AdminDashboard))
#9 D:\Kumpulan Project IT\Project Web\koperasi-samara\system\CodeIgniter.php(354): CodeIgniter\CodeIgniter->handleRequest(NULL, Object(Config\Cache), false)
#10 D:\Kumpulan Project IT\Project Web\koperasi-samara\system\Boot.php(363): CodeIgniter\CodeIgniter->run()
#11 D:\Kumpulan Project IT\Project Web\koperasi-samara\system\Boot.php(68): CodeIgniter\Boot::runCodeIgniter(Object(CodeIgniter\CodeIgniter))
#12 D:\Kumpulan Project IT\Project Web\koperasi-samara\public\index.php(59): CodeIgniter\Boot::bootWeb(Object(Config\Paths))
#13 D:\Kumpulan Project IT\Project Web\koperasi-samara\system\rewrite.php(44): require_once('D:\\Kumpulan Pro...')
#14 {main}
CRITICAL - 2026-08-03 02:55:43 --> CodeIgniter\Database\Exceptions\DatabaseException: Column 'nama_lengkap' in where clause is ambiguous
[Method: GET, Route: admin/search-anggota]
in SYSTEMPATH\Database\BaseConnection.php on line 684.
 1 SYSTEMPATH\Database\BaseBuilder.php(1649): CodeIgniter\Database\BaseConnection->query('SELECT `anggota`.*, `users`.`id` AS `id_user`, `users`.`username` AS `username_user`
FROM `anggota`
LEFT JOIN `users` ON `users`.`id` = `anggota`.`id_anggota`
WHERE `nama_lengkap` LIKE :nama_lengkap: ESCAPE \'!\'
OR  `no_ktp` LIKE :no_ktp: ESCAPE \'!\'
 LIMIT 10', [...], false)
 2 SYSTEMPATH\Model.php(286): CodeIgniter\Database\BaseBuilder->get()
 3 SYSTEMPATH\BaseModel.php(677): CodeIgniter\Model->doFindAll(10, 0)
 4 APPPATH\Controllers\AdminDashboard.php(115): CodeIgniter\BaseModel->findAll(10)
 5 SYSTEMPATH\CodeIgniter.php(933): App\Controllers\AdminDashboard->searchAnggota()
 6 SYSTEMPATH\CodeIgniter.php(507): CodeIgniter\CodeIgniter->runController(Object(App\Controllers\AdminDashboard))
 7 SYSTEMPATH\CodeIgniter.php(354): CodeIgniter\CodeIgniter->handleRequest(null, Object(Config\Cache), false)
 8 SYSTEMPATH\Boot.php(363): CodeIgniter\CodeIgniter->run()
 9 SYSTEMPATH\Boot.php(68): CodeIgniter\Boot::runCodeIgniter(Object(CodeIgniter\CodeIgniter))
10 FCPATH\index.php(59): CodeIgniter\Boot::bootWeb(Object(Config\Paths))
11 SYSTEMPATH\rewrite.php(44): require_once('D:\\Kumpulan Project IT\\Project Web\\koperasi-samara\\public\\index.php')
CRITICAL - 2026-08-03 02:55:43 --> [Caused by] CodeIgniter\Database\Exceptions\DatabaseException: Column 'nama_lengkap' in where clause is ambiguous
in SYSTEMPATH\Database\MySQLi\Connection.php on line 332.
 1 SYSTEMPATH\Database\BaseConnection.php(729): CodeIgniter\Database\MySQLi\Connection->execute('SELECT `anggota`.*, `users`.`id` AS `id_user`, `users`.`username` AS `username_user`
FROM `anggota`
LEFT JOIN `users` ON `users`.`id` = `anggota`.`id_anggota`
WHERE `nama_lengkap` LIKE \'%s%\' ESCAPE \'!\'
OR  `no_ktp` LIKE \'%s%\' ESCAPE \'!\'
 LIMIT 10')
 2 SYSTEMPATH\Database\BaseConnection.php(646): CodeIgniter\Database\BaseConnection->simpleQuery('SELECT `anggota`.*, `users`.`id` AS `id_user`, `users`.`username` AS `username_user`
FROM `anggota`
LEFT JOIN `users` ON `users`.`id` = `anggota`.`id_anggota`
WHERE `nama_lengkap` LIKE \'%s%\' ESCAPE \'!\'
OR  `no_ktp` LIKE \'%s%\' ESCAPE \'!\'
 LIMIT 10')
 3 SYSTEMPATH\Database\BaseBuilder.php(1649): CodeIgniter\Database\BaseConnection->query('SELECT `anggota`.*, `users`.`id` AS `id_user`, `users`.`username` AS `username_user`
FROM `anggota`
LEFT JOIN `users` ON `users`.`id` = `anggota`.`id_anggota`
WHERE `nama_lengkap` LIKE :nama_lengkap: ESCAPE \'!\'
OR  `no_ktp` LIKE :no_ktp: ESCAPE \'!\'
 LIMIT 10', [...], false)
 4 SYSTEMPATH\Model.php(286): CodeIgniter\Database\BaseBuilder->get()
 5 SYSTEMPATH\BaseModel.php(677): CodeIgniter\Model->doFindAll(10, 0)
 6 APPPATH\Controllers\AdminDashboard.php(115): CodeIgniter\BaseModel->findAll(10)
 7 SYSTEMPATH\CodeIgniter.php(933): App\Controllers\AdminDashboard->searchAnggota()
 8 SYSTEMPATH\CodeIgniter.php(507): CodeIgniter\CodeIgniter->runController(Object(App\Controllers\AdminDashboard))
 9 SYSTEMPATH\CodeIgniter.php(354): CodeIgniter\CodeIgniter->handleRequest(null, Object(Config\Cache), false)
10 SYSTEMPATH\Boot.php(363): CodeIgniter\CodeIgniter->run()
11 SYSTEMPATH\Boot.php(68): CodeIgniter\Boot::runCodeIgniter(Object(CodeIgniter\CodeIgniter))
12 FCPATH\index.php(59): CodeIgniter\Boot::bootWeb(Object(Config\Paths))
13 SYSTEMPATH\rewrite.php(44): require_once('D:\\Kumpulan Project IT\\Project Web\\koperasi-samara\\public\\index.php')
CRITICAL - 2026-08-03 02:55:43 --> [Caused by] mysqli_sql_exception: Column 'nama_lengkap' in where clause is ambiguous
in SYSTEMPATH\Database\MySQLi\Connection.php on line 327.
 1 SYSTEMPATH\Database\MySQLi\Connection.php(327): mysqli->query('SELECT `anggota`.*, `users`.`id` AS `id_user`, `users`.`username` AS `username_user`
FROM `anggota`
LEFT JOIN `users` ON `users`.`id` = `anggota`.`id_anggota`
WHERE `nama_lengkap` LIKE \'%s%\' ESCAPE \'!\'
OR  `no_ktp` LIKE \'%s%\' ESCAPE \'!\'
 LIMIT 10', 0)
 2 SYSTEMPATH\Database\BaseConnection.php(729): CodeIgniter\Database\MySQLi\Connection->execute('SELECT `anggota`.*, `users`.`id` AS `id_user`, `users`.`username` AS `username_user`
FROM `anggota`
LEFT JOIN `users` ON `users`.`id` = `anggota`.`id_anggota`
WHERE `nama_lengkap` LIKE \'%s%\' ESCAPE \'!\'
OR  `no_ktp` LIKE \'%s%\' ESCAPE \'!\'
 LIMIT 10')
 3 SYSTEMPATH\Database\BaseConnection.php(646): CodeIgniter\Database\BaseConnection->simpleQuery('SELECT `anggota`.*, `users`.`id` AS `id_user`, `users`.`username` AS `username_user`
FROM `anggota`
LEFT JOIN `users` ON `users`.`id` = `anggota`.`id_anggota`
WHERE `nama_lengkap` LIKE \'%s%\' ESCAPE \'!\'
OR  `no_ktp` LIKE \'%s%\' ESCAPE \'!\'
 LIMIT 10')
 4 SYSTEMPATH\Database\BaseBuilder.php(1649): CodeIgniter\Database\BaseConnection->query('SELECT `anggota`.*, `users`.`id` AS `id_user`, `users`.`username` AS `username_user`
FROM `anggota`
LEFT JOIN `users` ON `users`.`id` = `anggota`.`id_anggota`
WHERE `nama_lengkap` LIKE :nama_lengkap: ESCAPE \'!\'
OR  `no_ktp` LIKE :no_ktp: ESCAPE \'!\'
 LIMIT 10', [...], false)
 5 SYSTEMPATH\Model.php(286): CodeIgniter\Database\BaseBuilder->get()
 6 SYSTEMPATH\BaseModel.php(677): CodeIgniter\Model->doFindAll(10, 0)
 7 APPPATH\Controllers\AdminDashboard.php(115): CodeIgniter\BaseModel->findAll(10)
 8 SYSTEMPATH\CodeIgniter.php(933): App\Controllers\AdminDashboard->searchAnggota()
 9 SYSTEMPATH\CodeIgniter.php(507): CodeIgniter\CodeIgniter->runController(Object(App\Controllers\AdminDashboard))
10 SYSTEMPATH\CodeIgniter.php(354): CodeIgniter\CodeIgniter->handleRequest(null, Object(Config\Cache), false)
11 SYSTEMPATH\Boot.php(363): CodeIgniter\CodeIgniter->run()
12 SYSTEMPATH\Boot.php(68): CodeIgniter\Boot::runCodeIgniter(Object(CodeIgniter\CodeIgniter))
13 FCPATH\index.php(59): CodeIgniter\Boot::bootWeb(Object(Config\Paths))
14 SYSTEMPATH\rewrite.php(44): require_once('D:\\Kumpulan Project IT\\Project Web\\koperasi-samara\\public\\index.php')
DEBUG - 2026-08-03 02:55:43 --> Session: Class initialized using 'CodeIgniter\Session\Handlers\FileHandler' driver.
ERROR - 2026-08-03 02:55:43 --> mysqli_sql_exception: Column 'nama_lengkap' in where clause is ambiguous in D:\Kumpulan Project IT\Project Web\koperasi-samara\system\Database\MySQLi\Connection.php:327
Stack trace:
#0 D:\Kumpulan Project IT\Project Web\koperasi-samara\system\Database\MySQLi\Connection.php(327): mysqli->query('SELECT `anggota...', 0)
#1 D:\Kumpulan Project IT\Project Web\koperasi-samara\system\Database\BaseConnection.php(729): CodeIgniter\Database\MySQLi\Connection->execute('SELECT `anggota...')
#2 D:\Kumpulan Project IT\Project Web\koperasi-samara\system\Database\BaseConnection.php(646): CodeIgniter\Database\BaseConnection->simpleQuery('SELECT `anggota...')
#3 D:\Kumpulan Project IT\Project Web\koperasi-samara\system\Database\BaseBuilder.php(1649): CodeIgniter\Database\BaseConnection->query('SELECT `anggota...', Array, false)
#4 D:\Kumpulan Project IT\Project Web\koperasi-samara\system\Model.php(286): CodeIgniter\Database\BaseBuilder->get()
#5 D:\Kumpulan Project IT\Project Web\koperasi-samara\system\BaseModel.php(677): CodeIgniter\Model->doFindAll(10, 0)
#6 D:\Kumpulan Project IT\Project Web\koperasi-samara\app\Controllers\AdminDashboard.php(115): CodeIgniter\BaseModel->findAll(10)
#7 D:\Kumpulan Project IT\Project Web\koperasi-samara\system\CodeIgniter.php(933): App\Controllers\AdminDashboard->searchAnggota()
#8 D:\Kumpulan Project IT\Project Web\koperasi-samara\system\CodeIgniter.php(507): CodeIgniter\CodeIgniter->runController(Object(App\Controllers\AdminDashboard))
#9 D:\Kumpulan Project IT\Project Web\koperasi-samara\system\CodeIgniter.php(354): CodeIgniter\CodeIgniter->handleRequest(NULL, Object(Config\Cache), false)
#10 D:\Kumpulan Project IT\Project Web\koperasi-samara\system\Boot.php(363): CodeIgniter\CodeIgniter->run()
#11 D:\Kumpulan Project IT\Project Web\koperasi-samara\system\Boot.php(68): CodeIgniter\Boot::runCodeIgniter(Object(CodeIgniter\CodeIgniter))
#12 D:\Kumpulan Project IT\Project Web\koperasi-samara\public\index.php(59): CodeIgniter\Boot::bootWeb(Object(Config\Paths))
#13 D:\Kumpulan Project IT\Project Web\koperasi-samara\system\rewrite.php(44): require_once('D:\\Kumpulan Pro...')
#14 {main}
CRITICAL - 2026-08-03 02:55:43 --> CodeIgniter\Database\Exceptions\DatabaseException: Column 'nama_lengkap' in where clause is ambiguous
[Method: GET, Route: admin/search-anggota]
in SYSTEMPATH\Database\BaseConnection.php on line 684.
 1 SYSTEMPATH\Database\BaseBuilder.php(1649): CodeIgniter\Database\BaseConnection->query('SELECT `anggota`.*, `users`.`id` AS `id_user`, `users`.`username` AS `username_user`
FROM `anggota`
LEFT JOIN `users` ON `users`.`id` = `anggota`.`id_anggota`
WHERE `nama_lengkap` LIKE :nama_lengkap: ESCAPE \'!\'
OR  `no_ktp` LIKE :no_ktp: ESCAPE \'!\'
 LIMIT 10', [...], false)
 2 SYSTEMPATH\Model.php(286): CodeIgniter\Database\BaseBuilder->get()
 3 SYSTEMPATH\BaseModel.php(677): CodeIgniter\Model->doFindAll(10, 0)
 4 APPPATH\Controllers\AdminDashboard.php(115): CodeIgniter\BaseModel->findAll(10)
 5 SYSTEMPATH\CodeIgniter.php(933): App\Controllers\AdminDashboard->searchAnggota()
 6 SYSTEMPATH\CodeIgniter.php(507): CodeIgniter\CodeIgniter->runController(Object(App\Controllers\AdminDashboard))
 7 SYSTEMPATH\CodeIgniter.php(354): CodeIgniter\CodeIgniter->handleRequest(null, Object(Config\Cache), false)
 8 SYSTEMPATH\Boot.php(363): CodeIgniter\CodeIgniter->run()
 9 SYSTEMPATH\Boot.php(68): CodeIgniter\Boot::runCodeIgniter(Object(CodeIgniter\CodeIgniter))
10 FCPATH\index.php(59): CodeIgniter\Boot::bootWeb(Object(Config\Paths))
11 SYSTEMPATH\rewrite.php(44): require_once('D:\\Kumpulan Project IT\\Project Web\\koperasi-samara\\public\\index.php')
CRITICAL - 2026-08-03 02:55:43 --> [Caused by] CodeIgniter\Database\Exceptions\DatabaseException: Column 'nama_lengkap' in where clause is ambiguous
in SYSTEMPATH\Database\MySQLi\Connection.php on line 332.
 1 SYSTEMPATH\Database\BaseConnection.php(729): CodeIgniter\Database\MySQLi\Connection->execute('SELECT `anggota`.*, `users`.`id` AS `id_user`, `users`.`username` AS `username_user`
FROM `anggota`
LEFT JOIN `users` ON `users`.`id` = `anggota`.`id_anggota`
WHERE `nama_lengkap` LIKE \'%m%\' ESCAPE \'!\'
OR  `no_ktp` LIKE \'%m%\' ESCAPE \'!\'
 LIMIT 10')
 2 SYSTEMPATH\Database\BaseConnection.php(646): CodeIgniter\Database\BaseConnection->simpleQuery('SELECT `anggota`.*, `users`.`id` AS `id_user`, `users`.`username` AS `username_user`
FROM `anggota`
LEFT JOIN `users` ON `users`.`id` = `anggota`.`id_anggota`
WHERE `nama_lengkap` LIKE \'%m%\' ESCAPE \'!\'
OR  `no_ktp` LIKE \'%m%\' ESCAPE \'!\'
 LIMIT 10')
 3 SYSTEMPATH\Database\BaseBuilder.php(1649): CodeIgniter\Database\BaseConnection->query('SELECT `anggota`.*, `users`.`id` AS `id_user`, `users`.`username` AS `username_user`
FROM `anggota`
LEFT JOIN `users` ON `users`.`id` = `anggota`.`id_anggota`
WHERE `nama_lengkap` LIKE :nama_lengkap: ESCAPE \'!\'
OR  `no_ktp` LIKE :no_ktp: ESCAPE \'!\'
 LIMIT 10', [...], false)
 4 SYSTEMPATH\Model.php(286): CodeIgniter\Database\BaseBuilder->get()
 5 SYSTEMPATH\BaseModel.php(677): CodeIgniter\Model->doFindAll(10, 0)
 6 APPPATH\Controllers\AdminDashboard.php(115): CodeIgniter\BaseModel->findAll(10)
 7 SYSTEMPATH\CodeIgniter.php(933): App\Controllers\AdminDashboard->searchAnggota()
 8 SYSTEMPATH\CodeIgniter.php(507): CodeIgniter\CodeIgniter->runController(Object(App\Controllers\AdminDashboard))
 9 SYSTEMPATH\CodeIgniter.php(354): CodeIgniter\CodeIgniter->handleRequest(null, Object(Config\Cache), false)
10 SYSTEMPATH\Boot.php(363): CodeIgniter\CodeIgniter->run()
11 SYSTEMPATH\Boot.php(68): CodeIgniter\Boot::runCodeIgniter(Object(CodeIgniter\CodeIgniter))
12 FCPATH\index.php(59): CodeIgniter\Boot::bootWeb(Object(Config\Paths))
13 SYSTEMPATH\rewrite.php(44): require_once('D:\\Kumpulan Project IT\\Project Web\\koperasi-samara\\public\\index.php')
CRITICAL - 2026-08-03 02:55:43 --> [Caused by] mysqli_sql_exception: Column 'nama_lengkap' in where clause is ambiguous
in SYSTEMPATH\Database\MySQLi\Connection.php on line 327.
 1 SYSTEMPATH\Database\MySQLi\Connection.php(327): mysqli->query('SELECT `anggota`.*, `users`.`id` AS `id_user`, `users`.`username` AS `username_user`
FROM `anggota`
LEFT JOIN `users` ON `users`.`id` = `anggota`.`id_anggota`
WHERE `nama_lengkap` LIKE \'%m%\' ESCAPE \'!\'
OR  `no_ktp` LIKE \'%m%\' ESCAPE \'!\'
 LIMIT 10', 0)
 2 SYSTEMPATH\Database\BaseConnection.php(729): CodeIgniter\Database\MySQLi\Connection->execute('SELECT `anggota`.*, `users`.`id` AS `id_user`, `users`.`username` AS `username_user`
FROM `anggota`
LEFT JOIN `users` ON `users`.`id` = `anggota`.`id_anggota`
WHERE `nama_lengkap` LIKE \'%m%\' ESCAPE \'!\'
OR  `no_ktp` LIKE \'%m%\' ESCAPE \'!\'
 LIMIT 10')
 3 SYSTEMPATH\Database\BaseConnection.php(646): CodeIgniter\Database\BaseConnection->simpleQuery('SELECT `anggota`.*, `users`.`id` AS `id_user`, `users`.`username` AS `username_user`
FROM `anggota`
LEFT JOIN `users` ON `users`.`id` = `anggota`.`id_anggota`
WHERE `nama_lengkap` LIKE \'%m%\' ESCAPE \'!\'
OR  `no_ktp` LIKE \'%m%\' ESCAPE \'!\'
 LIMIT 10')
 4 SYSTEMPATH\Database\BaseBuilder.php(1649): CodeIgniter\Database\BaseConnection->query('SELECT `anggota`.*, `users`.`id` AS `id_user`, `users`.`username` AS `username_user`
FROM `anggota`
LEFT JOIN `users` ON `users`.`id` = `anggota`.`id_anggota`
WHERE `nama_lengkap` LIKE :nama_lengkap: ESCAPE \'!\'
OR  `no_ktp` LIKE :no_ktp: ESCAPE \'!\'
 LIMIT 10', [...], false)
 5 SYSTEMPATH\Model.php(286): CodeIgniter\Database\BaseBuilder->get()
 6 SYSTEMPATH\BaseModel.php(677): CodeIgniter\Model->doFindAll(10, 0)
 7 APPPATH\Controllers\AdminDashboard.php(115): CodeIgniter\BaseModel->findAll(10)
 8 SYSTEMPATH\CodeIgniter.php(933): App\Controllers\AdminDashboard->searchAnggota()
 9 SYSTEMPATH\CodeIgniter.php(507): CodeIgniter\CodeIgniter->runController(Object(App\Controllers\AdminDashboard))
10 SYSTEMPATH\CodeIgniter.php(354): CodeIgniter\CodeIgniter->handleRequest(null, Object(Config\Cache), false)
11 SYSTEMPATH\Boot.php(363): CodeIgniter\CodeIgniter->run()
12 SYSTEMPATH\Boot.php(68): CodeIgniter\Boot::runCodeIgniter(Object(CodeIgniter\CodeIgniter))
13 FCPATH\index.php(59): CodeIgniter\Boot::bootWeb(Object(Config\Paths))
14 SYSTEMPATH\rewrite.php(44): require_once('D:\\Kumpulan Project IT\\Project Web\\koperasi-samara\\public\\index.php')
DEBUG - 2026-08-03 02:55:44 --> Session: Class initialized using 'CodeIgniter\Session\Handlers\FileHandler' driver.
ERROR - 2026-08-03 02:55:44 --> mysqli_sql_exception: Column 'nama_lengkap' in where clause is ambiguous in D:\Kumpulan Project IT\Project Web\koperasi-samara\system\Database\MySQLi\Connection.php:327
Stack trace:
#0 D:\Kumpulan Project IT\Project Web\koperasi-samara\system\Database\MySQLi\Connection.php(327): mysqli->query('SELECT `anggota...', 0)
#1 D:\Kumpulan Project IT\Project Web\koperasi-samara\system\Database\BaseConnection.php(729): CodeIgniter\Database\MySQLi\Connection->execute('SELECT `anggota...')
#2 D:\Kumpulan Project IT\Project Web\koperasi-samara\system\Database\BaseConnection.php(646): CodeIgniter\Database\BaseConnection->simpleQuery('SELECT `anggota...')
#3 D:\Kumpulan Project IT\Project Web\koperasi-samara\system\Database\BaseBuilder.php(1649): CodeIgniter\Database\BaseConnection->query('SELECT `anggota...', Array, false)
#4 D:\Kumpulan Project IT\Project Web\koperasi-samara\system\Model.php(286): CodeIgniter\Database\BaseBuilder->get()
#5 D:\Kumpulan Project IT\Project Web\koperasi-samara\system\BaseModel.php(677): CodeIgniter\Model->doFindAll(10, 0)
#6 D:\Kumpulan Project IT\Project Web\koperasi-samara\app\Controllers\AdminDashboard.php(115): CodeIgniter\BaseModel->findAll(10)
#7 D:\Kumpulan Project IT\Project Web\koperasi-samara\system\CodeIgniter.php(933): App\Controllers\AdminDashboard->searchAnggota()
#8 D:\Kumpulan Project IT\Project Web\koperasi-samara\system\CodeIgniter.php(507): CodeIgniter\CodeIgniter->runController(Object(App\Controllers\AdminDashboard))
#9 D:\Kumpulan Project IT\Project Web\koperasi-samara\system\CodeIgniter.php(354): CodeIgniter\CodeIgniter->handleRequest(NULL, Object(Config\Cache), false)
#10 D:\Kumpulan Project IT\Project Web\koperasi-samara\system\Boot.php(363): CodeIgniter\CodeIgniter->run()
#11 D:\Kumpulan Project IT\Project Web\koperasi-samara\system\Boot.php(68): CodeIgniter\Boot::runCodeIgniter(Object(CodeIgniter\CodeIgniter))
#12 D:\Kumpulan Project IT\Project Web\koperasi-samara\public\index.php(59): CodeIgniter\Boot::bootWeb(Object(Config\Paths))
#13 D:\Kumpulan Project IT\Project Web\koperasi-samara\system\rewrite.php(44): require_once('D:\\Kumpulan Pro...')
#14 {main}
CRITICAL - 2026-08-03 02:55:44 --> CodeIgniter\Database\Exceptions\DatabaseException: Column 'nama_lengkap' in where clause is ambiguous
[Method: GET, Route: admin/search-anggota]
in SYSTEMPATH\Database\BaseConnection.php on line 684.
 1 SYSTEMPATH\Database\BaseBuilder.php(1649): CodeIgniter\Database\BaseConnection->query('SELECT `anggota`.*, `users`.`id` AS `id_user`, `users`.`username` AS `username_user`
FROM `anggota`
LEFT JOIN `users` ON `users`.`id` = `anggota`.`id_anggota`
WHERE `nama_lengkap` LIKE :nama_lengkap: ESCAPE \'!\'
OR  `no_ktp` LIKE :no_ktp: ESCAPE \'!\'
 LIMIT 10', [...], false)
 2 SYSTEMPATH\Model.php(286): CodeIgniter\Database\BaseBuilder->get()
 3 SYSTEMPATH\BaseModel.php(677): CodeIgniter\Model->doFindAll(10, 0)
 4 APPPATH\Controllers\AdminDashboard.php(115): CodeIgniter\BaseModel->findAll(10)
 5 SYSTEMPATH\CodeIgniter.php(933): App\Controllers\AdminDashboard->searchAnggota()
 6 SYSTEMPATH\CodeIgniter.php(507): CodeIgniter\CodeIgniter->runController(Object(App\Controllers\AdminDashboard))
 7 SYSTEMPATH\CodeIgniter.php(354): CodeIgniter\CodeIgniter->handleRequest(null, Object(Config\Cache), false)
 8 SYSTEMPATH\Boot.php(363): CodeIgniter\CodeIgniter->run()
 9 SYSTEMPATH\Boot.php(68): CodeIgniter\Boot::runCodeIgniter(Object(CodeIgniter\CodeIgniter))
10 FCPATH\index.php(59): CodeIgniter\Boot::bootWeb(Object(Config\Paths))
11 SYSTEMPATH\rewrite.php(44): require_once('D:\\Kumpulan Project IT\\Project Web\\koperasi-samara\\public\\index.php')
CRITICAL - 2026-08-03 02:55:44 --> [Caused by] CodeIgniter\Database\Exceptions\DatabaseException: Column 'nama_lengkap' in where clause is ambiguous
in SYSTEMPATH\Database\MySQLi\Connection.php on line 332.
 1 SYSTEMPATH\Database\BaseConnection.php(729): CodeIgniter\Database\MySQLi\Connection->execute('SELECT `anggota`.*, `users`.`id` AS `id_user`, `users`.`username` AS `username_user`
FROM `anggota`
LEFT JOIN `users` ON `users`.`id` = `anggota`.`id_anggota`
WHERE `nama_lengkap` LIKE \'%ma%\' ESCAPE \'!\'
OR  `no_ktp` LIKE \'%ma%\' ESCAPE \'!\'
 LIMIT 10')
 2 SYSTEMPATH\Database\BaseConnection.php(646): CodeIgniter\Database\BaseConnection->simpleQuery('SELECT `anggota`.*, `users`.`id` AS `id_user`, `users`.`username` AS `username_user`
FROM `anggota`
LEFT JOIN `users` ON `users`.`id` = `anggota`.`id_anggota`
WHERE `nama_lengkap` LIKE \'%ma%\' ESCAPE \'!\'
OR  `no_ktp` LIKE \'%ma%\' ESCAPE \'!\'
 LIMIT 10')
 3 SYSTEMPATH\Database\BaseBuilder.php(1649): CodeIgniter\Database\BaseConnection->query('SELECT `anggota`.*, `users`.`id` AS `id_user`, `users`.`username` AS `username_user`
FROM `anggota`
LEFT JOIN `users` ON `users`.`id` = `anggota`.`id_anggota`
WHERE `nama_lengkap` LIKE :nama_lengkap: ESCAPE \'!\'
OR  `no_ktp` LIKE :no_ktp: ESCAPE \'!\'
 LIMIT 10', [...], false)
 4 SYSTEMPATH\Model.php(286): CodeIgniter\Database\BaseBuilder->get()
 5 SYSTEMPATH\BaseModel.php(677): CodeIgniter\Model->doFindAll(10, 0)
 6 APPPATH\Controllers\AdminDashboard.php(115): CodeIgniter\BaseModel->findAll(10)
 7 SYSTEMPATH\CodeIgniter.php(933): App\Controllers\AdminDashboard->searchAnggota()
 8 SYSTEMPATH\CodeIgniter.php(507): CodeIgniter\CodeIgniter->runController(Object(App\Controllers\AdminDashboard))
 9 SYSTEMPATH\CodeIgniter.php(354): CodeIgniter\CodeIgniter->handleRequest(null, Object(Config\Cache), false)
10 SYSTEMPATH\Boot.php(363): CodeIgniter\CodeIgniter->run()
11 SYSTEMPATH\Boot.php(68): CodeIgniter\Boot::runCodeIgniter(Object(CodeIgniter\CodeIgniter))
12 FCPATH\index.php(59): CodeIgniter\Boot::bootWeb(Object(Config\Paths))
13 SYSTEMPATH\rewrite.php(44): require_once('D:\\Kumpulan Project IT\\Project Web\\koperasi-samara\\public\\index.php')
CRITICAL - 2026-08-03 02:55:44 --> [Caused by] mysqli_sql_exception: Column 'nama_lengkap' in where clause is ambiguous
in SYSTEMPATH\Database\MySQLi\Connection.php on line 327.
 1 SYSTEMPATH\Database\MySQLi\Connection.php(327): mysqli->query('SELECT `anggota`.*, `users`.`id` AS `id_user`, `users`.`username` AS `username_user`
FROM `anggota`
LEFT JOIN `users` ON `users`.`id` = `anggota`.`id_anggota`
WHERE `nama_lengkap` LIKE \'%ma%\' ESCAPE \'!\'
OR  `no_ktp` LIKE \'%ma%\' ESCAPE \'!\'
 LIMIT 10', 0)
 2 SYSTEMPATH\Database\BaseConnection.php(729): CodeIgniter\Database\MySQLi\Connection->execute('SELECT `anggota`.*, `users`.`id` AS `id_user`, `users`.`username` AS `username_user`
FROM `anggota`
LEFT JOIN `users` ON `users`.`id` = `anggota`.`id_anggota`
WHERE `nama_lengkap` LIKE \'%ma%\' ESCAPE \'!\'
OR  `no_ktp` LIKE \'%ma%\' ESCAPE \'!\'
 LIMIT 10')
 3 SYSTEMPATH\Database\BaseConnection.php(646): CodeIgniter\Database\BaseConnection->simpleQuery('SELECT `anggota`.*, `users`.`id` AS `id_user`, `users`.`username` AS `username_user`
FROM `anggota`
LEFT JOIN `users` ON `users`.`id` = `anggota`.`id_anggota`
WHERE `nama_lengkap` LIKE \'%ma%\' ESCAPE \'!\'
OR  `no_ktp` LIKE \'%ma%\' ESCAPE \'!\'
 LIMIT 10')
 4 SYSTEMPATH\Database\BaseBuilder.php(1649): CodeIgniter\Database\BaseConnection->query('SELECT `anggota`.*, `users`.`id` AS `id_user`, `users`.`username` AS `username_user`
FROM `anggota`
LEFT JOIN `users` ON `users`.`id` = `anggota`.`id_anggota`
WHERE `nama_lengkap` LIKE :nama_lengkap: ESCAPE \'!\'
OR  `no_ktp` LIKE :no_ktp: ESCAPE \'!\'
 LIMIT 10', [...], false)
 5 SYSTEMPATH\Model.php(286): CodeIgniter\Database\BaseBuilder->get()
 6 SYSTEMPATH\BaseModel.php(677): CodeIgniter\Model->doFindAll(10, 0)
 7 APPPATH\Controllers\AdminDashboard.php(115): CodeIgniter\BaseModel->findAll(10)
 8 SYSTEMPATH\CodeIgniter.php(933): App\Controllers\AdminDashboard->searchAnggota()
 9 SYSTEMPATH\CodeIgniter.php(507): CodeIgniter\CodeIgniter->runController(Object(App\Controllers\AdminDashboard))
10 SYSTEMPATH\CodeIgniter.php(354): CodeIgniter\CodeIgniter->handleRequest(null, Object(Config\Cache), false)
11 SYSTEMPATH\Boot.php(363): CodeIgniter\CodeIgniter->run()
12 SYSTEMPATH\Boot.php(68): CodeIgniter\Boot::runCodeIgniter(Object(CodeIgniter\CodeIgniter))
13 FCPATH\index.php(59): CodeIgniter\Boot::bootWeb(Object(Config\Paths))
14 SYSTEMPATH\rewrite.php(44): require_once('D:\\Kumpulan Project IT\\Project Web\\koperasi-samara\\public\\index.php')
DEBUG - 2026-08-03 02:55:44 --> Session: Class initialized using 'CodeIgniter\Session\Handlers\FileHandler' driver.
ERROR - 2026-08-03 02:55:44 --> mysqli_sql_exception: Column 'nama_lengkap' in where clause is ambiguous in D:\Kumpulan Project IT\Project Web\koperasi-samara\system\Database\MySQLi\Connection.php:327
Stack trace:
#0 D:\Kumpulan Project IT\Project Web\koperasi-samara\system\Database\MySQLi\Connection.php(327): mysqli->query('SELECT `anggota...', 0)
#1 D:\Kumpulan Project IT\Project Web\koperasi-samara\system\Database\BaseConnection.php(729): CodeIgniter\Database\MySQLi\Connection->execute('SELECT `anggota...')
#2 D:\Kumpulan Project IT\Project Web\koperasi-samara\system\Database\BaseConnection.php(646): CodeIgniter\Database\BaseConnection->simpleQuery('SELECT `anggota...')
#3 D:\Kumpulan Project IT\Project Web\koperasi-samara\system\Database\BaseBuilder.php(1649): CodeIgniter\Database\BaseConnection->query('SELECT `anggota...', Array, false)
#4 D:\Kumpulan Project IT\Project Web\koperasi-samara\system\Model.php(286): CodeIgniter\Database\BaseBuilder->get()
#5 D:\Kumpulan Project IT\Project Web\koperasi-samara\system\BaseModel.php(677): CodeIgniter\Model->doFindAll(10, 0)
#6 D:\Kumpulan Project IT\Project Web\koperasi-samara\app\Controllers\AdminDashboard.php(115): CodeIgniter\BaseModel->findAll(10)
#7 D:\Kumpulan Project IT\Project Web\koperasi-samara\system\CodeIgniter.php(933): App\Controllers\AdminDashboard->searchAnggota()
#8 D:\Kumpulan Project IT\Project Web\koperasi-samara\system\CodeIgniter.php(507): CodeIgniter\CodeIgniter->runController(Object(App\Controllers\AdminDashboard))
#9 D:\Kumpulan Project IT\Project Web\koperasi-samara\system\CodeIgniter.php(354): CodeIgniter\CodeIgniter->handleRequest(NULL, Object(Config\Cache), false)
#10 D:\Kumpulan Project IT\Project Web\koperasi-samara\system\Boot.php(363): CodeIgniter\CodeIgniter->run()
#11 D:\Kumpulan Project IT\Project Web\koperasi-samara\system\Boot.php(68): CodeIgniter\Boot::runCodeIgniter(Object(CodeIgniter\CodeIgniter))
#12 D:\Kumpulan Project IT\Project Web\koperasi-samara\public\index.php(59): CodeIgniter\Boot::bootWeb(Object(Config\Paths))
#13 D:\Kumpulan Project IT\Project Web\koperasi-samara\system\rewrite.php(44): require_once('D:\\Kumpulan Pro...')
#14 {main}
CRITICAL - 2026-08-03 02:55:44 --> CodeIgniter\Database\Exceptions\DatabaseException: Column 'nama_lengkap' in where clause is ambiguous
[Method: GET, Route: admin/search-anggota]
in SYSTEMPATH\Database\BaseConnection.php on line 684.
 1 SYSTEMPATH\Database\BaseBuilder.php(1649): CodeIgniter\Database\BaseConnection->query('SELECT `anggota`.*, `users`.`id` AS `id_user`, `users`.`username` AS `username_user`
FROM `anggota`
LEFT JOIN `users` ON `users`.`id` = `anggota`.`id_anggota`
WHERE `nama_lengkap` LIKE :nama_lengkap: ESCAPE \'!\'
OR  `no_ktp` LIKE :no_ktp: ESCAPE \'!\'
 LIMIT 10', [...], false)
 2 SYSTEMPATH\Model.php(286): CodeIgniter\Database\BaseBuilder->get()
 3 SYSTEMPATH\BaseModel.php(677): CodeIgniter\Model->doFindAll(10, 0)
 4 APPPATH\Controllers\AdminDashboard.php(115): CodeIgniter\BaseModel->findAll(10)
 5 SYSTEMPATH\CodeIgniter.php(933): App\Controllers\AdminDashboard->searchAnggota()
 6 SYSTEMPATH\CodeIgniter.php(507): CodeIgniter\CodeIgniter->runController(Object(App\Controllers\AdminDashboard))
 7 SYSTEMPATH\CodeIgniter.php(354): CodeIgniter\CodeIgniter->handleRequest(null, Object(Config\Cache), false)
 8 SYSTEMPATH\Boot.php(363): CodeIgniter\CodeIgniter->run()
 9 SYSTEMPATH\Boot.php(68): CodeIgniter\Boot::runCodeIgniter(Object(CodeIgniter\CodeIgniter))
10 FCPATH\index.php(59): CodeIgniter\Boot::bootWeb(Object(Config\Paths))
11 SYSTEMPATH\rewrite.php(44): require_once('D:\\Kumpulan Project IT\\Project Web\\koperasi-samara\\public\\index.php')
CRITICAL - 2026-08-03 02:55:44 --> [Caused by] CodeIgniter\Database\Exceptions\DatabaseException: Column 'nama_lengkap' in where clause is ambiguous
in SYSTEMPATH\Database\MySQLi\Connection.php on line 332.
 1 SYSTEMPATH\Database\BaseConnection.php(729): CodeIgniter\Database\MySQLi\Connection->execute('SELECT `anggota`.*, `users`.`id` AS `id_user`, `users`.`username` AS `username_user`
FROM `anggota`
LEFT JOIN `users` ON `users`.`id` = `anggota`.`id_anggota`
WHERE `nama_lengkap` LIKE \'%mah%\' ESCAPE \'!\'
OR  `no_ktp` LIKE \'%mah%\' ESCAPE \'!\'
 LIMIT 10')
 2 SYSTEMPATH\Database\BaseConnection.php(646): CodeIgniter\Database\BaseConnection->simpleQuery('SELECT `anggota`.*, `users`.`id` AS `id_user`, `users`.`username` AS `username_user`
FROM `anggota`
LEFT JOIN `users` ON `users`.`id` = `anggota`.`id_anggota`
WHERE `nama_lengkap` LIKE \'%mah%\' ESCAPE \'!\'
OR  `no_ktp` LIKE \'%mah%\' ESCAPE \'!\'
 LIMIT 10')
 3 SYSTEMPATH\Database\BaseBuilder.php(1649): CodeIgniter\Database\BaseConnection->query('SELECT `anggota`.*, `users`.`id` AS `id_user`, `users`.`username` AS `username_user`
FROM `anggota`
LEFT JOIN `users` ON `users`.`id` = `anggota`.`id_anggota`
WHERE `nama_lengkap` LIKE :nama_lengkap: ESCAPE \'!\'
OR  `no_ktp` LIKE :no_ktp: ESCAPE \'!\'
 LIMIT 10', [...], false)
 4 SYSTEMPATH\Model.php(286): CodeIgniter\Database\BaseBuilder->get()
 5 SYSTEMPATH\BaseModel.php(677): CodeIgniter\Model->doFindAll(10, 0)
 6 APPPATH\Controllers\AdminDashboard.php(115): CodeIgniter\BaseModel->findAll(10)
 7 SYSTEMPATH\CodeIgniter.php(933): App\Controllers\AdminDashboard->searchAnggota()
 8 SYSTEMPATH\CodeIgniter.php(507): CodeIgniter\CodeIgniter->runController(Object(App\Controllers\AdminDashboard))
 9 SYSTEMPATH\CodeIgniter.php(354): CodeIgniter\CodeIgniter->handleRequest(null, Object(Config\Cache), false)
10 SYSTEMPATH\Boot.php(363): CodeIgniter\CodeIgniter->run()
11 SYSTEMPATH\Boot.php(68): CodeIgniter\Boot::runCodeIgniter(Object(CodeIgniter\CodeIgniter))
12 FCPATH\index.php(59): CodeIgniter\Boot::bootWeb(Object(Config\Paths))
13 SYSTEMPATH\rewrite.php(44): require_once('D:\\Kumpulan Project IT\\Project Web\\koperasi-samara\\public\\index.php')
CRITICAL - 2026-08-03 02:55:44 --> [Caused by] mysqli_sql_exception: Column 'nama_lengkap' in where clause is ambiguous
in SYSTEMPATH\Database\MySQLi\Connection.php on line 327.
 1 SYSTEMPATH\Database\MySQLi\Connection.php(327): mysqli->query('SELECT `anggota`.*, `users`.`id` AS `id_user`, `users`.`username` AS `username_user`
FROM `anggota`
LEFT JOIN `users` ON `users`.`id` = `anggota`.`id_anggota`
WHERE `nama_lengkap` LIKE \'%mah%\' ESCAPE \'!\'
OR  `no_ktp` LIKE \'%mah%\' ESCAPE \'!\'
 LIMIT 10', 0)
 2 SYSTEMPATH\Database\BaseConnection.php(729): CodeIgniter\Database\MySQLi\Connection->execute('SELECT `anggota`.*, `users`.`id` AS `id_user`, `users`.`username` AS `username_user`
FROM `anggota`
LEFT JOIN `users` ON `users`.`id` = `anggota`.`id_anggota`
WHERE `nama_lengkap` LIKE \'%mah%\' ESCAPE \'!\'
OR  `no_ktp` LIKE \'%mah%\' ESCAPE \'!\'
 LIMIT 10')
 3 SYSTEMPATH\Database\BaseConnection.php(646): CodeIgniter\Database\BaseConnection->simpleQuery('SELECT `anggota`.*, `users`.`id` AS `id_user`, `users`.`username` AS `username_user`
FROM `anggota`
LEFT JOIN `users` ON `users`.`id` = `anggota`.`id_anggota`
WHERE `nama_lengkap` LIKE \'%mah%\' ESCAPE \'!\'
OR  `no_ktp` LIKE \'%mah%\' ESCAPE \'!\'
 LIMIT 10')
 4 SYSTEMPATH\Database\BaseBuilder.php(1649): CodeIgniter\Database\BaseConnection->query('SELECT `anggota`.*, `users`.`id` AS `id_user`, `users`.`username` AS `username_user`
FROM `anggota`
LEFT JOIN `users` ON `users`.`id` = `anggota`.`id_anggota`
WHERE `nama_lengkap` LIKE :nama_lengkap: ESCAPE \'!\'
OR  `no_ktp` LIKE :no_ktp: ESCAPE \'!\'
 LIMIT 10', [...], false)
 5 SYSTEMPATH\Model.php(286): CodeIgniter\Database\BaseBuilder->get()
 6 SYSTEMPATH\BaseModel.php(677): CodeIgniter\Model->doFindAll(10, 0)
 7 APPPATH\Controllers\AdminDashboard.php(115): CodeIgniter\BaseModel->findAll(10)
 8 SYSTEMPATH\CodeIgniter.php(933): App\Controllers\AdminDashboard->searchAnggota()
 9 SYSTEMPATH\CodeIgniter.php(507): CodeIgniter\CodeIgniter->runController(Object(App\Controllers\AdminDashboard))
10 SYSTEMPATH\CodeIgniter.php(354): CodeIgniter\CodeIgniter->handleRequest(null, Object(Config\Cache), false)
11 SYSTEMPATH\Boot.php(363): CodeIgniter\CodeIgniter->run()
12 SYSTEMPATH\Boot.php(68): CodeIgniter\Boot::runCodeIgniter(Object(CodeIgniter\CodeIgniter))
13 FCPATH\index.php(59): CodeIgniter\Boot::bootWeb(Object(Config\Paths))
14 SYSTEMPATH\rewrite.php(44): require_once('D:\\Kumpulan Project IT\\Project Web\\koperasi-samara\\public\\index.php')
DEBUG - 2026-08-03 02:55:44 --> Session: Class initialized using 'CodeIgniter\Session\Handlers\FileHandler' driver.
ERROR - 2026-08-03 02:55:44 --> mysqli_sql_exception: Column 'nama_lengkap' in where clause is ambiguous in D:\Kumpulan Project IT\Project Web\koperasi-samara\system\Database\MySQLi\Connection.php:327
Stack trace:
#0 D:\Kumpulan Project IT\Project Web\koperasi-samara\system\Database\MySQLi\Connection.php(327): mysqli->query('SELECT `anggota...', 0)
#1 D:\Kumpulan Project IT\Project Web\koperasi-samara\system\Database\BaseConnection.php(729): CodeIgniter\Database\MySQLi\Connection->execute('SELECT `anggota...')
#2 D:\Kumpulan Project IT\Project Web\koperasi-samara\system\Database\BaseConnection.php(646): CodeIgniter\Database\BaseConnection->simpleQuery('SELECT `anggota...')
#3 D:\Kumpulan Project IT\Project Web\koperasi-samara\system\Database\BaseBuilder.php(1649): CodeIgniter\Database\BaseConnection->query('SELECT `anggota...', Array, false)
#4 D:\Kumpulan Project IT\Project Web\koperasi-samara\system\Model.php(286): CodeIgniter\Database\BaseBuilder->get()
#5 D:\Kumpulan Project IT\Project Web\koperasi-samara\system\BaseModel.php(677): CodeIgniter\Model->doFindAll(10, 0)
#6 D:\Kumpulan Project IT\Project Web\koperasi-samara\app\Controllers\AdminDashboard.php(115): CodeIgniter\BaseModel->findAll(10)
#7 D:\Kumpulan Project IT\Project Web\koperasi-samara\system\CodeIgniter.php(933): App\Controllers\AdminDashboard->searchAnggota()
#8 D:\Kumpulan Project IT\Project Web\koperasi-samara\system\CodeIgniter.php(507): CodeIgniter\CodeIgniter->runController(Object(App\Controllers\AdminDashboard))
#9 D:\Kumpulan Project IT\Project Web\koperasi-samara\system\CodeIgniter.php(354): CodeIgniter\CodeIgniter->handleRequest(NULL, Object(Config\Cache), false)
#10 D:\Kumpulan Project IT\Project Web\koperasi-samara\system\Boot.php(363): CodeIgniter\CodeIgniter->run()
#11 D:\Kumpulan Project IT\Project Web\koperasi-samara\system\Boot.php(68): CodeIgniter\Boot::runCodeIgniter(Object(CodeIgniter\CodeIgniter))
#12 D:\Kumpulan Project IT\Project Web\koperasi-samara\public\index.php(59): CodeIgniter\Boot::bootWeb(Object(Config\Paths))
#13 D:\Kumpulan Project IT\Project Web\koperasi-samara\system\rewrite.php(44): require_once('D:\\Kumpulan Pro...')
#14 {main}
CRITICAL - 2026-08-03 02:55:44 --> CodeIgniter\Database\Exceptions\DatabaseException: Column 'nama_lengkap' in where clause is ambiguous
[Method: GET, Route: admin/search-anggota]
in SYSTEMPATH\Database\BaseConnection.php on line 684.
 1 SYSTEMPATH\Database\BaseBuilder.php(1649): CodeIgniter\Database\BaseConnection->query('SELECT `anggota`.*, `users`.`id` AS `id_user`, `users`.`username` AS `username_user`
FROM `anggota`
LEFT JOIN `users` ON `users`.`id` = `anggota`.`id_anggota`
WHERE `nama_lengkap` LIKE :nama_lengkap: ESCAPE \'!\'
OR  `no_ktp` LIKE :no_ktp: ESCAPE \'!\'
 LIMIT 10', [...], false)
 2 SYSTEMPATH\Model.php(286): CodeIgniter\Database\BaseBuilder->get()
 3 SYSTEMPATH\BaseModel.php(677): CodeIgniter\Model->doFindAll(10, 0)
 4 APPPATH\Controllers\AdminDashboard.php(115): CodeIgniter\BaseModel->findAll(10)
 5 SYSTEMPATH\CodeIgniter.php(933): App\Controllers\AdminDashboard->searchAnggota()
 6 SYSTEMPATH\CodeIgniter.php(507): CodeIgniter\CodeIgniter->runController(Object(App\Controllers\AdminDashboard))
 7 SYSTEMPATH\CodeIgniter.php(354): CodeIgniter\CodeIgniter->handleRequest(null, Object(Config\Cache), false)
 8 SYSTEMPATH\Boot.php(363): CodeIgniter\CodeIgniter->run()
 9 SYSTEMPATH\Boot.php(68): CodeIgniter\Boot::runCodeIgniter(Object(CodeIgniter\CodeIgniter))
10 FCPATH\index.php(59): CodeIgniter\Boot::bootWeb(Object(Config\Paths))
11 SYSTEMPATH\rewrite.php(44): require_once('D:\\Kumpulan Project IT\\Project Web\\koperasi-samara\\public\\index.php')
CRITICAL - 2026-08-03 02:55:44 --> [Caused by] CodeIgniter\Database\Exceptions\DatabaseException: Column 'nama_lengkap' in where clause is ambiguous
in SYSTEMPATH\Database\MySQLi\Connection.php on line 332.
 1 SYSTEMPATH\Database\BaseConnection.php(729): CodeIgniter\Database\MySQLi\Connection->execute('SELECT `anggota`.*, `users`.`id` AS `id_user`, `users`.`username` AS `username_user`
FROM `anggota`
LEFT JOIN `users` ON `users`.`id` = `anggota`.`id_anggota`
WHERE `nama_lengkap` LIKE \'%mahf%\' ESCAPE \'!\'
OR  `no_ktp` LIKE \'%mahf%\' ESCAPE \'!\'
 LIMIT 10')
 2 SYSTEMPATH\Database\BaseConnection.php(646): CodeIgniter\Database\BaseConnection->simpleQuery('SELECT `anggota`.*, `users`.`id` AS `id_user`, `users`.`username` AS `username_user`
FROM `anggota`
LEFT JOIN `users` ON `users`.`id` = `anggota`.`id_anggota`
WHERE `nama_lengkap` LIKE \'%mahf%\' ESCAPE \'!\'
OR  `no_ktp` LIKE \'%mahf%\' ESCAPE \'!\'
 LIMIT 10')
 3 SYSTEMPATH\Database\BaseBuilder.php(1649): CodeIgniter\Database\BaseConnection->query('SELECT `anggota`.*, `users`.`id` AS `id_user`, `users`.`username` AS `username_user`
FROM `anggota`
LEFT JOIN `users` ON `users`.`id` = `anggota`.`id_anggota`
WHERE `nama_lengkap` LIKE :nama_lengkap: ESCAPE \'!\'
OR  `no_ktp` LIKE :no_ktp: ESCAPE \'!\'
 LIMIT 10', [...], false)
 4 SYSTEMPATH\Model.php(286): CodeIgniter\Database\BaseBuilder->get()
 5 SYSTEMPATH\BaseModel.php(677): CodeIgniter\Model->doFindAll(10, 0)
 6 APPPATH\Controllers\AdminDashboard.php(115): CodeIgniter\BaseModel->findAll(10)
 7 SYSTEMPATH\CodeIgniter.php(933): App\Controllers\AdminDashboard->searchAnggota()
 8 SYSTEMPATH\CodeIgniter.php(507): CodeIgniter\CodeIgniter->runController(Object(App\Controllers\AdminDashboard))
 9 SYSTEMPATH\CodeIgniter.php(354): CodeIgniter\CodeIgniter->handleRequest(null, Object(Config\Cache), false)
10 SYSTEMPATH\Boot.php(363): CodeIgniter\CodeIgniter->run()
11 SYSTEMPATH\Boot.php(68): CodeIgniter\Boot::runCodeIgniter(Object(CodeIgniter\CodeIgniter))
12 FCPATH\index.php(59): CodeIgniter\Boot::bootWeb(Object(Config\Paths))
13 SYSTEMPATH\rewrite.php(44): require_once('D:\\Kumpulan Project IT\\Project Web\\koperasi-samara\\public\\index.php')
CRITICAL - 2026-08-03 02:55:44 --> [Caused by] mysqli_sql_exception: Column 'nama_lengkap' in where clause is ambiguous
in SYSTEMPATH\Database\MySQLi\Connection.php on line 327.
 1 SYSTEMPATH\Database\MySQLi\Connection.php(327): mysqli->query('SELECT `anggota`.*, `users`.`id` AS `id_user`, `users`.`username` AS `username_user`
FROM `anggota`
LEFT JOIN `users` ON `users`.`id` = `anggota`.`id_anggota`
WHERE `nama_lengkap` LIKE \'%mahf%\' ESCAPE \'!\'
OR  `no_ktp` LIKE \'%mahf%\' ESCAPE \'!\'
 LIMIT 10', 0)
 2 SYSTEMPATH\Database\BaseConnection.php(729): CodeIgniter\Database\MySQLi\Connection->execute('SELECT `anggota`.*, `users`.`id` AS `id_user`, `users`.`username` AS `username_user`
FROM `anggota`
LEFT JOIN `users` ON `users`.`id` = `anggota`.`id_anggota`
WHERE `nama_lengkap` LIKE \'%mahf%\' ESCAPE \'!\'
OR  `no_ktp` LIKE \'%mahf%\' ESCAPE \'!\'
 LIMIT 10')
 3 SYSTEMPATH\Database\BaseConnection.php(646): CodeIgniter\Database\BaseConnection->simpleQuery('SELECT `anggota`.*, `users`.`id` AS `id_user`, `users`.`username` AS `username_user`
FROM `anggota`
LEFT JOIN `users` ON `users`.`id` = `anggota`.`id_anggota`
WHERE `nama_lengkap` LIKE \'%mahf%\' ESCAPE \'!\'
OR  `no_ktp` LIKE \'%mahf%\' ESCAPE \'!\'
 LIMIT 10')
 4 SYSTEMPATH\Database\BaseBuilder.php(1649): CodeIgniter\Database\BaseConnection->query('SELECT `anggota`.*, `users`.`id` AS `id_user`, `users`.`username` AS `username_user`
FROM `anggota`
LEFT JOIN `users` ON `users`.`id` = `anggota`.`id_anggota`
WHERE `nama_lengkap` LIKE :nama_lengkap: ESCAPE \'!\'
OR  `no_ktp` LIKE :no_ktp: ESCAPE \'!\'
 LIMIT 10', [...], false)
 5 SYSTEMPATH\Model.php(286): CodeIgniter\Database\BaseBuilder->get()
 6 SYSTEMPATH\BaseModel.php(677): CodeIgniter\Model->doFindAll(10, 0)
 7 APPPATH\Controllers\AdminDashboard.php(115): CodeIgniter\BaseModel->findAll(10)
 8 SYSTEMPATH\CodeIgniter.php(933): App\Controllers\AdminDashboard->searchAnggota()
 9 SYSTEMPATH\CodeIgniter.php(507): CodeIgniter\CodeIgniter->runController(Object(App\Controllers\AdminDashboard))
10 SYSTEMPATH\CodeIgniter.php(354): CodeIgniter\CodeIgniter->handleRequest(null, Object(Config\Cache), false)
11 SYSTEMPATH\Boot.php(363): CodeIgniter\CodeIgniter->run()
12 SYSTEMPATH\Boot.php(68): CodeIgniter\Boot::runCodeIgniter(Object(CodeIgniter\CodeIgniter))
13 FCPATH\index.php(59): CodeIgniter\Boot::bootWeb(Object(Config\Paths))
14 SYSTEMPATH\rewrite.php(44): require_once('D:\\Kumpulan Project IT\\Project Web\\koperasi-samara\\public\\index.php')
DEBUG - 2026-08-03 02:55:50 --> Session: Class initialized using 'CodeIgniter\Session\Handlers\FileHandler' driver.
ERROR - 2026-08-03 02:55:50 --> mysqli_sql_exception: Column 'nama_lengkap' in where clause is ambiguous in D:\Kumpulan Project IT\Project Web\koperasi-samara\system\Database\MySQLi\Connection.php:327
Stack trace:
#0 D:\Kumpulan Project IT\Project Web\koperasi-samara\system\Database\MySQLi\Connection.php(327): mysqli->query('SELECT `anggota...', 0)
#1 D:\Kumpulan Project IT\Project Web\koperasi-samara\system\Database\BaseConnection.php(729): CodeIgniter\Database\MySQLi\Connection->execute('SELECT `anggota...')
#2 D:\Kumpulan Project IT\Project Web\koperasi-samara\system\Database\BaseConnection.php(646): CodeIgniter\Database\BaseConnection->simpleQuery('SELECT `anggota...')
#3 D:\Kumpulan Project IT\Project Web\koperasi-samara\system\Database\BaseBuilder.php(1649): CodeIgniter\Database\BaseConnection->query('SELECT `anggota...', Array, false)
#4 D:\Kumpulan Project IT\Project Web\koperasi-samara\system\Model.php(286): CodeIgniter\Database\BaseBuilder->get()
#5 D:\Kumpulan Project IT\Project Web\koperasi-samara\system\BaseModel.php(677): CodeIgniter\Model->doFindAll(10, 0)
#6 D:\Kumpulan Project IT\Project Web\koperasi-samara\app\Controllers\AdminDashboard.php(115): CodeIgniter\BaseModel->findAll(10)
#7 D:\Kumpulan Project IT\Project Web\koperasi-samara\system\CodeIgniter.php(933): App\Controllers\AdminDashboard->searchAnggota()
#8 D:\Kumpulan Project IT\Project Web\koperasi-samara\system\CodeIgniter.php(507): CodeIgniter\CodeIgniter->runController(Object(App\Controllers\AdminDashboard))
#9 D:\Kumpulan Project IT\Project Web\koperasi-samara\system\CodeIgniter.php(354): CodeIgniter\CodeIgniter->handleRequest(NULL, Object(Config\Cache), false)
#10 D:\Kumpulan Project IT\Project Web\koperasi-samara\system\Boot.php(363): CodeIgniter\CodeIgniter->run()
#11 D:\Kumpulan Project IT\Project Web\koperasi-samara\system\Boot.php(68): CodeIgniter\Boot::runCodeIgniter(Object(CodeIgniter\CodeIgniter))
#12 D:\Kumpulan Project IT\Project Web\koperasi-samara\public\index.php(59): CodeIgniter\Boot::bootWeb(Object(Config\Paths))
#13 D:\Kumpulan Project IT\Project Web\koperasi-samara\system\rewrite.php(44): require_once('D:\\Kumpulan Pro...')
#14 {main}
CRITICAL - 2026-08-03 02:55:50 --> CodeIgniter\Database\Exceptions\DatabaseException: Column 'nama_lengkap' in where clause is ambiguous
[Method: GET, Route: admin/search-anggota]
in SYSTEMPATH\Database\BaseConnection.php on line 684.
 1 SYSTEMPATH\Database\BaseBuilder.php(1649): CodeIgniter\Database\BaseConnection->query('SELECT `anggota`.*, `users`.`id` AS `id_user`, `users`.`username` AS `username_user`
FROM `anggota`
LEFT JOIN `users` ON `users`.`id` = `anggota`.`id_anggota`
WHERE `nama_lengkap` LIKE :nama_lengkap: ESCAPE \'!\'
OR  `no_ktp` LIKE :no_ktp: ESCAPE \'!\'
 LIMIT 10', [...], false)
 2 SYSTEMPATH\Model.php(286): CodeIgniter\Database\BaseBuilder->get()
 3 SYSTEMPATH\BaseModel.php(677): CodeIgniter\Model->doFindAll(10, 0)
 4 APPPATH\Controllers\AdminDashboard.php(115): CodeIgniter\BaseModel->findAll(10)
 5 SYSTEMPATH\CodeIgniter.php(933): App\Controllers\AdminDashboard->searchAnggota()
 6 SYSTEMPATH\CodeIgniter.php(507): CodeIgniter\CodeIgniter->runController(Object(App\Controllers\AdminDashboard))
 7 SYSTEMPATH\CodeIgniter.php(354): CodeIgniter\CodeIgniter->handleRequest(null, Object(Config\Cache), false)
 8 SYSTEMPATH\Boot.php(363): CodeIgniter\CodeIgniter->run()
 9 SYSTEMPATH\Boot.php(68): CodeIgniter\Boot::runCodeIgniter(Object(CodeIgniter\CodeIgniter))
10 FCPATH\index.php(59): CodeIgniter\Boot::bootWeb(Object(Config\Paths))
11 SYSTEMPATH\rewrite.php(44): require_once('D:\\Kumpulan Project IT\\Project Web\\koperasi-samara\\public\\index.php')
CRITICAL - 2026-08-03 02:55:50 --> [Caused by] CodeIgniter\Database\Exceptions\DatabaseException: Column 'nama_lengkap' in where clause is ambiguous
in SYSTEMPATH\Database\MySQLi\Connection.php on line 332.
 1 SYSTEMPATH\Database\BaseConnection.php(729): CodeIgniter\Database\MySQLi\Connection->execute('SELECT `anggota`.*, `users`.`id` AS `id_user`, `users`.`username` AS `username_user`
FROM `anggota`
LEFT JOIN `users` ON `users`.`id` = `anggota`.`id_anggota`
WHERE `nama_lengkap` LIKE \'%mah%\' ESCAPE \'!\'
OR  `no_ktp` LIKE \'%mah%\' ESCAPE \'!\'
 LIMIT 10')
 2 SYSTEMPATH\Database\BaseConnection.php(646): CodeIgniter\Database\BaseConnection->simpleQuery('SELECT `anggota`.*, `users`.`id` AS `id_user`, `users`.`username` AS `username_user`
FROM `anggota`
LEFT JOIN `users` ON `users`.`id` = `anggota`.`id_anggota`
WHERE `nama_lengkap` LIKE \'%mah%\' ESCAPE \'!\'
OR  `no_ktp` LIKE \'%mah%\' ESCAPE \'!\'
 LIMIT 10')
 3 SYSTEMPATH\Database\BaseBuilder.php(1649): CodeIgniter\Database\BaseConnection->query('SELECT `anggota`.*, `users`.`id` AS `id_user`, `users`.`username` AS `username_user`
FROM `anggota`
LEFT JOIN `users` ON `users`.`id` = `anggota`.`id_anggota`
WHERE `nama_lengkap` LIKE :nama_lengkap: ESCAPE \'!\'
OR  `no_ktp` LIKE :no_ktp: ESCAPE \'!\'
 LIMIT 10', [...], false)
 4 SYSTEMPATH\Model.php(286): CodeIgniter\Database\BaseBuilder->get()
 5 SYSTEMPATH\BaseModel.php(677): CodeIgniter\Model->doFindAll(10, 0)
 6 APPPATH\Controllers\AdminDashboard.php(115): CodeIgniter\BaseModel->findAll(10)
 7 SYSTEMPATH\CodeIgniter.php(933): App\Controllers\AdminDashboard->searchAnggota()
 8 SYSTEMPATH\CodeIgniter.php(507): CodeIgniter\CodeIgniter->runController(Object(App\Controllers\AdminDashboard))
 9 SYSTEMPATH\CodeIgniter.php(354): CodeIgniter\CodeIgniter->handleRequest(null, Object(Config\Cache), false)
10 SYSTEMPATH\Boot.php(363): CodeIgniter\CodeIgniter->run()
11 SYSTEMPATH\Boot.php(68): CodeIgniter\Boot::runCodeIgniter(Object(CodeIgniter\CodeIgniter))
12 FCPATH\index.php(59): CodeIgniter\Boot::bootWeb(Object(Config\Paths))
13 SYSTEMPATH\rewrite.php(44): require_once('D:\\Kumpulan Project IT\\Project Web\\koperasi-samara\\public\\index.php')
CRITICAL - 2026-08-03 02:55:50 --> [Caused by] mysqli_sql_exception: Column 'nama_lengkap' in where clause is ambiguous
in SYSTEMPATH\Database\MySQLi\Connection.php on line 327.
 1 SYSTEMPATH\Database\MySQLi\Connection.php(327): mysqli->query('SELECT `anggota`.*, `users`.`id` AS `id_user`, `users`.`username` AS `username_user`
FROM `anggota`
LEFT JOIN `users` ON `users`.`id` = `anggota`.`id_anggota`
WHERE `nama_lengkap` LIKE \'%mah%\' ESCAPE \'!\'
OR  `no_ktp` LIKE \'%mah%\' ESCAPE \'!\'
 LIMIT 10', 0)
 2 SYSTEMPATH\Database\BaseConnection.php(729): CodeIgniter\Database\MySQLi\Connection->execute('SELECT `anggota`.*, `users`.`id` AS `id_user`, `users`.`username` AS `username_user`
FROM `anggota`
LEFT JOIN `users` ON `users`.`id` = `anggota`.`id_anggota`
WHERE `nama_lengkap` LIKE \'%mah%\' ESCAPE \'!\'
OR  `no_ktp` LIKE \'%mah%\' ESCAPE \'!\'
 LIMIT 10')
 3 SYSTEMPATH\Database\BaseConnection.php(646): CodeIgniter\Database\BaseConnection->simpleQuery('SELECT `anggota`.*, `users`.`id` AS `id_user`, `users`.`username` AS `username_user`
FROM `anggota`
LEFT JOIN `users` ON `users`.`id` = `anggota`.`id_anggota`
WHERE `nama_lengkap` LIKE \'%mah%\' ESCAPE \'!\'
OR  `no_ktp` LIKE \'%mah%\' ESCAPE \'!\'
 LIMIT 10')
 4 SYSTEMPATH\Database\BaseBuilder.php(1649): CodeIgniter\Database\BaseConnection->query('SELECT `anggota`.*, `users`.`id` AS `id_user`, `users`.`username` AS `username_user`
FROM `anggota`
LEFT JOIN `users` ON `users`.`id` = `anggota`.`id_anggota`
WHERE `nama_lengkap` LIKE :nama_lengkap: ESCAPE \'!\'
OR  `no_ktp` LIKE :no_ktp: ESCAPE \'!\'
 LIMIT 10', [...], false)
 5 SYSTEMPATH\Model.php(286): CodeIgniter\Database\BaseBuilder->get()
 6 SYSTEMPATH\BaseModel.php(677): CodeIgniter\Model->doFindAll(10, 0)
 7 APPPATH\Controllers\AdminDashboard.php(115): CodeIgniter\BaseModel->findAll(10)
 8 SYSTEMPATH\CodeIgniter.php(933): App\Controllers\AdminDashboard->searchAnggota()
 9 SYSTEMPATH\CodeIgniter.php(507): CodeIgniter\CodeIgniter->runController(Object(App\Controllers\AdminDashboard))
10 SYSTEMPATH\CodeIgniter.php(354): CodeIgniter\CodeIgniter->handleRequest(null, Object(Config\Cache), false)
11 SYSTEMPATH\Boot.php(363): CodeIgniter\CodeIgniter->run()
12 SYSTEMPATH\Boot.php(68): CodeIgniter\Boot::runCodeIgniter(Object(CodeIgniter\CodeIgniter))
13 FCPATH\index.php(59): CodeIgniter\Boot::bootWeb(Object(Config\Paths))
14 SYSTEMPATH\rewrite.php(44): require_once('D:\\Kumpulan Project IT\\Project Web\\koperasi-samara\\public\\index.php')
DEBUG - 2026-08-03 02:55:50 --> Session: Class initialized using 'CodeIgniter\Session\Handlers\FileHandler' driver.
ERROR - 2026-08-03 02:55:50 --> mysqli_sql_exception: Column 'nama_lengkap' in where clause is ambiguous in D:\Kumpulan Project IT\Project Web\koperasi-samara\system\Database\MySQLi\Connection.php:327
Stack trace:
#0 D:\Kumpulan Project IT\Project Web\koperasi-samara\system\Database\MySQLi\Connection.php(327): mysqli->query('SELECT `anggota...', 0)
#1 D:\Kumpulan Project IT\Project Web\koperasi-samara\system\Database\BaseConnection.php(729): CodeIgniter\Database\MySQLi\Connection->execute('SELECT `anggota...')
#2 D:\Kumpulan Project IT\Project Web\koperasi-samara\system\Database\BaseConnection.php(646): CodeIgniter\Database\BaseConnection->simpleQuery('SELECT `anggota...')
#3 D:\Kumpulan Project IT\Project Web\koperasi-samara\system\Database\BaseBuilder.php(1649): CodeIgniter\Database\BaseConnection->query('SELECT `anggota...', Array, false)
#4 D:\Kumpulan Project IT\Project Web\koperasi-samara\system\Model.php(286): CodeIgniter\Database\BaseBuilder->get()
#5 D:\Kumpulan Project IT\Project Web\koperasi-samara\system\BaseModel.php(677): CodeIgniter\Model->doFindAll(10, 0)
#6 D:\Kumpulan Project IT\Project Web\koperasi-samara\app\Controllers\AdminDashboard.php(115): CodeIgniter\BaseModel->findAll(10)
#7 D:\Kumpulan Project IT\Project Web\koperasi-samara\system\CodeIgniter.php(933): App\Controllers\AdminDashboard->searchAnggota()
#8 D:\Kumpulan Project IT\Project Web\koperasi-samara\system\CodeIgniter.php(507): CodeIgniter\CodeIgniter->runController(Object(App\Controllers\AdminDashboard))
#9 D:\Kumpulan Project IT\Project Web\koperasi-samara\system\CodeIgniter.php(354): CodeIgniter\CodeIgniter->handleRequest(NULL, Object(Config\Cache), false)
#10 D:\Kumpulan Project IT\Project Web\koperasi-samara\system\Boot.php(363): CodeIgniter\CodeIgniter->run()
#11 D:\Kumpulan Project IT\Project Web\koperasi-samara\system\Boot.php(68): CodeIgniter\Boot::runCodeIgniter(Object(CodeIgniter\CodeIgniter))
#12 D:\Kumpulan Project IT\Project Web\koperasi-samara\public\index.php(59): CodeIgniter\Boot::bootWeb(Object(Config\Paths))
#13 D:\Kumpulan Project IT\Project Web\koperasi-samara\system\rewrite.php(44): require_once('D:\\Kumpulan Pro...')
#14 {main}
CRITICAL - 2026-08-03 02:55:50 --> CodeIgniter\Database\Exceptions\DatabaseException: Column 'nama_lengkap' in where clause is ambiguous
[Method: GET, Route: admin/search-anggota]
in SYSTEMPATH\Database\BaseConnection.php on line 684.
 1 SYSTEMPATH\Database\BaseBuilder.php(1649): CodeIgniter\Database\BaseConnection->query('SELECT `anggota`.*, `users`.`id` AS `id_user`, `users`.`username` AS `username_user`
FROM `anggota`
LEFT JOIN `users` ON `users`.`id` = `anggota`.`id_anggota`
WHERE `nama_lengkap` LIKE :nama_lengkap: ESCAPE \'!\'
OR  `no_ktp` LIKE :no_ktp: ESCAPE \'!\'
 LIMIT 10', [...], false)
 2 SYSTEMPATH\Model.php(286): CodeIgniter\Database\BaseBuilder->get()
 3 SYSTEMPATH\BaseModel.php(677): CodeIgniter\Model->doFindAll(10, 0)
 4 APPPATH\Controllers\AdminDashboard.php(115): CodeIgniter\BaseModel->findAll(10)
 5 SYSTEMPATH\CodeIgniter.php(933): App\Controllers\AdminDashboard->searchAnggota()
 6 SYSTEMPATH\CodeIgniter.php(507): CodeIgniter\CodeIgniter->runController(Object(App\Controllers\AdminDashboard))
 7 SYSTEMPATH\CodeIgniter.php(354): CodeIgniter\CodeIgniter->handleRequest(null, Object(Config\Cache), false)
 8 SYSTEMPATH\Boot.php(363): CodeIgniter\CodeIgniter->run()
 9 SYSTEMPATH\Boot.php(68): CodeIgniter\Boot::runCodeIgniter(Object(CodeIgniter\CodeIgniter))
10 FCPATH\index.php(59): CodeIgniter\Boot::bootWeb(Object(Config\Paths))
11 SYSTEMPATH\rewrite.php(44): require_once('D:\\Kumpulan Project IT\\Project Web\\koperasi-samara\\public\\index.php')
CRITICAL - 2026-08-03 02:55:50 --> [Caused by] CodeIgniter\Database\Exceptions\DatabaseException: Column 'nama_lengkap' in where clause is ambiguous
in SYSTEMPATH\Database\MySQLi\Connection.php on line 332.
 1 SYSTEMPATH\Database\BaseConnection.php(729): CodeIgniter\Database\MySQLi\Connection->execute('SELECT `anggota`.*, `users`.`id` AS `id_user`, `users`.`username` AS `username_user`
FROM `anggota`
LEFT JOIN `users` ON `users`.`id` = `anggota`.`id_anggota`
WHERE `nama_lengkap` LIKE \'%ma%\' ESCAPE \'!\'
OR  `no_ktp` LIKE \'%ma%\' ESCAPE \'!\'
 LIMIT 10')
 2 SYSTEMPATH\Database\BaseConnection.php(646): CodeIgniter\Database\BaseConnection->simpleQuery('SELECT `anggota`.*, `users`.`id` AS `id_user`, `users`.`username` AS `username_user`
FROM `anggota`
LEFT JOIN `users` ON `users`.`id` = `anggota`.`id_anggota`
WHERE `nama_lengkap` LIKE \'%ma%\' ESCAPE \'!\'
OR  `no_ktp` LIKE \'%ma%\' ESCAPE \'!\'
 LIMIT 10')
 3 SYSTEMPATH\Database\BaseBuilder.php(1649): CodeIgniter\Database\BaseConnection->query('SELECT `anggota`.*, `users`.`id` AS `id_user`, `users`.`username` AS `username_user`
FROM `anggota`
LEFT JOIN `users` ON `users`.`id` = `anggota`.`id_anggota`
WHERE `nama_lengkap` LIKE :nama_lengkap: ESCAPE \'!\'
OR  `no_ktp` LIKE :no_ktp: ESCAPE \'!\'
 LIMIT 10', [...], false)
 4 SYSTEMPATH\Model.php(286): CodeIgniter\Database\BaseBuilder->get()
 5 SYSTEMPATH\BaseModel.php(677): CodeIgniter\Model->doFindAll(10, 0)
 6 APPPATH\Controllers\AdminDashboard.php(115): CodeIgniter\BaseModel->findAll(10)
 7 SYSTEMPATH\CodeIgniter.php(933): App\Controllers\AdminDashboard->searchAnggota()
 8 SYSTEMPATH\CodeIgniter.php(507): CodeIgniter\CodeIgniter->runController(Object(App\Controllers\AdminDashboard))
 9 SYSTEMPATH\CodeIgniter.php(354): CodeIgniter\CodeIgniter->handleRequest(null, Object(Config\Cache), false)
10 SYSTEMPATH\Boot.php(363): CodeIgniter\CodeIgniter->run()
11 SYSTEMPATH\Boot.php(68): CodeIgniter\Boot::runCodeIgniter(Object(CodeIgniter\CodeIgniter))
12 FCPATH\index.php(59): CodeIgniter\Boot::bootWeb(Object(Config\Paths))
13 SYSTEMPATH\rewrite.php(44): require_once('D:\\Kumpulan Project IT\\Project Web\\koperasi-samara\\public\\index.php')
CRITICAL - 2026-08-03 02:55:50 --> [Caused by] mysqli_sql_exception: Column 'nama_lengkap' in where clause is ambiguous
in SYSTEMPATH\Database\MySQLi\Connection.php on line 327.
 1 SYSTEMPATH\Database\MySQLi\Connection.php(327): mysqli->query('SELECT `anggota`.*, `users`.`id` AS `id_user`, `users`.`username` AS `username_user`
FROM `anggota`
LEFT JOIN `users` ON `users`.`id` = `anggota`.`id_anggota`
WHERE `nama_lengkap` LIKE \'%ma%\' ESCAPE \'!\'
OR  `no_ktp` LIKE \'%ma%\' ESCAPE \'!\'
 LIMIT 10', 0)
 2 SYSTEMPATH\Database\BaseConnection.php(729): CodeIgniter\Database\MySQLi\Connection->execute('SELECT `anggota`.*, `users`.`id` AS `id_user`, `users`.`username` AS `username_user`
FROM `anggota`
LEFT JOIN `users` ON `users`.`id` = `anggota`.`id_anggota`
WHERE `nama_lengkap` LIKE \'%ma%\' ESCAPE \'!\'
OR  `no_ktp` LIKE \'%ma%\' ESCAPE \'!\'
 LIMIT 10')
 3 SYSTEMPATH\Database\BaseConnection.php(646): CodeIgniter\Database\BaseConnection->simpleQuery('SELECT `anggota`.*, `users`.`id` AS `id_user`, `users`.`username` AS `username_user`
FROM `anggota`
LEFT JOIN `users` ON `users`.`id` = `anggota`.`id_anggota`
WHERE `nama_lengkap` LIKE \'%ma%\' ESCAPE \'!\'
OR  `no_ktp` LIKE \'%ma%\' ESCAPE \'!\'
 LIMIT 10')
 4 SYSTEMPATH\Database\BaseBuilder.php(1649): CodeIgniter\Database\BaseConnection->query('SELECT `anggota`.*, `users`.`id` AS `id_user`, `users`.`username` AS `username_user`
FROM `anggota`
LEFT JOIN `users` ON `users`.`id` = `anggota`.`id_anggota`
WHERE `nama_lengkap` LIKE :nama_lengkap: ESCAPE \'!\'
OR  `no_ktp` LIKE :no_ktp: ESCAPE \'!\'
 LIMIT 10', [...], false)
 5 SYSTEMPATH\Model.php(286): CodeIgniter\Database\BaseBuilder->get()
 6 SYSTEMPATH\BaseModel.php(677): CodeIgniter\Model->doFindAll(10, 0)
 7 APPPATH\Controllers\AdminDashboard.php(115): CodeIgniter\BaseModel->findAll(10)
 8 SYSTEMPATH\CodeIgniter.php(933): App\Controllers\AdminDashboard->searchAnggota()
 9 SYSTEMPATH\CodeIgniter.php(507): CodeIgniter\CodeIgniter->runController(Object(App\Controllers\AdminDashboard))
10 SYSTEMPATH\CodeIgniter.php(354): CodeIgniter\CodeIgniter->handleRequest(null, Object(Config\Cache), false)
11 SYSTEMPATH\Boot.php(363): CodeIgniter\CodeIgniter->run()
12 SYSTEMPATH\Boot.php(68): CodeIgniter\Boot::runCodeIgniter(Object(CodeIgniter\CodeIgniter))
13 FCPATH\index.php(59): CodeIgniter\Boot::bootWeb(Object(Config\Paths))
14 SYSTEMPATH\rewrite.php(44): require_once('D:\\Kumpulan Project IT\\Project Web\\koperasi-samara\\public\\index.php')
DEBUG - 2026-08-03 02:55:50 --> Session: Class initialized using 'CodeIgniter\Session\Handlers\FileHandler' driver.
ERROR - 2026-08-03 02:55:50 --> mysqli_sql_exception: Column 'nama_lengkap' in where clause is ambiguous in D:\Kumpulan Project IT\Project Web\koperasi-samara\system\Database\MySQLi\Connection.php:327
Stack trace:
#0 D:\Kumpulan Project IT\Project Web\koperasi-samara\system\Database\MySQLi\Connection.php(327): mysqli->query('SELECT `anggota...', 0)
#1 D:\Kumpulan Project IT\Project Web\koperasi-samara\system\Database\BaseConnection.php(729): CodeIgniter\Database\MySQLi\Connection->execute('SELECT `anggota...')
#2 D:\Kumpulan Project IT\Project Web\koperasi-samara\system\Database\BaseConnection.php(646): CodeIgniter\Database\BaseConnection->simpleQuery('SELECT `anggota...')
#3 D:\Kumpulan Project IT\Project Web\koperasi-samara\system\Database\BaseBuilder.php(1649): CodeIgniter\Database\BaseConnection->query('SELECT `anggota...', Array, false)
#4 D:\Kumpulan Project IT\Project Web\koperasi-samara\system\Model.php(286): CodeIgniter\Database\BaseBuilder->get()
#5 D:\Kumpulan Project IT\Project Web\koperasi-samara\system\BaseModel.php(677): CodeIgniter\Model->doFindAll(10, 0)
#6 D:\Kumpulan Project IT\Project Web\koperasi-samara\app\Controllers\AdminDashboard.php(115): CodeIgniter\BaseModel->findAll(10)
#7 D:\Kumpulan Project IT\Project Web\koperasi-samara\system\CodeIgniter.php(933): App\Controllers\AdminDashboard->searchAnggota()
#8 D:\Kumpulan Project IT\Project Web\koperasi-samara\system\CodeIgniter.php(507): CodeIgniter\CodeIgniter->runController(Object(App\Controllers\AdminDashboard))
#9 D:\Kumpulan Project IT\Project Web\koperasi-samara\system\CodeIgniter.php(354): CodeIgniter\CodeIgniter->handleRequest(NULL, Object(Config\Cache), false)
#10 D:\Kumpulan Project IT\Project Web\koperasi-samara\system\Boot.php(363): CodeIgniter\CodeIgniter->run()
#11 D:\Kumpulan Project IT\Project Web\koperasi-samara\system\Boot.php(68): CodeIgniter\Boot::runCodeIgniter(Object(CodeIgniter\CodeIgniter))
#12 D:\Kumpulan Project IT\Project Web\koperasi-samara\public\index.php(59): CodeIgniter\Boot::bootWeb(Object(Config\Paths))
#13 D:\Kumpulan Project IT\Project Web\koperasi-samara\system\rewrite.php(44): require_once('D:\\Kumpulan Pro...')
#14 {main}
CRITICAL - 2026-08-03 02:55:50 --> CodeIgniter\Database\Exceptions\DatabaseException: Column 'nama_lengkap' in where clause is ambiguous
[Method: GET, Route: admin/search-anggota]
in SYSTEMPATH\Database\BaseConnection.php on line 684.
 1 SYSTEMPATH\Database\BaseBuilder.php(1649): CodeIgniter\Database\BaseConnection->query('SELECT `anggota`.*, `users`.`id` AS `id_user`, `users`.`username` AS `username_user`
FROM `anggota`
LEFT JOIN `users` ON `users`.`id` = `anggota`.`id_anggota`
WHERE `nama_lengkap` LIKE :nama_lengkap: ESCAPE \'!\'
OR  `no_ktp` LIKE :no_ktp: ESCAPE \'!\'
 LIMIT 10', [...], false)
 2 SYSTEMPATH\Model.php(286): CodeIgniter\Database\BaseBuilder->get()
 3 SYSTEMPATH\BaseModel.php(677): CodeIgniter\Model->doFindAll(10, 0)
 4 APPPATH\Controllers\AdminDashboard.php(115): CodeIgniter\BaseModel->findAll(10)
 5 SYSTEMPATH\CodeIgniter.php(933): App\Controllers\AdminDashboard->searchAnggota()
 6 SYSTEMPATH\CodeIgniter.php(507): CodeIgniter\CodeIgniter->runController(Object(App\Controllers\AdminDashboard))
 7 SYSTEMPATH\CodeIgniter.php(354): CodeIgniter\CodeIgniter->handleRequest(null, Object(Config\Cache), false)
 8 SYSTEMPATH\Boot.php(363): CodeIgniter\CodeIgniter->run()
 9 SYSTEMPATH\Boot.php(68): CodeIgniter\Boot::runCodeIgniter(Object(CodeIgniter\CodeIgniter))
10 FCPATH\index.php(59): CodeIgniter\Boot::bootWeb(Object(Config\Paths))
11 SYSTEMPATH\rewrite.php(44): require_once('D:\\Kumpulan Project IT\\Project Web\\koperasi-samara\\public\\index.php')
CRITICAL - 2026-08-03 02:55:50 --> [Caused by] CodeIgniter\Database\Exceptions\DatabaseException: Column 'nama_lengkap' in where clause is ambiguous
in SYSTEMPATH\Database\MySQLi\Connection.php on line 332.
 1 SYSTEMPATH\Database\BaseConnection.php(729): CodeIgniter\Database\MySQLi\Connection->execute('SELECT `anggota`.*, `users`.`id` AS `id_user`, `users`.`username` AS `username_user`
FROM `anggota`
LEFT JOIN `users` ON `users`.`id` = `anggota`.`id_anggota`
WHERE `nama_lengkap` LIKE \'%m%\' ESCAPE \'!\'
OR  `no_ktp` LIKE \'%m%\' ESCAPE \'!\'
 LIMIT 10')
 2 SYSTEMPATH\Database\BaseConnection.php(646): CodeIgniter\Database\BaseConnection->simpleQuery('SELECT `anggota`.*, `users`.`id` AS `id_user`, `users`.`username` AS `username_user`
FROM `anggota`
LEFT JOIN `users` ON `users`.`id` = `anggota`.`id_anggota`
WHERE `nama_lengkap` LIKE \'%m%\' ESCAPE \'!\'
OR  `no_ktp` LIKE \'%m%\' ESCAPE \'!\'
 LIMIT 10')
 3 SYSTEMPATH\Database\BaseBuilder.php(1649): CodeIgniter\Database\BaseConnection->query('SELECT `anggota`.*, `users`.`id` AS `id_user`, `users`.`username` AS `username_user`
FROM `anggota`
LEFT JOIN `users` ON `users`.`id` = `anggota`.`id_anggota`
WHERE `nama_lengkap` LIKE :nama_lengkap: ESCAPE \'!\'
OR  `no_ktp` LIKE :no_ktp: ESCAPE \'!\'
 LIMIT 10', [...], false)
 4 SYSTEMPATH\Model.php(286): CodeIgniter\Database\BaseBuilder->get()
 5 SYSTEMPATH\BaseModel.php(677): CodeIgniter\Model->doFindAll(10, 0)
 6 APPPATH\Controllers\AdminDashboard.php(115): CodeIgniter\BaseModel->findAll(10)
 7 SYSTEMPATH\CodeIgniter.php(933): App\Controllers\AdminDashboard->searchAnggota()
 8 SYSTEMPATH\CodeIgniter.php(507): CodeIgniter\CodeIgniter->runController(Object(App\Controllers\AdminDashboard))
 9 SYSTEMPATH\CodeIgniter.php(354): CodeIgniter\CodeIgniter->handleRequest(null, Object(Config\Cache), false)
10 SYSTEMPATH\Boot.php(363): CodeIgniter\CodeIgniter->run()
11 SYSTEMPATH\Boot.php(68): CodeIgniter\Boot::runCodeIgniter(Object(CodeIgniter\CodeIgniter))
12 FCPATH\index.php(59): CodeIgniter\Boot::bootWeb(Object(Config\Paths))
13 SYSTEMPATH\rewrite.php(44): require_once('D:\\Kumpulan Project IT\\Project Web\\koperasi-samara\\public\\index.php')
CRITICAL - 2026-08-03 02:55:50 --> [Caused by] mysqli_sql_exception: Column 'nama_lengkap' in where clause is ambiguous
in SYSTEMPATH\Database\MySQLi\Connection.php on line 327.
 1 SYSTEMPATH\Database\MySQLi\Connection.php(327): mysqli->query('SELECT `anggota`.*, `users`.`id` AS `id_user`, `users`.`username` AS `username_user`
FROM `anggota`
LEFT JOIN `users` ON `users`.`id` = `anggota`.`id_anggota`
WHERE `nama_lengkap` LIKE \'%m%\' ESCAPE \'!\'
OR  `no_ktp` LIKE \'%m%\' ESCAPE \'!\'
 LIMIT 10', 0)
 2 SYSTEMPATH\Database\BaseConnection.php(729): CodeIgniter\Database\MySQLi\Connection->execute('SELECT `anggota`.*, `users`.`id` AS `id_user`, `users`.`username` AS `username_user`
FROM `anggota`
LEFT JOIN `users` ON `users`.`id` = `anggota`.`id_anggota`
WHERE `nama_lengkap` LIKE \'%m%\' ESCAPE \'!\'
OR  `no_ktp` LIKE \'%m%\' ESCAPE \'!\'
 LIMIT 10')
 3 SYSTEMPATH\Database\BaseConnection.php(646): CodeIgniter\Database\BaseConnection->simpleQuery('SELECT `anggota`.*, `users`.`id` AS `id_user`, `users`.`username` AS `username_user`
FROM `anggota`
LEFT JOIN `users` ON `users`.`id` = `anggota`.`id_anggota`
WHERE `nama_lengkap` LIKE \'%m%\' ESCAPE \'!\'
OR  `no_ktp` LIKE \'%m%\' ESCAPE \'!\'
 LIMIT 10')
 4 SYSTEMPATH\Database\BaseBuilder.php(1649): CodeIgniter\Database\BaseConnection->query('SELECT `anggota`.*, `users`.`id` AS `id_user`, `users`.`username` AS `username_user`
FROM `anggota`
LEFT JOIN `users` ON `users`.`id` = `anggota`.`id_anggota`
WHERE `nama_lengkap` LIKE :nama_lengkap: ESCAPE \'!\'
OR  `no_ktp` LIKE :no_ktp: ESCAPE \'!\'
 LIMIT 10', [...], false)
 5 SYSTEMPATH\Model.php(286): CodeIgniter\Database\BaseBuilder->get()
 6 SYSTEMPATH\BaseModel.php(677): CodeIgniter\Model->doFindAll(10, 0)
 7 APPPATH\Controllers\AdminDashboard.php(115): CodeIgniter\BaseModel->findAll(10)
 8 SYSTEMPATH\CodeIgniter.php(933): App\Controllers\AdminDashboard->searchAnggota()
 9 SYSTEMPATH\CodeIgniter.php(507): CodeIgniter\CodeIgniter->runController(Object(App\Controllers\AdminDashboard))
10 SYSTEMPATH\CodeIgniter.php(354): CodeIgniter\CodeIgniter->handleRequest(null, Object(Config\Cache), false)
11 SYSTEMPATH\Boot.php(363): CodeIgniter\CodeIgniter->run()
12 SYSTEMPATH\Boot.php(68): CodeIgniter\Boot::runCodeIgniter(Object(CodeIgniter\CodeIgniter))
13 FCPATH\index.php(59): CodeIgniter\Boot::bootWeb(Object(Config\Paths))
14 SYSTEMPATH\rewrite.php(44): require_once('D:\\Kumpulan Project IT\\Project Web\\koperasi-samara\\public\\index.php')
DEBUG - 2026-08-03 02:55:52 --> Session: Class initialized using 'CodeIgniter\Session\Handlers\FileHandler' driver.
ERROR - 2026-08-03 02:55:52 --> mysqli_sql_exception: Column 'nama_lengkap' in where clause is ambiguous in D:\Kumpulan Project IT\Project Web\koperasi-samara\system\Database\MySQLi\Connection.php:327
Stack trace:
#0 D:\Kumpulan Project IT\Project Web\koperasi-samara\system\Database\MySQLi\Connection.php(327): mysqli->query('SELECT `anggota...', 0)
#1 D:\Kumpulan Project IT\Project Web\koperasi-samara\system\Database\BaseConnection.php(729): CodeIgniter\Database\MySQLi\Connection->execute('SELECT `anggota...')
#2 D:\Kumpulan Project IT\Project Web\koperasi-samara\system\Database\BaseConnection.php(646): CodeIgniter\Database\BaseConnection->simpleQuery('SELECT `anggota...')
#3 D:\Kumpulan Project IT\Project Web\koperasi-samara\system\Database\BaseBuilder.php(1649): CodeIgniter\Database\BaseConnection->query('SELECT `anggota...', Array, false)
#4 D:\Kumpulan Project IT\Project Web\koperasi-samara\system\Model.php(286): CodeIgniter\Database\BaseBuilder->get()
#5 D:\Kumpulan Project IT\Project Web\koperasi-samara\system\BaseModel.php(677): CodeIgniter\Model->doFindAll(10, 0)
#6 D:\Kumpulan Project IT\Project Web\koperasi-samara\app\Controllers\AdminDashboard.php(115): CodeIgniter\BaseModel->findAll(10)
#7 D:\Kumpulan Project IT\Project Web\koperasi-samara\system\CodeIgniter.php(933): App\Controllers\AdminDashboard->searchAnggota()
#8 D:\Kumpulan Project IT\Project Web\koperasi-samara\system\CodeIgniter.php(507): CodeIgniter\CodeIgniter->runController(Object(App\Controllers\AdminDashboard))
#9 D:\Kumpulan Project IT\Project Web\koperasi-samara\system\CodeIgniter.php(354): CodeIgniter\CodeIgniter->handleRequest(NULL, Object(Config\Cache), false)
#10 D:\Kumpulan Project IT\Project Web\koperasi-samara\system\Boot.php(363): CodeIgniter\CodeIgniter->run()
#11 D:\Kumpulan Project IT\Project Web\koperasi-samara\system\Boot.php(68): CodeIgniter\Boot::runCodeIgniter(Object(CodeIgniter\CodeIgniter))
#12 D:\Kumpulan Project IT\Project Web\koperasi-samara\public\index.php(59): CodeIgniter\Boot::bootWeb(Object(Config\Paths))
#13 D:\Kumpulan Project IT\Project Web\koperasi-samara\system\rewrite.php(44): require_once('D:\\Kumpulan Pro...')
#14 {main}
CRITICAL - 2026-08-03 02:55:52 --> CodeIgniter\Database\Exceptions\DatabaseException: Column 'nama_lengkap' in where clause is ambiguous
[Method: GET, Route: admin/search-anggota]
in SYSTEMPATH\Database\BaseConnection.php on line 684.
 1 SYSTEMPATH\Database\BaseBuilder.php(1649): CodeIgniter\Database\BaseConnection->query('SELECT `anggota`.*, `users`.`id` AS `id_user`, `users`.`username` AS `username_user`
FROM `anggota`
LEFT JOIN `users` ON `users`.`id` = `anggota`.`id_anggota`
WHERE `nama_lengkap` LIKE :nama_lengkap: ESCAPE \'!\'
OR  `no_ktp` LIKE :no_ktp: ESCAPE \'!\'
 LIMIT 10', [...], false)
 2 SYSTEMPATH\Model.php(286): CodeIgniter\Database\BaseBuilder->get()
 3 SYSTEMPATH\BaseModel.php(677): CodeIgniter\Model->doFindAll(10, 0)
 4 APPPATH\Controllers\AdminDashboard.php(115): CodeIgniter\BaseModel->findAll(10)
 5 SYSTEMPATH\CodeIgniter.php(933): App\Controllers\AdminDashboard->searchAnggota()
 6 SYSTEMPATH\CodeIgniter.php(507): CodeIgniter\CodeIgniter->runController(Object(App\Controllers\AdminDashboard))
 7 SYSTEMPATH\CodeIgniter.php(354): CodeIgniter\CodeIgniter->handleRequest(null, Object(Config\Cache), false)
 8 SYSTEMPATH\Boot.php(363): CodeIgniter\CodeIgniter->run()
 9 SYSTEMPATH\Boot.php(68): CodeIgniter\Boot::runCodeIgniter(Object(CodeIgniter\CodeIgniter))
10 FCPATH\index.php(59): CodeIgniter\Boot::bootWeb(Object(Config\Paths))
11 SYSTEMPATH\rewrite.php(44): require_once('D:\\Kumpulan Project IT\\Project Web\\koperasi-samara\\public\\index.php')
CRITICAL - 2026-08-03 02:55:52 --> [Caused by] CodeIgniter\Database\Exceptions\DatabaseException: Column 'nama_lengkap' in where clause is ambiguous
in SYSTEMPATH\Database\MySQLi\Connection.php on line 332.
 1 SYSTEMPATH\Database\BaseConnection.php(729): CodeIgniter\Database\MySQLi\Connection->execute('SELECT `anggota`.*, `users`.`id` AS `id_user`, `users`.`username` AS `username_user`
FROM `anggota`
LEFT JOIN `users` ON `users`.`id` = `anggota`.`id_anggota`
WHERE `nama_lengkap` LIKE \'%m%\' ESCAPE \'!\'
OR  `no_ktp` LIKE \'%m%\' ESCAPE \'!\'
 LIMIT 10')
 2 SYSTEMPATH\Database\BaseConnection.php(646): CodeIgniter\Database\BaseConnection->simpleQuery('SELECT `anggota`.*, `users`.`id` AS `id_user`, `users`.`username` AS `username_user`
FROM `anggota`
LEFT JOIN `users` ON `users`.`id` = `anggota`.`id_anggota`
WHERE `nama_lengkap` LIKE \'%m%\' ESCAPE \'!\'
OR  `no_ktp` LIKE \'%m%\' ESCAPE \'!\'
 LIMIT 10')
 3 SYSTEMPATH\Database\BaseBuilder.php(1649): CodeIgniter\Database\BaseConnection->query('SELECT `anggota`.*, `users`.`id` AS `id_user`, `users`.`username` AS `username_user`
FROM `anggota`
LEFT JOIN `users` ON `users`.`id` = `anggota`.`id_anggota`
WHERE `nama_lengkap` LIKE :nama_lengkap: ESCAPE \'!\'
OR  `no_ktp` LIKE :no_ktp: ESCAPE \'!\'
 LIMIT 10', [...], false)
 4 SYSTEMPATH\Model.php(286): CodeIgniter\Database\BaseBuilder->get()
 5 SYSTEMPATH\BaseModel.php(677): CodeIgniter\Model->doFindAll(10, 0)
 6 APPPATH\Controllers\AdminDashboard.php(115): CodeIgniter\BaseModel->findAll(10)
 7 SYSTEMPATH\CodeIgniter.php(933): App\Controllers\AdminDashboard->searchAnggota()
 8 SYSTEMPATH\CodeIgniter.php(507): CodeIgniter\CodeIgniter->runController(Object(App\Controllers\AdminDashboard))
 9 SYSTEMPATH\CodeIgniter.php(354): CodeIgniter\CodeIgniter->handleRequest(null, Object(Config\Cache), false)
10 SYSTEMPATH\Boot.php(363): CodeIgniter\CodeIgniter->run()
11 SYSTEMPATH\Boot.php(68): CodeIgniter\Boot::runCodeIgniter(Object(CodeIgniter\CodeIgniter))
12 FCPATH\index.php(59): CodeIgniter\Boot::bootWeb(Object(Config\Paths))
13 SYSTEMPATH\rewrite.php(44): require_once('D:\\Kumpulan Project IT\\Project Web\\koperasi-samara\\public\\index.php')
CRITICAL - 2026-08-03 02:55:52 --> [Caused by] mysqli_sql_exception: Column 'nama_lengkap' in where clause is ambiguous
in SYSTEMPATH\Database\MySQLi\Connection.php on line 327.
 1 SYSTEMPATH\Database\MySQLi\Connection.php(327): mysqli->query('SELECT `anggota`.*, `users`.`id` AS `id_user`, `users`.`username` AS `username_user`
FROM `anggota`
LEFT JOIN `users` ON `users`.`id` = `anggota`.`id_anggota`
WHERE `nama_lengkap` LIKE \'%m%\' ESCAPE \'!\'
OR  `no_ktp` LIKE \'%m%\' ESCAPE \'!\'
 LIMIT 10', 0)
 2 SYSTEMPATH\Database\BaseConnection.php(729): CodeIgniter\Database\MySQLi\Connection->execute('SELECT `anggota`.*, `users`.`id` AS `id_user`, `users`.`username` AS `username_user`
FROM `anggota`
LEFT JOIN `users` ON `users`.`id` = `anggota`.`id_anggota`
WHERE `nama_lengkap` LIKE \'%m%\' ESCAPE \'!\'
OR  `no_ktp` LIKE \'%m%\' ESCAPE \'!\'
 LIMIT 10')
 3 SYSTEMPATH\Database\BaseConnection.php(646): CodeIgniter\Database\BaseConnection->simpleQuery('SELECT `anggota`.*, `users`.`id` AS `id_user`, `users`.`username` AS `username_user`
FROM `anggota`
LEFT JOIN `users` ON `users`.`id` = `anggota`.`id_anggota`
WHERE `nama_lengkap` LIKE \'%m%\' ESCAPE \'!\'
OR  `no_ktp` LIKE \'%m%\' ESCAPE \'!\'
 LIMIT 10')
 4 SYSTEMPATH\Database\BaseBuilder.php(1649): CodeIgniter\Database\BaseConnection->query('SELECT `anggota`.*, `users`.`id` AS `id_user`, `users`.`username` AS `username_user`
FROM `anggota`
LEFT JOIN `users` ON `users`.`id` = `anggota`.`id_anggota`
WHERE `nama_lengkap` LIKE :nama_lengkap: ESCAPE \'!\'
OR  `no_ktp` LIKE :no_ktp: ESCAPE \'!\'
 LIMIT 10', [...], false)
 5 SYSTEMPATH\Model.php(286): CodeIgniter\Database\BaseBuilder->get()
 6 SYSTEMPATH\BaseModel.php(677): CodeIgniter\Model->doFindAll(10, 0)
 7 APPPATH\Controllers\AdminDashboard.php(115): CodeIgniter\BaseModel->findAll(10)
 8 SYSTEMPATH\CodeIgniter.php(933): App\Controllers\AdminDashboard->searchAnggota()
 9 SYSTEMPATH\CodeIgniter.php(507): CodeIgniter\CodeIgniter->runController(Object(App\Controllers\AdminDashboard))
10 SYSTEMPATH\CodeIgniter.php(354): CodeIgniter\CodeIgniter->handleRequest(null, Object(Config\Cache), false)
11 SYSTEMPATH\Boot.php(363): CodeIgniter\CodeIgniter->run()
12 SYSTEMPATH\Boot.php(68): CodeIgniter\Boot::runCodeIgniter(Object(CodeIgniter\CodeIgniter))
13 FCPATH\index.php(59): CodeIgniter\Boot::bootWeb(Object(Config\Paths))
14 SYSTEMPATH\rewrite.php(44): require_once('D:\\Kumpulan Project IT\\Project Web\\koperasi-samara\\public\\index.php')
DEBUG - 2026-08-03 02:55:52 --> Session: Class initialized using 'CodeIgniter\Session\Handlers\FileHandler' driver.
ERROR - 2026-08-03 02:55:52 --> mysqli_sql_exception: Column 'nama_lengkap' in where clause is ambiguous in D:\Kumpulan Project IT\Project Web\koperasi-samara\system\Database\MySQLi\Connection.php:327
Stack trace:
#0 D:\Kumpulan Project IT\Project Web\koperasi-samara\system\Database\MySQLi\Connection.php(327): mysqli->query('SELECT `anggota...', 0)
#1 D:\Kumpulan Project IT\Project Web\koperasi-samara\system\Database\BaseConnection.php(729): CodeIgniter\Database\MySQLi\Connection->execute('SELECT `anggota...')
#2 D:\Kumpulan Project IT\Project Web\koperasi-samara\system\Database\BaseConnection.php(646): CodeIgniter\Database\BaseConnection->simpleQuery('SELECT `anggota...')
#3 D:\Kumpulan Project IT\Project Web\koperasi-samara\system\Database\BaseBuilder.php(1649): CodeIgniter\Database\BaseConnection->query('SELECT `anggota...', Array, false)
#4 D:\Kumpulan Project IT\Project Web\koperasi-samara\system\Model.php(286): CodeIgniter\Database\BaseBuilder->get()
#5 D:\Kumpulan Project IT\Project Web\koperasi-samara\system\BaseModel.php(677): CodeIgniter\Model->doFindAll(10, 0)
#6 D:\Kumpulan Project IT\Project Web\koperasi-samara\app\Controllers\AdminDashboard.php(115): CodeIgniter\BaseModel->findAll(10)
#7 D:\Kumpulan Project IT\Project Web\koperasi-samara\system\CodeIgniter.php(933): App\Controllers\AdminDashboard->searchAnggota()
#8 D:\Kumpulan Project IT\Project Web\koperasi-samara\system\CodeIgniter.php(507): CodeIgniter\CodeIgniter->runController(Object(App\Controllers\AdminDashboard))
#9 D:\Kumpulan Project IT\Project Web\koperasi-samara\system\CodeIgniter.php(354): CodeIgniter\CodeIgniter->handleRequest(NULL, Object(Config\Cache), false)
#10 D:\Kumpulan Project IT\Project Web\koperasi-samara\system\Boot.php(363): CodeIgniter\CodeIgniter->run()
#11 D:\Kumpulan Project IT\Project Web\koperasi-samara\system\Boot.php(68): CodeIgniter\Boot::runCodeIgniter(Object(CodeIgniter\CodeIgniter))
#12 D:\Kumpulan Project IT\Project Web\koperasi-samara\public\index.php(59): CodeIgniter\Boot::bootWeb(Object(Config\Paths))
#13 D:\Kumpulan Project IT\Project Web\koperasi-samara\system\rewrite.php(44): require_once('D:\\Kumpulan Pro...')
#14 {main}
CRITICAL - 2026-08-03 02:55:52 --> CodeIgniter\Database\Exceptions\DatabaseException: Column 'nama_lengkap' in where clause is ambiguous
[Method: GET, Route: admin/search-anggota]
in SYSTEMPATH\Database\BaseConnection.php on line 684.
 1 SYSTEMPATH\Database\BaseBuilder.php(1649): CodeIgniter\Database\BaseConnection->query('SELECT `anggota`.*, `users`.`id` AS `id_user`, `users`.`username` AS `username_user`
FROM `anggota`
LEFT JOIN `users` ON `users`.`id` = `anggota`.`id_anggota`
WHERE `nama_lengkap` LIKE :nama_lengkap: ESCAPE \'!\'
OR  `no_ktp` LIKE :no_ktp: ESCAPE \'!\'
 LIMIT 10', [...], false)
 2 SYSTEMPATH\Model.php(286): CodeIgniter\Database\BaseBuilder->get()
 3 SYSTEMPATH\BaseModel.php(677): CodeIgniter\Model->doFindAll(10, 0)
 4 APPPATH\Controllers\AdminDashboard.php(115): CodeIgniter\BaseModel->findAll(10)
 5 SYSTEMPATH\CodeIgniter.php(933): App\Controllers\AdminDashboard->searchAnggota()
 6 SYSTEMPATH\CodeIgniter.php(507): CodeIgniter\CodeIgniter->runController(Object(App\Controllers\AdminDashboard))
 7 SYSTEMPATH\CodeIgniter.php(354): CodeIgniter\CodeIgniter->handleRequest(null, Object(Config\Cache), false)
 8 SYSTEMPATH\Boot.php(363): CodeIgniter\CodeIgniter->run()
 9 SYSTEMPATH\Boot.php(68): CodeIgniter\Boot::runCodeIgniter(Object(CodeIgniter\CodeIgniter))
10 FCPATH\index.php(59): CodeIgniter\Boot::bootWeb(Object(Config\Paths))
11 SYSTEMPATH\rewrite.php(44): require_once('D:\\Kumpulan Project IT\\Project Web\\koperasi-samara\\public\\index.php')
CRITICAL - 2026-08-03 02:55:52 --> [Caused by] CodeIgniter\Database\Exceptions\DatabaseException: Column 'nama_lengkap' in where clause is ambiguous
in SYSTEMPATH\Database\MySQLi\Connection.php on line 332.
 1 SYSTEMPATH\Database\BaseConnection.php(729): CodeIgniter\Database\MySQLi\Connection->execute('SELECT `anggota`.*, `users`.`id` AS `id_user`, `users`.`username` AS `username_user`
FROM `anggota`
LEFT JOIN `users` ON `users`.`id` = `anggota`.`id_anggota`
WHERE `nama_lengkap` LIKE \'%mi%\' ESCAPE \'!\'
OR  `no_ktp` LIKE \'%mi%\' ESCAPE \'!\'
 LIMIT 10')
 2 SYSTEMPATH\Database\BaseConnection.php(646): CodeIgniter\Database\BaseConnection->simpleQuery('SELECT `anggota`.*, `users`.`id` AS `id_user`, `users`.`username` AS `username_user`
FROM `anggota`
LEFT JOIN `users` ON `users`.`id` = `anggota`.`id_anggota`
WHERE `nama_lengkap` LIKE \'%mi%\' ESCAPE \'!\'
OR  `no_ktp` LIKE \'%mi%\' ESCAPE \'!\'
 LIMIT 10')
 3 SYSTEMPATH\Database\BaseBuilder.php(1649): CodeIgniter\Database\BaseConnection->query('SELECT `anggota`.*, `users`.`id` AS `id_user`, `users`.`username` AS `username_user`
FROM `anggota`
LEFT JOIN `users` ON `users`.`id` = `anggota`.`id_anggota`
WHERE `nama_lengkap` LIKE :nama_lengkap: ESCAPE \'!\'
OR  `no_ktp` LIKE :no_ktp: ESCAPE \'!\'
 LIMIT 10', [...], false)
 4 SYSTEMPATH\Model.php(286): CodeIgniter\Database\BaseBuilder->get()
 5 SYSTEMPATH\BaseModel.php(677): CodeIgniter\Model->doFindAll(10, 0)
 6 APPPATH\Controllers\AdminDashboard.php(115): CodeIgniter\BaseModel->findAll(10)
 7 SYSTEMPATH\CodeIgniter.php(933): App\Controllers\AdminDashboard->searchAnggota()
 8 SYSTEMPATH\CodeIgniter.php(507): CodeIgniter\CodeIgniter->runController(Object(App\Controllers\AdminDashboard))
 9 SYSTEMPATH\CodeIgniter.php(354): CodeIgniter\CodeIgniter->handleRequest(null, Object(Config\Cache), false)
10 SYSTEMPATH\Boot.php(363): CodeIgniter\CodeIgniter->run()
11 SYSTEMPATH\Boot.php(68): CodeIgniter\Boot::runCodeIgniter(Object(CodeIgniter\CodeIgniter))
12 FCPATH\index.php(59): CodeIgniter\Boot::bootWeb(Object(Config\Paths))
13 SYSTEMPATH\rewrite.php(44): require_once('D:\\Kumpulan Project IT\\Project Web\\koperasi-samara\\public\\index.php')
CRITICAL - 2026-08-03 02:55:52 --> [Caused by] mysqli_sql_exception: Column 'nama_lengkap' in where clause is ambiguous
in SYSTEMPATH\Database\MySQLi\Connection.php on line 327.
 1 SYSTEMPATH\Database\MySQLi\Connection.php(327): mysqli->query('SELECT `anggota`.*, `users`.`id` AS `id_user`, `users`.`username` AS `username_user`
FROM `anggota`
LEFT JOIN `users` ON `users`.`id` = `anggota`.`id_anggota`
WHERE `nama_lengkap` LIKE \'%mi%\' ESCAPE \'!\'
OR  `no_ktp` LIKE \'%mi%\' ESCAPE \'!\'
 LIMIT 10', 0)
 2 SYSTEMPATH\Database\BaseConnection.php(729): CodeIgniter\Database\MySQLi\Connection->execute('SELECT `anggota`.*, `users`.`id` AS `id_user`, `users`.`username` AS `username_user`
FROM `anggota`
LEFT JOIN `users` ON `users`.`id` = `anggota`.`id_anggota`
WHERE `nama_lengkap` LIKE \'%mi%\' ESCAPE \'!\'
OR  `no_ktp` LIKE \'%mi%\' ESCAPE \'!\'
 LIMIT 10')
 3 SYSTEMPATH\Database\BaseConnection.php(646): CodeIgniter\Database\BaseConnection->simpleQuery('SELECT `anggota`.*, `users`.`id` AS `id_user`, `users`.`username` AS `username_user`
FROM `anggota`
LEFT JOIN `users` ON `users`.`id` = `anggota`.`id_anggota`
WHERE `nama_lengkap` LIKE \'%mi%\' ESCAPE \'!\'
OR  `no_ktp` LIKE \'%mi%\' ESCAPE \'!\'
 LIMIT 10')
 4 SYSTEMPATH\Database\BaseBuilder.php(1649): CodeIgniter\Database\BaseConnection->query('SELECT `anggota`.*, `users`.`id` AS `id_user`, `users`.`username` AS `username_user`
FROM `anggota`
LEFT JOIN `users` ON `users`.`id` = `anggota`.`id_anggota`
WHERE `nama_lengkap` LIKE :nama_lengkap: ESCAPE \'!\'
OR  `no_ktp` LIKE :no_ktp: ESCAPE \'!\'
 LIMIT 10', [...], false)
 5 SYSTEMPATH\Model.php(286): CodeIgniter\Database\BaseBuilder->get()
 6 SYSTEMPATH\BaseModel.php(677): CodeIgniter\Model->doFindAll(10, 0)
 7 APPPATH\Controllers\AdminDashboard.php(115): CodeIgniter\BaseModel->findAll(10)
 8 SYSTEMPATH\CodeIgniter.php(933): App\Controllers\AdminDashboard->searchAnggota()
 9 SYSTEMPATH\CodeIgniter.php(507): CodeIgniter\CodeIgniter->runController(Object(App\Controllers\AdminDashboard))
10 SYSTEMPATH\CodeIgniter.php(354): CodeIgniter\CodeIgniter->handleRequest(null, Object(Config\Cache), false)
11 SYSTEMPATH\Boot.php(363): CodeIgniter\CodeIgniter->run()
12 SYSTEMPATH\Boot.php(68): CodeIgniter\Boot::runCodeIgniter(Object(CodeIgniter\CodeIgniter))
13 FCPATH\index.php(59): CodeIgniter\Boot::bootWeb(Object(Config\Paths))
14 SYSTEMPATH\rewrite.php(44): require_once('D:\\Kumpulan Project IT\\Project Web\\koperasi-samara\\public\\index.php')
DEBUG - 2026-08-03 02:55:52 --> Session: Class initialized using 'CodeIgniter\Session\Handlers\FileHandler' driver.
ERROR - 2026-08-03 02:55:52 --> mysqli_sql_exception: Column 'nama_lengkap' in where clause is ambiguous in D:\Kumpulan Project IT\Project Web\koperasi-samara\system\Database\MySQLi\Connection.php:327
Stack trace:
#0 D:\Kumpulan Project IT\Project Web\koperasi-samara\system\Database\MySQLi\Connection.php(327): mysqli->query('SELECT `anggota...', 0)
#1 D:\Kumpulan Project IT\Project Web\koperasi-samara\system\Database\BaseConnection.php(729): CodeIgniter\Database\MySQLi\Connection->execute('SELECT `anggota...')
#2 D:\Kumpulan Project IT\Project Web\koperasi-samara\system\Database\BaseConnection.php(646): CodeIgniter\Database\BaseConnection->simpleQuery('SELECT `anggota...')
#3 D:\Kumpulan Project IT\Project Web\koperasi-samara\system\Database\BaseBuilder.php(1649): CodeIgniter\Database\BaseConnection->query('SELECT `anggota...', Array, false)
#4 D:\Kumpulan Project IT\Project Web\koperasi-samara\system\Model.php(286): CodeIgniter\Database\BaseBuilder->get()
#5 D:\Kumpulan Project IT\Project Web\koperasi-samara\system\BaseModel.php(677): CodeIgniter\Model->doFindAll(10, 0)
#6 D:\Kumpulan Project IT\Project Web\koperasi-samara\app\Controllers\AdminDashboard.php(115): CodeIgniter\BaseModel->findAll(10)
#7 D:\Kumpulan Project IT\Project Web\koperasi-samara\system\CodeIgniter.php(933): App\Controllers\AdminDashboard->searchAnggota()
#8 D:\Kumpulan Project IT\Project Web\koperasi-samara\system\CodeIgniter.php(507): CodeIgniter\CodeIgniter->runController(Object(App\Controllers\AdminDashboard))
#9 D:\Kumpulan Project IT\Project Web\koperasi-samara\system\CodeIgniter.php(354): CodeIgniter\CodeIgniter->handleRequest(NULL, Object(Config\Cache), false)
#10 D:\Kumpulan Project IT\Project Web\koperasi-samara\system\Boot.php(363): CodeIgniter\CodeIgniter->run()
#11 D:\Kumpulan Project IT\Project Web\koperasi-samara\system\Boot.php(68): CodeIgniter\Boot::runCodeIgniter(Object(CodeIgniter\CodeIgniter))
#12 D:\Kumpulan Project IT\Project Web\koperasi-samara\public\index.php(59): CodeIgniter\Boot::bootWeb(Object(Config\Paths))
#13 D:\Kumpulan Project IT\Project Web\koperasi-samara\system\rewrite.php(44): require_once('D:\\Kumpulan Pro...')
#14 {main}
CRITICAL - 2026-08-03 02:55:52 --> CodeIgniter\Database\Exceptions\DatabaseException: Column 'nama_lengkap' in where clause is ambiguous
[Method: GET, Route: admin/search-anggota]
in SYSTEMPATH\Database\BaseConnection.php on line 684.
 1 SYSTEMPATH\Database\BaseBuilder.php(1649): CodeIgniter\Database\BaseConnection->query('SELECT `anggota`.*, `users`.`id` AS `id_user`, `users`.`username` AS `username_user`
FROM `anggota`
LEFT JOIN `users` ON `users`.`id` = `anggota`.`id_anggota`
WHERE `nama_lengkap` LIKE :nama_lengkap: ESCAPE \'!\'
OR  `no_ktp` LIKE :no_ktp: ESCAPE \'!\'
 LIMIT 10', [...], false)
 2 SYSTEMPATH\Model.php(286): CodeIgniter\Database\BaseBuilder->get()
 3 SYSTEMPATH\BaseModel.php(677): CodeIgniter\Model->doFindAll(10, 0)
 4 APPPATH\Controllers\AdminDashboard.php(115): CodeIgniter\BaseModel->findAll(10)
 5 SYSTEMPATH\CodeIgniter.php(933): App\Controllers\AdminDashboard->searchAnggota()
 6 SYSTEMPATH\CodeIgniter.php(507): CodeIgniter\CodeIgniter->runController(Object(App\Controllers\AdminDashboard))
 7 SYSTEMPATH\CodeIgniter.php(354): CodeIgniter\CodeIgniter->handleRequest(null, Object(Config\Cache), false)
 8 SYSTEMPATH\Boot.php(363): CodeIgniter\CodeIgniter->run()
 9 SYSTEMPATH\Boot.php(68): CodeIgniter\Boot::runCodeIgniter(Object(CodeIgniter\CodeIgniter))
10 FCPATH\index.php(59): CodeIgniter\Boot::bootWeb(Object(Config\Paths))
11 SYSTEMPATH\rewrite.php(44): require_once('D:\\Kumpulan Project IT\\Project Web\\koperasi-samara\\public\\index.php')
CRITICAL - 2026-08-03 02:55:52 --> [Caused by] CodeIgniter\Database\Exceptions\DatabaseException: Column 'nama_lengkap' in where clause is ambiguous
in SYSTEMPATH\Database\MySQLi\Connection.php on line 332.
 1 SYSTEMPATH\Database\BaseConnection.php(729): CodeIgniter\Database\MySQLi\Connection->execute('SELECT `anggota`.*, `users`.`id` AS `id_user`, `users`.`username` AS `username_user`
FROM `anggota`
LEFT JOIN `users` ON `users`.`id` = `anggota`.`id_anggota`
WHERE `nama_lengkap` LIKE \'%miz%\' ESCAPE \'!\'
OR  `no_ktp` LIKE \'%miz%\' ESCAPE \'!\'
 LIMIT 10')
 2 SYSTEMPATH\Database\BaseConnection.php(646): CodeIgniter\Database\BaseConnection->simpleQuery('SELECT `anggota`.*, `users`.`id` AS `id_user`, `users`.`username` AS `username_user`
FROM `anggota`
LEFT JOIN `users` ON `users`.`id` = `anggota`.`id_anggota`
WHERE `nama_lengkap` LIKE \'%miz%\' ESCAPE \'!\'
OR  `no_ktp` LIKE \'%miz%\' ESCAPE \'!\'
 LIMIT 10')
 3 SYSTEMPATH\Database\BaseBuilder.php(1649): CodeIgniter\Database\BaseConnection->query('SELECT `anggota`.*, `users`.`id` AS `id_user`, `users`.`username` AS `username_user`
FROM `anggota`
LEFT JOIN `users` ON `users`.`id` = `anggota`.`id_anggota`
WHERE `nama_lengkap` LIKE :nama_lengkap: ESCAPE \'!\'
OR  `no_ktp` LIKE :no_ktp: ESCAPE \'!\'
 LIMIT 10', [...], false)
 4 SYSTEMPATH\Model.php(286): CodeIgniter\Database\BaseBuilder->get()
 5 SYSTEMPATH\BaseModel.php(677): CodeIgniter\Model->doFindAll(10, 0)
 6 APPPATH\Controllers\AdminDashboard.php(115): CodeIgniter\BaseModel->findAll(10)
 7 SYSTEMPATH\CodeIgniter.php(933): App\Controllers\AdminDashboard->searchAnggota()
 8 SYSTEMPATH\CodeIgniter.php(507): CodeIgniter\CodeIgniter->runController(Object(App\Controllers\AdminDashboard))
 9 SYSTEMPATH\CodeIgniter.php(354): CodeIgniter\CodeIgniter->handleRequest(null, Object(Config\Cache), false)
10 SYSTEMPATH\Boot.php(363): CodeIgniter\CodeIgniter->run()
11 SYSTEMPATH\Boot.php(68): CodeIgniter\Boot::runCodeIgniter(Object(CodeIgniter\CodeIgniter))
12 FCPATH\index.php(59): CodeIgniter\Boot::bootWeb(Object(Config\Paths))
13 SYSTEMPATH\rewrite.php(44): require_once('D:\\Kumpulan Project IT\\Project Web\\koperasi-samara\\public\\index.php')
CRITICAL - 2026-08-03 02:55:52 --> [Caused by] mysqli_sql_exception: Column 'nama_lengkap' in where clause is ambiguous
in SYSTEMPATH\Database\MySQLi\Connection.php on line 327.
 1 SYSTEMPATH\Database\MySQLi\Connection.php(327): mysqli->query('SELECT `anggota`.*, `users`.`id` AS `id_user`, `users`.`username` AS `username_user`
FROM `anggota`
LEFT JOIN `users` ON `users`.`id` = `anggota`.`id_anggota`
WHERE `nama_lengkap` LIKE \'%miz%\' ESCAPE \'!\'
OR  `no_ktp` LIKE \'%miz%\' ESCAPE \'!\'
 LIMIT 10', 0)
 2 SYSTEMPATH\Database\BaseConnection.php(729): CodeIgniter\Database\MySQLi\Connection->execute('SELECT `anggota`.*, `users`.`id` AS `id_user`, `users`.`username` AS `username_user`
FROM `anggota`
LEFT JOIN `users` ON `users`.`id` = `anggota`.`id_anggota`
WHERE `nama_lengkap` LIKE \'%miz%\' ESCAPE \'!\'
OR  `no_ktp` LIKE \'%miz%\' ESCAPE \'!\'
 LIMIT 10')
 3 SYSTEMPATH\Database\BaseConnection.php(646): CodeIgniter\Database\BaseConnection->simpleQuery('SELECT `anggota`.*, `users`.`id` AS `id_user`, `users`.`username` AS `username_user`
FROM `anggota`
LEFT JOIN `users` ON `users`.`id` = `anggota`.`id_anggota`
WHERE `nama_lengkap` LIKE \'%miz%\' ESCAPE \'!\'
OR  `no_ktp` LIKE \'%miz%\' ESCAPE \'!\'
 LIMIT 10')
 4 SYSTEMPATH\Database\BaseBuilder.php(1649): CodeIgniter\Database\BaseConnection->query('SELECT `anggota`.*, `users`.`id` AS `id_user`, `users`.`username` AS `username_user`
FROM `anggota`
LEFT JOIN `users` ON `users`.`id` = `anggota`.`id_anggota`
WHERE `nama_lengkap` LIKE :nama_lengkap: ESCAPE \'!\'
OR  `no_ktp` LIKE :no_ktp: ESCAPE \'!\'
 LIMIT 10', [...], false)
 5 SYSTEMPATH\Model.php(286): CodeIgniter\Database\BaseBuilder->get()
 6 SYSTEMPATH\BaseModel.php(677): CodeIgniter\Model->doFindAll(10, 0)
 7 APPPATH\Controllers\AdminDashboard.php(115): CodeIgniter\BaseModel->findAll(10)
 8 SYSTEMPATH\CodeIgniter.php(933): App\Controllers\AdminDashboard->searchAnggota()
 9 SYSTEMPATH\CodeIgniter.php(507): CodeIgniter\CodeIgniter->runController(Object(App\Controllers\AdminDashboard))
10 SYSTEMPATH\CodeIgniter.php(354): CodeIgniter\CodeIgniter->handleRequest(null, Object(Config\Cache), false)
11 SYSTEMPATH\Boot.php(363): CodeIgniter\CodeIgniter->run()
12 SYSTEMPATH\Boot.php(68): CodeIgniter\Boot::runCodeIgniter(Object(CodeIgniter\CodeIgniter))
13 FCPATH\index.php(59): CodeIgniter\Boot::bootWeb(Object(Config\Paths))
14 SYSTEMPATH\rewrite.php(44): require_once('D:\\Kumpulan Project IT\\Project Web\\koperasi-samara\\public\\index.php')
DEBUG - 2026-08-03 02:55:52 --> Session: Class initialized using 'CodeIgniter\Session\Handlers\FileHandler' driver.
ERROR - 2026-08-03 02:55:52 --> mysqli_sql_exception: Column 'nama_lengkap' in where clause is ambiguous in D:\Kumpulan Project IT\Project Web\koperasi-samara\system\Database\MySQLi\Connection.php:327
Stack trace:
#0 D:\Kumpulan Project IT\Project Web\koperasi-samara\system\Database\MySQLi\Connection.php(327): mysqli->query('SELECT `anggota...', 0)
#1 D:\Kumpulan Project IT\Project Web\koperasi-samara\system\Database\BaseConnection.php(729): CodeIgniter\Database\MySQLi\Connection->execute('SELECT `anggota...')
#2 D:\Kumpulan Project IT\Project Web\koperasi-samara\system\Database\BaseConnection.php(646): CodeIgniter\Database\BaseConnection->simpleQuery('SELECT `anggota...')
#3 D:\Kumpulan Project IT\Project Web\koperasi-samara\system\Database\BaseBuilder.php(1649): CodeIgniter\Database\BaseConnection->query('SELECT `anggota...', Array, false)
#4 D:\Kumpulan Project IT\Project Web\koperasi-samara\system\Model.php(286): CodeIgniter\Database\BaseBuilder->get()
#5 D:\Kumpulan Project IT\Project Web\koperasi-samara\system\BaseModel.php(677): CodeIgniter\Model->doFindAll(10, 0)
#6 D:\Kumpulan Project IT\Project Web\koperasi-samara\app\Controllers\AdminDashboard.php(115): CodeIgniter\BaseModel->findAll(10)
#7 D:\Kumpulan Project IT\Project Web\koperasi-samara\system\CodeIgniter.php(933): App\Controllers\AdminDashboard->searchAnggota()
#8 D:\Kumpulan Project IT\Project Web\koperasi-samara\system\CodeIgniter.php(507): CodeIgniter\CodeIgniter->runController(Object(App\Controllers\AdminDashboard))
#9 D:\Kumpulan Project IT\Project Web\koperasi-samara\system\CodeIgniter.php(354): CodeIgniter\CodeIgniter->handleRequest(NULL, Object(Config\Cache), false)
#10 D:\Kumpulan Project IT\Project Web\koperasi-samara\system\Boot.php(363): CodeIgniter\CodeIgniter->run()
#11 D:\Kumpulan Project IT\Project Web\koperasi-samara\system\Boot.php(68): CodeIgniter\Boot::runCodeIgniter(Object(CodeIgniter\CodeIgniter))
#12 D:\Kumpulan Project IT\Project Web\koperasi-samara\public\index.php(59): CodeIgniter\Boot::bootWeb(Object(Config\Paths))
#13 D:\Kumpulan Project IT\Project Web\koperasi-samara\system\rewrite.php(44): require_once('D:\\Kumpulan Pro...')
#14 {main}
CRITICAL - 2026-08-03 02:55:52 --> CodeIgniter\Database\Exceptions\DatabaseException: Column 'nama_lengkap' in where clause is ambiguous
[Method: GET, Route: admin/search-anggota]
in SYSTEMPATH\Database\BaseConnection.php on line 684.
 1 SYSTEMPATH\Database\BaseBuilder.php(1649): CodeIgniter\Database\BaseConnection->query('SELECT `anggota`.*, `users`.`id` AS `id_user`, `users`.`username` AS `username_user`
FROM `anggota`
LEFT JOIN `users` ON `users`.`id` = `anggota`.`id_anggota`
WHERE `nama_lengkap` LIKE :nama_lengkap: ESCAPE \'!\'
OR  `no_ktp` LIKE :no_ktp: ESCAPE \'!\'
 LIMIT 10', [...], false)
 2 SYSTEMPATH\Model.php(286): CodeIgniter\Database\BaseBuilder->get()
 3 SYSTEMPATH\BaseModel.php(677): CodeIgniter\Model->doFindAll(10, 0)
 4 APPPATH\Controllers\AdminDashboard.php(115): CodeIgniter\BaseModel->findAll(10)
 5 SYSTEMPATH\CodeIgniter.php(933): App\Controllers\AdminDashboard->searchAnggota()
 6 SYSTEMPATH\CodeIgniter.php(507): CodeIgniter\CodeIgniter->runController(Object(App\Controllers\AdminDashboard))
 7 SYSTEMPATH\CodeIgniter.php(354): CodeIgniter\CodeIgniter->handleRequest(null, Object(Config\Cache), false)
 8 SYSTEMPATH\Boot.php(363): CodeIgniter\CodeIgniter->run()
 9 SYSTEMPATH\Boot.php(68): CodeIgniter\Boot::runCodeIgniter(Object(CodeIgniter\CodeIgniter))
10 FCPATH\index.php(59): CodeIgniter\Boot::bootWeb(Object(Config\Paths))
11 SYSTEMPATH\rewrite.php(44): require_once('D:\\Kumpulan Project IT\\Project Web\\koperasi-samara\\public\\index.php')
CRITICAL - 2026-08-03 02:55:52 --> [Caused by] CodeIgniter\Database\Exceptions\DatabaseException: Column 'nama_lengkap' in where clause is ambiguous
in SYSTEMPATH\Database\MySQLi\Connection.php on line 332.
 1 SYSTEMPATH\Database\BaseConnection.php(729): CodeIgniter\Database\MySQLi\Connection->execute('SELECT `anggota`.*, `users`.`id` AS `id_user`, `users`.`username` AS `username_user`
FROM `anggota`
LEFT JOIN `users` ON `users`.`id` = `anggota`.`id_anggota`
WHERE `nama_lengkap` LIKE \'%miza%\' ESCAPE \'!\'
OR  `no_ktp` LIKE \'%miza%\' ESCAPE \'!\'
 LIMIT 10')
 2 SYSTEMPATH\Database\BaseConnection.php(646): CodeIgniter\Database\BaseConnection->simpleQuery('SELECT `anggota`.*, `users`.`id` AS `id_user`, `users`.`username` AS `username_user`
FROM `anggota`
LEFT JOIN `users` ON `users`.`id` = `anggota`.`id_anggota`
WHERE `nama_lengkap` LIKE \'%miza%\' ESCAPE \'!\'
OR  `no_ktp` LIKE \'%miza%\' ESCAPE \'!\'
 LIMIT 10')
 3 SYSTEMPATH\Database\BaseBuilder.php(1649): CodeIgniter\Database\BaseConnection->query('SELECT `anggota`.*, `users`.`id` AS `id_user`, `users`.`username` AS `username_user`
FROM `anggota`
LEFT JOIN `users` ON `users`.`id` = `anggota`.`id_anggota`
WHERE `nama_lengkap` LIKE :nama_lengkap: ESCAPE \'!\'
OR  `no_ktp` LIKE :no_ktp: ESCAPE \'!\'
 LIMIT 10', [...], false)
 4 SYSTEMPATH\Model.php(286): CodeIgniter\Database\BaseBuilder->get()
 5 SYSTEMPATH\BaseModel.php(677): CodeIgniter\Model->doFindAll(10, 0)
 6 APPPATH\Controllers\AdminDashboard.php(115): CodeIgniter\BaseModel->findAll(10)
 7 SYSTEMPATH\CodeIgniter.php(933): App\Controllers\AdminDashboard->searchAnggota()
 8 SYSTEMPATH\CodeIgniter.php(507): CodeIgniter\CodeIgniter->runController(Object(App\Controllers\AdminDashboard))
 9 SYSTEMPATH\CodeIgniter.php(354): CodeIgniter\CodeIgniter->handleRequest(null, Object(Config\Cache), false)
10 SYSTEMPATH\Boot.php(363): CodeIgniter\CodeIgniter->run()
11 SYSTEMPATH\Boot.php(68): CodeIgniter\Boot::runCodeIgniter(Object(CodeIgniter\CodeIgniter))
12 FCPATH\index.php(59): CodeIgniter\Boot::bootWeb(Object(Config\Paths))
13 SYSTEMPATH\rewrite.php(44): require_once('D:\\Kumpulan Project IT\\Project Web\\koperasi-samara\\public\\index.php')
CRITICAL - 2026-08-03 02:55:52 --> [Caused by] mysqli_sql_exception: Column 'nama_lengkap' in where clause is ambiguous
in SYSTEMPATH\Database\MySQLi\Connection.php on line 327.
 1 SYSTEMPATH\Database\MySQLi\Connection.php(327): mysqli->query('SELECT `anggota`.*, `users`.`id` AS `id_user`, `users`.`username` AS `username_user`
FROM `anggota`
LEFT JOIN `users` ON `users`.`id` = `anggota`.`id_anggota`
WHERE `nama_lengkap` LIKE \'%miza%\' ESCAPE \'!\'
OR  `no_ktp` LIKE \'%miza%\' ESCAPE \'!\'
 LIMIT 10', 0)
 2 SYSTEMPATH\Database\BaseConnection.php(729): CodeIgniter\Database\MySQLi\Connection->execute('SELECT `anggota`.*, `users`.`id` AS `id_user`, `users`.`username` AS `username_user`
FROM `anggota`
LEFT JOIN `users` ON `users`.`id` = `anggota`.`id_anggota`
WHERE `nama_lengkap` LIKE \'%miza%\' ESCAPE \'!\'
OR  `no_ktp` LIKE \'%miza%\' ESCAPE \'!\'
 LIMIT 10')
 3 SYSTEMPATH\Database\BaseConnection.php(646): CodeIgniter\Database\BaseConnection->simpleQuery('SELECT `anggota`.*, `users`.`id` AS `id_user`, `users`.`username` AS `username_user`
FROM `anggota`
LEFT JOIN `users` ON `users`.`id` = `anggota`.`id_anggota`
WHERE `nama_lengkap` LIKE \'%miza%\' ESCAPE \'!\'
OR  `no_ktp` LIKE \'%miza%\' ESCAPE \'!\'
 LIMIT 10')
 4 SYSTEMPATH\Database\BaseBuilder.php(1649): CodeIgniter\Database\BaseConnection->query('SELECT `anggota`.*, `users`.`id` AS `id_user`, `users`.`username` AS `username_user`
FROM `anggota`
LEFT JOIN `users` ON `users`.`id` = `anggota`.`id_anggota`
WHERE `nama_lengkap` LIKE :nama_lengkap: ESCAPE \'!\'
OR  `no_ktp` LIKE :no_ktp: ESCAPE \'!\'
 LIMIT 10', [...], false)
 5 SYSTEMPATH\Model.php(286): CodeIgniter\Database\BaseBuilder->get()
 6 SYSTEMPATH\BaseModel.php(677): CodeIgniter\Model->doFindAll(10, 0)
 7 APPPATH\Controllers\AdminDashboard.php(115): CodeIgniter\BaseModel->findAll(10)
 8 SYSTEMPATH\CodeIgniter.php(933): App\Controllers\AdminDashboard->searchAnggota()
 9 SYSTEMPATH\CodeIgniter.php(507): CodeIgniter\CodeIgniter->runController(Object(App\Controllers\AdminDashboard))
10 SYSTEMPATH\CodeIgniter.php(354): CodeIgniter\CodeIgniter->handleRequest(null, Object(Config\Cache), false)
11 SYSTEMPATH\Boot.php(363): CodeIgniter\CodeIgniter->run()
12 SYSTEMPATH\Boot.php(68): CodeIgniter\Boot::runCodeIgniter(Object(CodeIgniter\CodeIgniter))
13 FCPATH\index.php(59): CodeIgniter\Boot::bootWeb(Object(Config\Paths))
14 SYSTEMPATH\rewrite.php(44): require_once('D:\\Kumpulan Project IT\\Project Web\\koperasi-samara\\public\\index.php')
DEBUG - 2026-08-03 02:55:53 --> Session: Class initialized using 'CodeIgniter\Session\Handlers\FileHandler' driver.
ERROR - 2026-08-03 02:55:53 --> mysqli_sql_exception: Column 'nama_lengkap' in where clause is ambiguous in D:\Kumpulan Project IT\Project Web\koperasi-samara\system\Database\MySQLi\Connection.php:327
Stack trace:
#0 D:\Kumpulan Project IT\Project Web\koperasi-samara\system\Database\MySQLi\Connection.php(327): mysqli->query('SELECT `anggota...', 0)
#1 D:\Kumpulan Project IT\Project Web\koperasi-samara\system\Database\BaseConnection.php(729): CodeIgniter\Database\MySQLi\Connection->execute('SELECT `anggota...')
#2 D:\Kumpulan Project IT\Project Web\koperasi-samara\system\Database\BaseConnection.php(646): CodeIgniter\Database\BaseConnection->simpleQuery('SELECT `anggota...')
#3 D:\Kumpulan Project IT\Project Web\koperasi-samara\system\Database\BaseBuilder.php(1649): CodeIgniter\Database\BaseConnection->query('SELECT `anggota...', Array, false)
#4 D:\Kumpulan Project IT\Project Web\koperasi-samara\system\Model.php(286): CodeIgniter\Database\BaseBuilder->get()
#5 D:\Kumpulan Project IT\Project Web\koperasi-samara\system\BaseModel.php(677): CodeIgniter\Model->doFindAll(10, 0)
#6 D:\Kumpulan Project IT\Project Web\koperasi-samara\app\Controllers\AdminDashboard.php(115): CodeIgniter\BaseModel->findAll(10)
#7 D:\Kumpulan Project IT\Project Web\koperasi-samara\system\CodeIgniter.php(933): App\Controllers\AdminDashboard->searchAnggota()
#8 D:\Kumpulan Project IT\Project Web\koperasi-samara\system\CodeIgniter.php(507): CodeIgniter\CodeIgniter->runController(Object(App\Controllers\AdminDashboard))
#9 D:\Kumpulan Project IT\Project Web\koperasi-samara\system\CodeIgniter.php(354): CodeIgniter\CodeIgniter->handleRequest(NULL, Object(Config\Cache), false)
#10 D:\Kumpulan Project IT\Project Web\koperasi-samara\system\Boot.php(363): CodeIgniter\CodeIgniter->run()
#11 D:\Kumpulan Project IT\Project Web\koperasi-samara\system\Boot.php(68): CodeIgniter\Boot::runCodeIgniter(Object(CodeIgniter\CodeIgniter))
#12 D:\Kumpulan Project IT\Project Web\koperasi-samara\public\index.php(59): CodeIgniter\Boot::bootWeb(Object(Config\Paths))
#13 D:\Kumpulan Project IT\Project Web\koperasi-samara\system\rewrite.php(44): require_once('D:\\Kumpulan Pro...')
#14 {main}
CRITICAL - 2026-08-03 02:55:53 --> CodeIgniter\Database\Exceptions\DatabaseException: Column 'nama_lengkap' in where clause is ambiguous
[Method: GET, Route: admin/search-anggota]
in SYSTEMPATH\Database\BaseConnection.php on line 684.
 1 SYSTEMPATH\Database\BaseBuilder.php(1649): CodeIgniter\Database\BaseConnection->query('SELECT `anggota`.*, `users`.`id` AS `id_user`, `users`.`username` AS `username_user`
FROM `anggota`
LEFT JOIN `users` ON `users`.`id` = `anggota`.`id_anggota`
WHERE `nama_lengkap` LIKE :nama_lengkap: ESCAPE \'!\'
OR  `no_ktp` LIKE :no_ktp: ESCAPE \'!\'
 LIMIT 10', [...], false)
 2 SYSTEMPATH\Model.php(286): CodeIgniter\Database\BaseBuilder->get()
 3 SYSTEMPATH\BaseModel.php(677): CodeIgniter\Model->doFindAll(10, 0)
 4 APPPATH\Controllers\AdminDashboard.php(115): CodeIgniter\BaseModel->findAll(10)
 5 SYSTEMPATH\CodeIgniter.php(933): App\Controllers\AdminDashboard->searchAnggota()
 6 SYSTEMPATH\CodeIgniter.php(507): CodeIgniter\CodeIgniter->runController(Object(App\Controllers\AdminDashboard))
 7 SYSTEMPATH\CodeIgniter.php(354): CodeIgniter\CodeIgniter->handleRequest(null, Object(Config\Cache), false)
 8 SYSTEMPATH\Boot.php(363): CodeIgniter\CodeIgniter->run()
 9 SYSTEMPATH\Boot.php(68): CodeIgniter\Boot::runCodeIgniter(Object(CodeIgniter\CodeIgniter))
10 FCPATH\index.php(59): CodeIgniter\Boot::bootWeb(Object(Config\Paths))
11 SYSTEMPATH\rewrite.php(44): require_once('D:\\Kumpulan Project IT\\Project Web\\koperasi-samara\\public\\index.php')
CRITICAL - 2026-08-03 02:55:53 --> [Caused by] CodeIgniter\Database\Exceptions\DatabaseException: Column 'nama_lengkap' in where clause is ambiguous
in SYSTEMPATH\Database\MySQLi\Connection.php on line 332.
 1 SYSTEMPATH\Database\BaseConnection.php(729): CodeIgniter\Database\MySQLi\Connection->execute('SELECT `anggota`.*, `users`.`id` AS `id_user`, `users`.`username` AS `username_user`
FROM `anggota`
LEFT JOIN `users` ON `users`.`id` = `anggota`.`id_anggota`
WHERE `nama_lengkap` LIKE \'%mizan%\' ESCAPE \'!\'
OR  `no_ktp` LIKE \'%mizan%\' ESCAPE \'!\'
 LIMIT 10')
 2 SYSTEMPATH\Database\BaseConnection.php(646): CodeIgniter\Database\BaseConnection->simpleQuery('SELECT `anggota`.*, `users`.`id` AS `id_user`, `users`.`username` AS `username_user`
FROM `anggota`
LEFT JOIN `users` ON `users`.`id` = `anggota`.`id_anggota`
WHERE `nama_lengkap` LIKE \'%mizan%\' ESCAPE \'!\'
OR  `no_ktp` LIKE \'%mizan%\' ESCAPE \'!\'
 LIMIT 10')
 3 SYSTEMPATH\Database\BaseBuilder.php(1649): CodeIgniter\Database\BaseConnection->query('SELECT `anggota`.*, `users`.`id` AS `id_user`, `users`.`username` AS `username_user`
FROM `anggota`
LEFT JOIN `users` ON `users`.`id` = `anggota`.`id_anggota`
WHERE `nama_lengkap` LIKE :nama_lengkap: ESCAPE \'!\'
OR  `no_ktp` LIKE :no_ktp: ESCAPE \'!\'
 LIMIT 10', [...], false)
 4 SYSTEMPATH\Model.php(286): CodeIgniter\Database\BaseBuilder->get()
 5 SYSTEMPATH\BaseModel.php(677): CodeIgniter\Model->doFindAll(10, 0)
 6 APPPATH\Controllers\AdminDashboard.php(115): CodeIgniter\BaseModel->findAll(10)
 7 SYSTEMPATH\CodeIgniter.php(933): App\Controllers\AdminDashboard->searchAnggota()
 8 SYSTEMPATH\CodeIgniter.php(507): CodeIgniter\CodeIgniter->runController(Object(App\Controllers\AdminDashboard))
 9 SYSTEMPATH\CodeIgniter.php(354): CodeIgniter\CodeIgniter->handleRequest(null, Object(Config\Cache), false)
10 SYSTEMPATH\Boot.php(363): CodeIgniter\CodeIgniter->run()
11 SYSTEMPATH\Boot.php(68): CodeIgniter\Boot::runCodeIgniter(Object(CodeIgniter\CodeIgniter))
12 FCPATH\index.php(59): CodeIgniter\Boot::bootWeb(Object(Config\Paths))
13 SYSTEMPATH\rewrite.php(44): require_once('D:\\Kumpulan Project IT\\Project Web\\koperasi-samara\\public\\index.php')
CRITICAL - 2026-08-03 02:55:53 --> [Caused by] mysqli_sql_exception: Column 'nama_lengkap' in where clause is ambiguous
in SYSTEMPATH\Database\MySQLi\Connection.php on line 327.
 1 SYSTEMPATH\Database\MySQLi\Connection.php(327): mysqli->query('SELECT `anggota`.*, `users`.`id` AS `id_user`, `users`.`username` AS `username_user`
FROM `anggota`
LEFT JOIN `users` ON `users`.`id` = `anggota`.`id_anggota`
WHERE `nama_lengkap` LIKE \'%mizan%\' ESCAPE \'!\'
OR  `no_ktp` LIKE \'%mizan%\' ESCAPE \'!\'
 LIMIT 10', 0)
 2 SYSTEMPATH\Database\BaseConnection.php(729): CodeIgniter\Database\MySQLi\Connection->execute('SELECT `anggota`.*, `users`.`id` AS `id_user`, `users`.`username` AS `username_user`
FROM `anggota`
LEFT JOIN `users` ON `users`.`id` = `anggota`.`id_anggota`
WHERE `nama_lengkap` LIKE \'%mizan%\' ESCAPE \'!\'
OR  `no_ktp` LIKE \'%mizan%\' ESCAPE \'!\'
 LIMIT 10')
 3 SYSTEMPATH\Database\BaseConnection.php(646): CodeIgniter\Database\BaseConnection->simpleQuery('SELECT `anggota`.*, `users`.`id` AS `id_user`, `users`.`username` AS `username_user`
FROM `anggota`
LEFT JOIN `users` ON `users`.`id` = `anggota`.`id_anggota`
WHERE `nama_lengkap` LIKE \'%mizan%\' ESCAPE \'!\'
OR  `no_ktp` LIKE \'%mizan%\' ESCAPE \'!\'
 LIMIT 10')
 4 SYSTEMPATH\Database\BaseBuilder.php(1649): CodeIgniter\Database\BaseConnection->query('SELECT `anggota`.*, `users`.`id` AS `id_user`, `users`.`username` AS `username_user`
FROM `anggota`
LEFT JOIN `users` ON `users`.`id` = `anggota`.`id_anggota`
WHERE `nama_lengkap` LIKE :nama_lengkap: ESCAPE \'!\'
OR  `no_ktp` LIKE :no_ktp: ESCAPE \'!\'
 LIMIT 10', [...], false)
 5 SYSTEMPATH\Model.php(286): CodeIgniter\Database\BaseBuilder->get()
 6 SYSTEMPATH\BaseModel.php(677): CodeIgniter\Model->doFindAll(10, 0)
 7 APPPATH\Controllers\AdminDashboard.php(115): CodeIgniter\BaseModel->findAll(10)
 8 SYSTEMPATH\CodeIgniter.php(933): App\Controllers\AdminDashboard->searchAnggota()
 9 SYSTEMPATH\CodeIgniter.php(507): CodeIgniter\CodeIgniter->runController(Object(App\Controllers\AdminDashboard))
10 SYSTEMPATH\CodeIgniter.php(354): CodeIgniter\CodeIgniter->handleRequest(null, Object(Config\Cache), false)
11 SYSTEMPATH\Boot.php(363): CodeIgniter\CodeIgniter->run()
12 SYSTEMPATH\Boot.php(68): CodeIgniter\Boot::runCodeIgniter(Object(CodeIgniter\CodeIgniter))
13 FCPATH\index.php(59): CodeIgniter\Boot::bootWeb(Object(Config\Paths))
14 SYSTEMPATH\rewrite.php(44): require_once('D:\\Kumpulan Project IT\\Project Web\\koperasi-samara\\public\\index.php')
DEBUG - 2026-08-03 02:55:59 --> Session: Class initialized using 'CodeIgniter\Session\Handlers\FileHandler' driver.
DEBUG - 2026-08-03 02:56:06 --> Session: Class initialized using 'CodeIgniter\Session\Handlers\FileHandler' driver.
DEBUG - 2026-08-03 02:56:08 --> Session: Class initialized using 'CodeIgniter\Session\Handlers\FileHandler' driver.
DEBUG - 2026-08-03 02:56:09 --> Session: Class initialized using 'CodeIgniter\Session\Handlers\FileHandler' driver.
DEBUG - 2026-08-03 02:56:09 --> Session: Class initialized using 'CodeIgniter\Session\Handlers\FileHandler' driver.
DEBUG - 2026-08-03 02:56:10 --> Session: Class initialized using 'CodeIgniter\Session\Handlers\FileHandler' driver.
DEBUG - 2026-08-03 02:56:10 --> Session: Class initialized using 'CodeIgniter\Session\Handlers\FileHandler' driver.
ERROR - 2026-08-03 02:56:10 --> mysqli_sql_exception: Column 'nama_lengkap' in where clause is ambiguous in D:\Kumpulan Project IT\Project Web\koperasi-samara\system\Database\MySQLi\Connection.php:327
Stack trace:
#0 D:\Kumpulan Project IT\Project Web\koperasi-samara\system\Database\MySQLi\Connection.php(327): mysqli->query('SELECT `anggota...', 0)
#1 D:\Kumpulan Project IT\Project Web\koperasi-samara\system\Database\BaseConnection.php(729): CodeIgniter\Database\MySQLi\Connection->execute('SELECT `anggota...')
#2 D:\Kumpulan Project IT\Project Web\koperasi-samara\system\Database\BaseConnection.php(646): CodeIgniter\Database\BaseConnection->simpleQuery('SELECT `anggota...')
#3 D:\Kumpulan Project IT\Project Web\koperasi-samara\system\Database\BaseBuilder.php(1649): CodeIgniter\Database\BaseConnection->query('SELECT `anggota...', Array, false)
#4 D:\Kumpulan Project IT\Project Web\koperasi-samara\system\Model.php(286): CodeIgniter\Database\BaseBuilder->get()
#5 D:\Kumpulan Project IT\Project Web\koperasi-samara\system\BaseModel.php(677): CodeIgniter\Model->doFindAll(10, 0)
#6 D:\Kumpulan Project IT\Project Web\koperasi-samara\app\Controllers\AdminDashboard.php(115): CodeIgniter\BaseModel->findAll(10)
#7 D:\Kumpulan Project IT\Project Web\koperasi-samara\system\CodeIgniter.php(933): App\Controllers\AdminDashboard->searchAnggota()
#8 D:\Kumpulan Project IT\Project Web\koperasi-samara\system\CodeIgniter.php(507): CodeIgniter\CodeIgniter->runController(Object(App\Controllers\AdminDashboard))
#9 D:\Kumpulan Project IT\Project Web\koperasi-samara\system\CodeIgniter.php(354): CodeIgniter\CodeIgniter->handleRequest(NULL, Object(Config\Cache), false)
#10 D:\Kumpulan Project IT\Project Web\koperasi-samara\system\Boot.php(363): CodeIgniter\CodeIgniter->run()
#11 D:\Kumpulan Project IT\Project Web\koperasi-samara\system\Boot.php(68): CodeIgniter\Boot::runCodeIgniter(Object(CodeIgniter\CodeIgniter))
#12 D:\Kumpulan Project IT\Project Web\koperasi-samara\public\index.php(59): CodeIgniter\Boot::bootWeb(Object(Config\Paths))
#13 D:\Kumpulan Project IT\Project Web\koperasi-samara\system\rewrite.php(44): require_once('D:\\Kumpulan Pro...')
#14 {main}
CRITICAL - 2026-08-03 02:56:10 --> CodeIgniter\Database\Exceptions\DatabaseException: Column 'nama_lengkap' in where clause is ambiguous
[Method: GET, Route: admin/search-anggota]
in SYSTEMPATH\Database\BaseConnection.php on line 684.
 1 SYSTEMPATH\Database\BaseBuilder.php(1649): CodeIgniter\Database\BaseConnection->query('SELECT `anggota`.*, `users`.`id` AS `id_user`, `users`.`username` AS `username_user`
FROM `anggota`
LEFT JOIN `users` ON `users`.`id` = `anggota`.`id_anggota`
WHERE `nama_lengkap` LIKE :nama_lengkap: ESCAPE \'!\'
OR  `no_ktp` LIKE :no_ktp: ESCAPE \'!\'
 LIMIT 10', [...], false)
 2 SYSTEMPATH\Model.php(286): CodeIgniter\Database\BaseBuilder->get()
 3 SYSTEMPATH\BaseModel.php(677): CodeIgniter\Model->doFindAll(10, 0)
 4 APPPATH\Controllers\AdminDashboard.php(115): CodeIgniter\BaseModel->findAll(10)
 5 SYSTEMPATH\CodeIgniter.php(933): App\Controllers\AdminDashboard->searchAnggota()
 6 SYSTEMPATH\CodeIgniter.php(507): CodeIgniter\CodeIgniter->runController(Object(App\Controllers\AdminDashboard))
 7 SYSTEMPATH\CodeIgniter.php(354): CodeIgniter\CodeIgniter->handleRequest(null, Object(Config\Cache), false)
 8 SYSTEMPATH\Boot.php(363): CodeIgniter\CodeIgniter->run()
 9 SYSTEMPATH\Boot.php(68): CodeIgniter\Boot::runCodeIgniter(Object(CodeIgniter\CodeIgniter))
10 FCPATH\index.php(59): CodeIgniter\Boot::bootWeb(Object(Config\Paths))
11 SYSTEMPATH\rewrite.php(44): require_once('D:\\Kumpulan Project IT\\Project Web\\koperasi-samara\\public\\index.php')
CRITICAL - 2026-08-03 02:56:10 --> [Caused by] CodeIgniter\Database\Exceptions\DatabaseException: Column 'nama_lengkap' in where clause is ambiguous
in SYSTEMPATH\Database\MySQLi\Connection.php on line 332.
 1 SYSTEMPATH\Database\BaseConnection.php(729): CodeIgniter\Database\MySQLi\Connection->execute('SELECT `anggota`.*, `users`.`id` AS `id_user`, `users`.`username` AS `username_user`
FROM `anggota`
LEFT JOIN `users` ON `users`.`id` = `anggota`.`id_anggota`
WHERE `nama_lengkap` LIKE \'%m%\' ESCAPE \'!\'
OR  `no_ktp` LIKE \'%m%\' ESCAPE \'!\'
 LIMIT 10')
 2 SYSTEMPATH\Database\BaseConnection.php(646): CodeIgniter\Database\BaseConnection->simpleQuery('SELECT `anggota`.*, `users`.`id` AS `id_user`, `users`.`username` AS `username_user`
FROM `anggota`
LEFT JOIN `users` ON `users`.`id` = `anggota`.`id_anggota`
WHERE `nama_lengkap` LIKE \'%m%\' ESCAPE \'!\'
OR  `no_ktp` LIKE \'%m%\' ESCAPE \'!\'
 LIMIT 10')
 3 SYSTEMPATH\Database\BaseBuilder.php(1649): CodeIgniter\Database\BaseConnection->query('SELECT `anggota`.*, `users`.`id` AS `id_user`, `users`.`username` AS `username_user`
FROM `anggota`
LEFT JOIN `users` ON `users`.`id` = `anggota`.`id_anggota`
WHERE `nama_lengkap` LIKE :nama_lengkap: ESCAPE \'!\'
OR  `no_ktp` LIKE :no_ktp: ESCAPE \'!\'
 LIMIT 10', [...], false)
 4 SYSTEMPATH\Model.php(286): CodeIgniter\Database\BaseBuilder->get()
 5 SYSTEMPATH\BaseModel.php(677): CodeIgniter\Model->doFindAll(10, 0)
 6 APPPATH\Controllers\AdminDashboard.php(115): CodeIgniter\BaseModel->findAll(10)
 7 SYSTEMPATH\CodeIgniter.php(933): App\Controllers\AdminDashboard->searchAnggota()
 8 SYSTEMPATH\CodeIgniter.php(507): CodeIgniter\CodeIgniter->runController(Object(App\Controllers\AdminDashboard))
 9 SYSTEMPATH\CodeIgniter.php(354): CodeIgniter\CodeIgniter->handleRequest(null, Object(Config\Cache), false)
10 SYSTEMPATH\Boot.php(363): CodeIgniter\CodeIgniter->run()
11 SYSTEMPATH\Boot.php(68): CodeIgniter\Boot::runCodeIgniter(Object(CodeIgniter\CodeIgniter))
12 FCPATH\index.php(59): CodeIgniter\Boot::bootWeb(Object(Config\Paths))
13 SYSTEMPATH\rewrite.php(44): require_once('D:\\Kumpulan Project IT\\Project Web\\koperasi-samara\\public\\index.php')
CRITICAL - 2026-08-03 02:56:10 --> [Caused by] mysqli_sql_exception: Column 'nama_lengkap' in where clause is ambiguous
in SYSTEMPATH\Database\MySQLi\Connection.php on line 327.
 1 SYSTEMPATH\Database\MySQLi\Connection.php(327): mysqli->query('SELECT `anggota`.*, `users`.`id` AS `id_user`, `users`.`username` AS `username_user`
FROM `anggota`
LEFT JOIN `users` ON `users`.`id` = `anggota`.`id_anggota`
WHERE `nama_lengkap` LIKE \'%m%\' ESCAPE \'!\'
OR  `no_ktp` LIKE \'%m%\' ESCAPE \'!\'
 LIMIT 10', 0)
 2 SYSTEMPATH\Database\BaseConnection.php(729): CodeIgniter\Database\MySQLi\Connection->execute('SELECT `anggota`.*, `users`.`id` AS `id_user`, `users`.`username` AS `username_user`
FROM `anggota`
LEFT JOIN `users` ON `users`.`id` = `anggota`.`id_anggota`
WHERE `nama_lengkap` LIKE \'%m%\' ESCAPE \'!\'
OR  `no_ktp` LIKE \'%m%\' ESCAPE \'!\'
 LIMIT 10')
 3 SYSTEMPATH\Database\BaseConnection.php(646): CodeIgniter\Database\BaseConnection->simpleQuery('SELECT `anggota`.*, `users`.`id` AS `id_user`, `users`.`username` AS `username_user`
FROM `anggota`
LEFT JOIN `users` ON `users`.`id` = `anggota`.`id_anggota`
WHERE `nama_lengkap` LIKE \'%m%\' ESCAPE \'!\'
OR  `no_ktp` LIKE \'%m%\' ESCAPE \'!\'
 LIMIT 10')
 4 SYSTEMPATH\Database\BaseBuilder.php(1649): CodeIgniter\Database\BaseConnection->query('SELECT `anggota`.*, `users`.`id` AS `id_user`, `users`.`username` AS `username_user`
FROM `anggota`
LEFT JOIN `users` ON `users`.`id` = `anggota`.`id_anggota`
WHERE `nama_lengkap` LIKE :nama_lengkap: ESCAPE \'!\'
OR  `no_ktp` LIKE :no_ktp: ESCAPE \'!\'
 LIMIT 10', [...], false)
 5 SYSTEMPATH\Model.php(286): CodeIgniter\Database\BaseBuilder->get()
 6 SYSTEMPATH\BaseModel.php(677): CodeIgniter\Model->doFindAll(10, 0)
 7 APPPATH\Controllers\AdminDashboard.php(115): CodeIgniter\BaseModel->findAll(10)
 8 SYSTEMPATH\CodeIgniter.php(933): App\Controllers\AdminDashboard->searchAnggota()
 9 SYSTEMPATH\CodeIgniter.php(507): CodeIgniter\CodeIgniter->runController(Object(App\Controllers\AdminDashboard))
10 SYSTEMPATH\CodeIgniter.php(354): CodeIgniter\CodeIgniter->handleRequest(null, Object(Config\Cache), false)
11 SYSTEMPATH\Boot.php(363): CodeIgniter\CodeIgniter->run()
12 SYSTEMPATH\Boot.php(68): CodeIgniter\Boot::runCodeIgniter(Object(CodeIgniter\CodeIgniter))
13 FCPATH\index.php(59): CodeIgniter\Boot::bootWeb(Object(Config\Paths))
14 SYSTEMPATH\rewrite.php(44): require_once('D:\\Kumpulan Project IT\\Project Web\\koperasi-samara\\public\\index.php')
DEBUG - 2026-08-03 02:56:11 --> Session: Class initialized using 'CodeIgniter\Session\Handlers\FileHandler' driver.
ERROR - 2026-08-03 02:56:11 --> mysqli_sql_exception: Column 'nama_lengkap' in where clause is ambiguous in D:\Kumpulan Project IT\Project Web\koperasi-samara\system\Database\MySQLi\Connection.php:327
Stack trace:
#0 D:\Kumpulan Project IT\Project Web\koperasi-samara\system\Database\MySQLi\Connection.php(327): mysqli->query('SELECT `anggota...', 0)
#1 D:\Kumpulan Project IT\Project Web\koperasi-samara\system\Database\BaseConnection.php(729): CodeIgniter\Database\MySQLi\Connection->execute('SELECT `anggota...')
#2 D:\Kumpulan Project IT\Project Web\koperasi-samara\system\Database\BaseConnection.php(646): CodeIgniter\Database\BaseConnection->simpleQuery('SELECT `anggota...')
#3 D:\Kumpulan Project IT\Project Web\koperasi-samara\system\Database\BaseBuilder.php(1649): CodeIgniter\Database\BaseConnection->query('SELECT `anggota...', Array, false)
#4 D:\Kumpulan Project IT\Project Web\koperasi-samara\system\Model.php(286): CodeIgniter\Database\BaseBuilder->get()
#5 D:\Kumpulan Project IT\Project Web\koperasi-samara\system\BaseModel.php(677): CodeIgniter\Model->doFindAll(10, 0)
#6 D:\Kumpulan Project IT\Project Web\koperasi-samara\app\Controllers\AdminDashboard.php(115): CodeIgniter\BaseModel->findAll(10)
#7 D:\Kumpulan Project IT\Project Web\koperasi-samara\system\CodeIgniter.php(933): App\Controllers\AdminDashboard->searchAnggota()
#8 D:\Kumpulan Project IT\Project Web\koperasi-samara\system\CodeIgniter.php(507): CodeIgniter\CodeIgniter->runController(Object(App\Controllers\AdminDashboard))
#9 D:\Kumpulan Project IT\Project Web\koperasi-samara\system\CodeIgniter.php(354): CodeIgniter\CodeIgniter->handleRequest(NULL, Object(Config\Cache), false)
#10 D:\Kumpulan Project IT\Project Web\koperasi-samara\system\Boot.php(363): CodeIgniter\CodeIgniter->run()
#11 D:\Kumpulan Project IT\Project Web\koperasi-samara\system\Boot.php(68): CodeIgniter\Boot::runCodeIgniter(Object(CodeIgniter\CodeIgniter))
#12 D:\Kumpulan Project IT\Project Web\koperasi-samara\public\index.php(59): CodeIgniter\Boot::bootWeb(Object(Config\Paths))
#13 D:\Kumpulan Project IT\Project Web\koperasi-samara\system\rewrite.php(44): require_once('D:\\Kumpulan Pro...')
#14 {main}
CRITICAL - 2026-08-03 02:56:11 --> CodeIgniter\Database\Exceptions\DatabaseException: Column 'nama_lengkap' in where clause is ambiguous
[Method: GET, Route: admin/search-anggota]
in SYSTEMPATH\Database\BaseConnection.php on line 684.
 1 SYSTEMPATH\Database\BaseBuilder.php(1649): CodeIgniter\Database\BaseConnection->query('SELECT `anggota`.*, `users`.`id` AS `id_user`, `users`.`username` AS `username_user`
FROM `anggota`
LEFT JOIN `users` ON `users`.`id` = `anggota`.`id_anggota`
WHERE `nama_lengkap` LIKE :nama_lengkap: ESCAPE \'!\'
OR  `no_ktp` LIKE :no_ktp: ESCAPE \'!\'
 LIMIT 10', [...], false)
 2 SYSTEMPATH\Model.php(286): CodeIgniter\Database\BaseBuilder->get()
 3 SYSTEMPATH\BaseModel.php(677): CodeIgniter\Model->doFindAll(10, 0)
 4 APPPATH\Controllers\AdminDashboard.php(115): CodeIgniter\BaseModel->findAll(10)
 5 SYSTEMPATH\CodeIgniter.php(933): App\Controllers\AdminDashboard->searchAnggota()
 6 SYSTEMPATH\CodeIgniter.php(507): CodeIgniter\CodeIgniter->runController(Object(App\Controllers\AdminDashboard))
 7 SYSTEMPATH\CodeIgniter.php(354): CodeIgniter\CodeIgniter->handleRequest(null, Object(Config\Cache), false)
 8 SYSTEMPATH\Boot.php(363): CodeIgniter\CodeIgniter->run()
 9 SYSTEMPATH\Boot.php(68): CodeIgniter\Boot::runCodeIgniter(Object(CodeIgniter\CodeIgniter))
10 FCPATH\index.php(59): CodeIgniter\Boot::bootWeb(Object(Config\Paths))
11 SYSTEMPATH\rewrite.php(44): require_once('D:\\Kumpulan Project IT\\Project Web\\koperasi-samara\\public\\index.php')
CRITICAL - 2026-08-03 02:56:11 --> [Caused by] CodeIgniter\Database\Exceptions\DatabaseException: Column 'nama_lengkap' in where clause is ambiguous
in SYSTEMPATH\Database\MySQLi\Connection.php on line 332.
 1 SYSTEMPATH\Database\BaseConnection.php(729): CodeIgniter\Database\MySQLi\Connection->execute('SELECT `anggota`.*, `users`.`id` AS `id_user`, `users`.`username` AS `username_user`
FROM `anggota`
LEFT JOIN `users` ON `users`.`id` = `anggota`.`id_anggota`
WHERE `nama_lengkap` LIKE \'%mi%\' ESCAPE \'!\'
OR  `no_ktp` LIKE \'%mi%\' ESCAPE \'!\'
 LIMIT 10')
 2 SYSTEMPATH\Database\BaseConnection.php(646): CodeIgniter\Database\BaseConnection->simpleQuery('SELECT `anggota`.*, `users`.`id` AS `id_user`, `users`.`username` AS `username_user`
FROM `anggota`
LEFT JOIN `users` ON `users`.`id` = `anggota`.`id_anggota`
WHERE `nama_lengkap` LIKE \'%mi%\' ESCAPE \'!\'
OR  `no_ktp` LIKE \'%mi%\' ESCAPE \'!\'
 LIMIT 10')
 3 SYSTEMPATH\Database\BaseBuilder.php(1649): CodeIgniter\Database\BaseConnection->query('SELECT `anggota`.*, `users`.`id` AS `id_user`, `users`.`username` AS `username_user`
FROM `anggota`
LEFT JOIN `users` ON `users`.`id` = `anggota`.`id_anggota`
WHERE `nama_lengkap` LIKE :nama_lengkap: ESCAPE \'!\'
OR  `no_ktp` LIKE :no_ktp: ESCAPE \'!\'
 LIMIT 10', [...], false)
 4 SYSTEMPATH\Model.php(286): CodeIgniter\Database\BaseBuilder->get()
 5 SYSTEMPATH\BaseModel.php(677): CodeIgniter\Model->doFindAll(10, 0)
 6 APPPATH\Controllers\AdminDashboard.php(115): CodeIgniter\BaseModel->findAll(10)
 7 SYSTEMPATH\CodeIgniter.php(933): App\Controllers\AdminDashboard->searchAnggota()
 8 SYSTEMPATH\CodeIgniter.php(507): CodeIgniter\CodeIgniter->runController(Object(App\Controllers\AdminDashboard))
 9 SYSTEMPATH\CodeIgniter.php(354): CodeIgniter\CodeIgniter->handleRequest(null, Object(Config\Cache), false)
10 SYSTEMPATH\Boot.php(363): CodeIgniter\CodeIgniter->run()
11 SYSTEMPATH\Boot.php(68): CodeIgniter\Boot::runCodeIgniter(Object(CodeIgniter\CodeIgniter))
12 FCPATH\index.php(59): CodeIgniter\Boot::bootWeb(Object(Config\Paths))
13 SYSTEMPATH\rewrite.php(44): require_once('D:\\Kumpulan Project IT\\Project Web\\koperasi-samara\\public\\index.php')
CRITICAL - 2026-08-03 02:56:11 --> [Caused by] mysqli_sql_exception: Column 'nama_lengkap' in where clause is ambiguous
in SYSTEMPATH\Database\MySQLi\Connection.php on line 327.
 1 SYSTEMPATH\Database\MySQLi\Connection.php(327): mysqli->query('SELECT `anggota`.*, `users`.`id` AS `id_user`, `users`.`username` AS `username_user`
FROM `anggota`
LEFT JOIN `users` ON `users`.`id` = `anggota`.`id_anggota`
WHERE `nama_lengkap` LIKE \'%mi%\' ESCAPE \'!\'
OR  `no_ktp` LIKE \'%mi%\' ESCAPE \'!\'
 LIMIT 10', 0)
 2 SYSTEMPATH\Database\BaseConnection.php(729): CodeIgniter\Database\MySQLi\Connection->execute('SELECT `anggota`.*, `users`.`id` AS `id_user`, `users`.`username` AS `username_user`
FROM `anggota`
LEFT JOIN `users` ON `users`.`id` = `anggota`.`id_anggota`
WHERE `nama_lengkap` LIKE \'%mi%\' ESCAPE \'!\'
OR  `no_ktp` LIKE \'%mi%\' ESCAPE \'!\'
 LIMIT 10')
 3 SYSTEMPATH\Database\BaseConnection.php(646): CodeIgniter\Database\BaseConnection->simpleQuery('SELECT `anggota`.*, `users`.`id` AS `id_user`, `users`.`username` AS `username_user`
FROM `anggota`
LEFT JOIN `users` ON `users`.`id` = `anggota`.`id_anggota`
WHERE `nama_lengkap` LIKE \'%mi%\' ESCAPE \'!\'
OR  `no_ktp` LIKE \'%mi%\' ESCAPE \'!\'
 LIMIT 10')
 4 SYSTEMPATH\Database\BaseBuilder.php(1649): CodeIgniter\Database\BaseConnection->query('SELECT `anggota`.*, `users`.`id` AS `id_user`, `users`.`username` AS `username_user`
FROM `anggota`
LEFT JOIN `users` ON `users`.`id` = `anggota`.`id_anggota`
WHERE `nama_lengkap` LIKE :nama_lengkap: ESCAPE \'!\'
OR  `no_ktp` LIKE :no_ktp: ESCAPE \'!\'
 LIMIT 10', [...], false)
 5 SYSTEMPATH\Model.php(286): CodeIgniter\Database\BaseBuilder->get()
 6 SYSTEMPATH\BaseModel.php(677): CodeIgniter\Model->doFindAll(10, 0)
 7 APPPATH\Controllers\AdminDashboard.php(115): CodeIgniter\BaseModel->findAll(10)
 8 SYSTEMPATH\CodeIgniter.php(933): App\Controllers\AdminDashboard->searchAnggota()
 9 SYSTEMPATH\CodeIgniter.php(507): CodeIgniter\CodeIgniter->runController(Object(App\Controllers\AdminDashboard))
10 SYSTEMPATH\CodeIgniter.php(354): CodeIgniter\CodeIgniter->handleRequest(null, Object(Config\Cache), false)
11 SYSTEMPATH\Boot.php(363): CodeIgniter\CodeIgniter->run()
12 SYSTEMPATH\Boot.php(68): CodeIgniter\Boot::runCodeIgniter(Object(CodeIgniter\CodeIgniter))
13 FCPATH\index.php(59): CodeIgniter\Boot::bootWeb(Object(Config\Paths))
14 SYSTEMPATH\rewrite.php(44): require_once('D:\\Kumpulan Project IT\\Project Web\\koperasi-samara\\public\\index.php')
DEBUG - 2026-08-03 02:56:11 --> Session: Class initialized using 'CodeIgniter\Session\Handlers\FileHandler' driver.
ERROR - 2026-08-03 02:56:11 --> mysqli_sql_exception: Column 'nama_lengkap' in where clause is ambiguous in D:\Kumpulan Project IT\Project Web\koperasi-samara\system\Database\MySQLi\Connection.php:327
Stack trace:
#0 D:\Kumpulan Project IT\Project Web\koperasi-samara\system\Database\MySQLi\Connection.php(327): mysqli->query('SELECT `anggota...', 0)
#1 D:\Kumpulan Project IT\Project Web\koperasi-samara\system\Database\BaseConnection.php(729): CodeIgniter\Database\MySQLi\Connection->execute('SELECT `anggota...')
#2 D:\Kumpulan Project IT\Project Web\koperasi-samara\system\Database\BaseConnection.php(646): CodeIgniter\Database\BaseConnection->simpleQuery('SELECT `anggota...')
#3 D:\Kumpulan Project IT\Project Web\koperasi-samara\system\Database\BaseBuilder.php(1649): CodeIgniter\Database\BaseConnection->query('SELECT `anggota...', Array, false)
#4 D:\Kumpulan Project IT\Project Web\koperasi-samara\system\Model.php(286): CodeIgniter\Database\BaseBuilder->get()
#5 D:\Kumpulan Project IT\Project Web\koperasi-samara\system\BaseModel.php(677): CodeIgniter\Model->doFindAll(10, 0)
#6 D:\Kumpulan Project IT\Project Web\koperasi-samara\app\Controllers\AdminDashboard.php(115): CodeIgniter\BaseModel->findAll(10)
#7 D:\Kumpulan Project IT\Project Web\koperasi-samara\system\CodeIgniter.php(933): App\Controllers\AdminDashboard->searchAnggota()
#8 D:\Kumpulan Project IT\Project Web\koperasi-samara\system\CodeIgniter.php(507): CodeIgniter\CodeIgniter->runController(Object(App\Controllers\AdminDashboard))
#9 D:\Kumpulan Project IT\Project Web\koperasi-samara\system\CodeIgniter.php(354): CodeIgniter\CodeIgniter->handleRequest(NULL, Object(Config\Cache), false)
#10 D:\Kumpulan Project IT\Project Web\koperasi-samara\system\Boot.php(363): CodeIgniter\CodeIgniter->run()
#11 D:\Kumpulan Project IT\Project Web\koperasi-samara\system\Boot.php(68): CodeIgniter\Boot::runCodeIgniter(Object(CodeIgniter\CodeIgniter))
#12 D:\Kumpulan Project IT\Project Web\koperasi-samara\public\index.php(59): CodeIgniter\Boot::bootWeb(Object(Config\Paths))
#13 D:\Kumpulan Project IT\Project Web\koperasi-samara\system\rewrite.php(44): require_once('D:\\Kumpulan Pro...')
#14 {main}
CRITICAL - 2026-08-03 02:56:11 --> CodeIgniter\Database\Exceptions\DatabaseException: Column 'nama_lengkap' in where clause is ambiguous
[Method: GET, Route: admin/search-anggota]
in SYSTEMPATH\Database\BaseConnection.php on line 684.
 1 SYSTEMPATH\Database\BaseBuilder.php(1649): CodeIgniter\Database\BaseConnection->query('SELECT `anggota`.*, `users`.`id` AS `id_user`, `users`.`username` AS `username_user`
FROM `anggota`
LEFT JOIN `users` ON `users`.`id` = `anggota`.`id_anggota`
WHERE `nama_lengkap` LIKE :nama_lengkap: ESCAPE \'!\'
OR  `no_ktp` LIKE :no_ktp: ESCAPE \'!\'
 LIMIT 10', [...], false)
 2 SYSTEMPATH\Model.php(286): CodeIgniter\Database\BaseBuilder->get()
 3 SYSTEMPATH\BaseModel.php(677): CodeIgniter\Model->doFindAll(10, 0)
 4 APPPATH\Controllers\AdminDashboard.php(115): CodeIgniter\BaseModel->findAll(10)
 5 SYSTEMPATH\CodeIgniter.php(933): App\Controllers\AdminDashboard->searchAnggota()
 6 SYSTEMPATH\CodeIgniter.php(507): CodeIgniter\CodeIgniter->runController(Object(App\Controllers\AdminDashboard))
 7 SYSTEMPATH\CodeIgniter.php(354): CodeIgniter\CodeIgniter->handleRequest(null, Object(Config\Cache), false)
 8 SYSTEMPATH\Boot.php(363): CodeIgniter\CodeIgniter->run()
 9 SYSTEMPATH\Boot.php(68): CodeIgniter\Boot::runCodeIgniter(Object(CodeIgniter\CodeIgniter))
10 FCPATH\index.php(59): CodeIgniter\Boot::bootWeb(Object(Config\Paths))
11 SYSTEMPATH\rewrite.php(44): require_once('D:\\Kumpulan Project IT\\Project Web\\koperasi-samara\\public\\index.php')
CRITICAL - 2026-08-03 02:56:11 --> [Caused by] CodeIgniter\Database\Exceptions\DatabaseException: Column 'nama_lengkap' in where clause is ambiguous
in SYSTEMPATH\Database\MySQLi\Connection.php on line 332.
 1 SYSTEMPATH\Database\BaseConnection.php(729): CodeIgniter\Database\MySQLi\Connection->execute('SELECT `anggota`.*, `users`.`id` AS `id_user`, `users`.`username` AS `username_user`
FROM `anggota`
LEFT JOIN `users` ON `users`.`id` = `anggota`.`id_anggota`
WHERE `nama_lengkap` LIKE \'%miz%\' ESCAPE \'!\'
OR  `no_ktp` LIKE \'%miz%\' ESCAPE \'!\'
 LIMIT 10')
 2 SYSTEMPATH\Database\BaseConnection.php(646): CodeIgniter\Database\BaseConnection->simpleQuery('SELECT `anggota`.*, `users`.`id` AS `id_user`, `users`.`username` AS `username_user`
FROM `anggota`
LEFT JOIN `users` ON `users`.`id` = `anggota`.`id_anggota`
WHERE `nama_lengkap` LIKE \'%miz%\' ESCAPE \'!\'
OR  `no_ktp` LIKE \'%miz%\' ESCAPE \'!\'
 LIMIT 10')
 3 SYSTEMPATH\Database\BaseBuilder.php(1649): CodeIgniter\Database\BaseConnection->query('SELECT `anggota`.*, `users`.`id` AS `id_user`, `users`.`username` AS `username_user`
FROM `anggota`
LEFT JOIN `users` ON `users`.`id` = `anggota`.`id_anggota`
WHERE `nama_lengkap` LIKE :nama_lengkap: ESCAPE \'!\'
OR  `no_ktp` LIKE :no_ktp: ESCAPE \'!\'
 LIMIT 10', [...], false)
 4 SYSTEMPATH\Model.php(286): CodeIgniter\Database\BaseBuilder->get()
 5 SYSTEMPATH\BaseModel.php(677): CodeIgniter\Model->doFindAll(10, 0)
 6 APPPATH\Controllers\AdminDashboard.php(115): CodeIgniter\BaseModel->findAll(10)
 7 SYSTEMPATH\CodeIgniter.php(933): App\Controllers\AdminDashboard->searchAnggota()
 8 SYSTEMPATH\CodeIgniter.php(507): CodeIgniter\CodeIgniter->runController(Object(App\Controllers\AdminDashboard))
 9 SYSTEMPATH\CodeIgniter.php(354): CodeIgniter\CodeIgniter->handleRequest(null, Object(Config\Cache), false)
10 SYSTEMPATH\Boot.php(363): CodeIgniter\CodeIgniter->run()
11 SYSTEMPATH\Boot.php(68): CodeIgniter\Boot::runCodeIgniter(Object(CodeIgniter\CodeIgniter))
12 FCPATH\index.php(59): CodeIgniter\Boot::bootWeb(Object(Config\Paths))
13 SYSTEMPATH\rewrite.php(44): require_once('D:\\Kumpulan Project IT\\Project Web\\koperasi-samara\\public\\index.php')
CRITICAL - 2026-08-03 02:56:11 --> [Caused by] mysqli_sql_exception: Column 'nama_lengkap' in where clause is ambiguous
in SYSTEMPATH\Database\MySQLi\Connection.php on line 327.
 1 SYSTEMPATH\Database\MySQLi\Connection.php(327): mysqli->query('SELECT `anggota`.*, `users`.`id` AS `id_user`, `users`.`username` AS `username_user`
FROM `anggota`
LEFT JOIN `users` ON `users`.`id` = `anggota`.`id_anggota`
WHERE `nama_lengkap` LIKE \'%miz%\' ESCAPE \'!\'
OR  `no_ktp` LIKE \'%miz%\' ESCAPE \'!\'
 LIMIT 10', 0)
 2 SYSTEMPATH\Database\BaseConnection.php(729): CodeIgniter\Database\MySQLi\Connection->execute('SELECT `anggota`.*, `users`.`id` AS `id_user`, `users`.`username` AS `username_user`
FROM `anggota`
LEFT JOIN `users` ON `users`.`id` = `anggota`.`id_anggota`
WHERE `nama_lengkap` LIKE \'%miz%\' ESCAPE \'!\'
OR  `no_ktp` LIKE \'%miz%\' ESCAPE \'!\'
 LIMIT 10')
 3 SYSTEMPATH\Database\BaseConnection.php(646): CodeIgniter\Database\BaseConnection->simpleQuery('SELECT `anggota`.*, `users`.`id` AS `id_user`, `users`.`username` AS `username_user`
FROM `anggota`
LEFT JOIN `users` ON `users`.`id` = `anggota`.`id_anggota`
WHERE `nama_lengkap` LIKE \'%miz%\' ESCAPE \'!\'
OR  `no_ktp` LIKE \'%miz%\' ESCAPE \'!\'
 LIMIT 10')
 4 SYSTEMPATH\Database\BaseBuilder.php(1649): CodeIgniter\Database\BaseConnection->query('SELECT `anggota`.*, `users`.`id` AS `id_user`, `users`.`username` AS `username_user`
FROM `anggota`
LEFT JOIN `users` ON `users`.`id` = `anggota`.`id_anggota`
WHERE `nama_lengkap` LIKE :nama_lengkap: ESCAPE \'!\'
OR  `no_ktp` LIKE :no_ktp: ESCAPE \'!\'
 LIMIT 10', [...], false)
 5 SYSTEMPATH\Model.php(286): CodeIgniter\Database\BaseBuilder->get()
 6 SYSTEMPATH\BaseModel.php(677): CodeIgniter\Model->doFindAll(10, 0)
 7 APPPATH\Controllers\AdminDashboard.php(115): CodeIgniter\BaseModel->findAll(10)
 8 SYSTEMPATH\CodeIgniter.php(933): App\Controllers\AdminDashboard->searchAnggota()
 9 SYSTEMPATH\CodeIgniter.php(507): CodeIgniter\CodeIgniter->runController(Object(App\Controllers\AdminDashboard))
10 SYSTEMPATH\CodeIgniter.php(354): CodeIgniter\CodeIgniter->handleRequest(null, Object(Config\Cache), false)
11 SYSTEMPATH\Boot.php(363): CodeIgniter\CodeIgniter->run()
12 SYSTEMPATH\Boot.php(68): CodeIgniter\Boot::runCodeIgniter(Object(CodeIgniter\CodeIgniter))
13 FCPATH\index.php(59): CodeIgniter\Boot::bootWeb(Object(Config\Paths))
14 SYSTEMPATH\rewrite.php(44): require_once('D:\\Kumpulan Project IT\\Project Web\\koperasi-samara\\public\\index.php')
DEBUG - 2026-08-03 02:56:11 --> Session: Class initialized using 'CodeIgniter\Session\Handlers\FileHandler' driver.
ERROR - 2026-08-03 02:56:11 --> mysqli_sql_exception: Column 'nama_lengkap' in where clause is ambiguous in D:\Kumpulan Project IT\Project Web\koperasi-samara\system\Database\MySQLi\Connection.php:327
Stack trace:
#0 D:\Kumpulan Project IT\Project Web\koperasi-samara\system\Database\MySQLi\Connection.php(327): mysqli->query('SELECT `anggota...', 0)
#1 D:\Kumpulan Project IT\Project Web\koperasi-samara\system\Database\BaseConnection.php(729): CodeIgniter\Database\MySQLi\Connection->execute('SELECT `anggota...')
#2 D:\Kumpulan Project IT\Project Web\koperasi-samara\system\Database\BaseConnection.php(646): CodeIgniter\Database\BaseConnection->simpleQuery('SELECT `anggota...')
#3 D:\Kumpulan Project IT\Project Web\koperasi-samara\system\Database\BaseBuilder.php(1649): CodeIgniter\Database\BaseConnection->query('SELECT `anggota...', Array, false)
#4 D:\Kumpulan Project IT\Project Web\koperasi-samara\system\Model.php(286): CodeIgniter\Database\BaseBuilder->get()
#5 D:\Kumpulan Project IT\Project Web\koperasi-samara\system\BaseModel.php(677): CodeIgniter\Model->doFindAll(10, 0)
#6 D:\Kumpulan Project IT\Project Web\koperasi-samara\app\Controllers\AdminDashboard.php(115): CodeIgniter\BaseModel->findAll(10)
#7 D:\Kumpulan Project IT\Project Web\koperasi-samara\system\CodeIgniter.php(933): App\Controllers\AdminDashboard->searchAnggota()
#8 D:\Kumpulan Project IT\Project Web\koperasi-samara\system\CodeIgniter.php(507): CodeIgniter\CodeIgniter->runController(Object(App\Controllers\AdminDashboard))
#9 D:\Kumpulan Project IT\Project Web\koperasi-samara\system\CodeIgniter.php(354): CodeIgniter\CodeIgniter->handleRequest(NULL, Object(Config\Cache), false)
#10 D:\Kumpulan Project IT\Project Web\koperasi-samara\system\Boot.php(363): CodeIgniter\CodeIgniter->run()
#11 D:\Kumpulan Project IT\Project Web\koperasi-samara\system\Boot.php(68): CodeIgniter\Boot::runCodeIgniter(Object(CodeIgniter\CodeIgniter))
#12 D:\Kumpulan Project IT\Project Web\koperasi-samara\public\index.php(59): CodeIgniter\Boot::bootWeb(Object(Config\Paths))
#13 D:\Kumpulan Project IT\Project Web\koperasi-samara\system\rewrite.php(44): require_once('D:\\Kumpulan Pro...')
#14 {main}
CRITICAL - 2026-08-03 02:56:11 --> CodeIgniter\Database\Exceptions\DatabaseException: Column 'nama_lengkap' in where clause is ambiguous
[Method: GET, Route: admin/search-anggota]
in SYSTEMPATH\Database\BaseConnection.php on line 684.
 1 SYSTEMPATH\Database\BaseBuilder.php(1649): CodeIgniter\Database\BaseConnection->query('SELECT `anggota`.*, `users`.`id` AS `id_user`, `users`.`username` AS `username_user`
FROM `anggota`
LEFT JOIN `users` ON `users`.`id` = `anggota`.`id_anggota`
WHERE `nama_lengkap` LIKE :nama_lengkap: ESCAPE \'!\'
OR  `no_ktp` LIKE :no_ktp: ESCAPE \'!\'
 LIMIT 10', [...], false)
 2 SYSTEMPATH\Model.php(286): CodeIgniter\Database\BaseBuilder->get()
 3 SYSTEMPATH\BaseModel.php(677): CodeIgniter\Model->doFindAll(10, 0)
 4 APPPATH\Controllers\AdminDashboard.php(115): CodeIgniter\BaseModel->findAll(10)
 5 SYSTEMPATH\CodeIgniter.php(933): App\Controllers\AdminDashboard->searchAnggota()
 6 SYSTEMPATH\CodeIgniter.php(507): CodeIgniter\CodeIgniter->runController(Object(App\Controllers\AdminDashboard))
 7 SYSTEMPATH\CodeIgniter.php(354): CodeIgniter\CodeIgniter->handleRequest(null, Object(Config\Cache), false)
 8 SYSTEMPATH\Boot.php(363): CodeIgniter\CodeIgniter->run()
 9 SYSTEMPATH\Boot.php(68): CodeIgniter\Boot::runCodeIgniter(Object(CodeIgniter\CodeIgniter))
10 FCPATH\index.php(59): CodeIgniter\Boot::bootWeb(Object(Config\Paths))
11 SYSTEMPATH\rewrite.php(44): require_once('D:\\Kumpulan Project IT\\Project Web\\koperasi-samara\\public\\index.php')
CRITICAL - 2026-08-03 02:56:11 --> [Caused by] CodeIgniter\Database\Exceptions\DatabaseException: Column 'nama_lengkap' in where clause is ambiguous
in SYSTEMPATH\Database\MySQLi\Connection.php on line 332.
 1 SYSTEMPATH\Database\BaseConnection.php(729): CodeIgniter\Database\MySQLi\Connection->execute('SELECT `anggota`.*, `users`.`id` AS `id_user`, `users`.`username` AS `username_user`
FROM `anggota`
LEFT JOIN `users` ON `users`.`id` = `anggota`.`id_anggota`
WHERE `nama_lengkap` LIKE \'%miza%\' ESCAPE \'!\'
OR  `no_ktp` LIKE \'%miza%\' ESCAPE \'!\'
 LIMIT 10')
 2 SYSTEMPATH\Database\BaseConnection.php(646): CodeIgniter\Database\BaseConnection->simpleQuery('SELECT `anggota`.*, `users`.`id` AS `id_user`, `users`.`username` AS `username_user`
FROM `anggota`
LEFT JOIN `users` ON `users`.`id` = `anggota`.`id_anggota`
WHERE `nama_lengkap` LIKE \'%miza%\' ESCAPE \'!\'
OR  `no_ktp` LIKE \'%miza%\' ESCAPE \'!\'
 LIMIT 10')
 3 SYSTEMPATH\Database\BaseBuilder.php(1649): CodeIgniter\Database\BaseConnection->query('SELECT `anggota`.*, `users`.`id` AS `id_user`, `users`.`username` AS `username_user`
FROM `anggota`
LEFT JOIN `users` ON `users`.`id` = `anggota`.`id_anggota`
WHERE `nama_lengkap` LIKE :nama_lengkap: ESCAPE \'!\'
OR  `no_ktp` LIKE :no_ktp: ESCAPE \'!\'
 LIMIT 10', [...], false)
 4 SYSTEMPATH\Model.php(286): CodeIgniter\Database\BaseBuilder->get()
 5 SYSTEMPATH\BaseModel.php(677): CodeIgniter\Model->doFindAll(10, 0)
 6 APPPATH\Controllers\AdminDashboard.php(115): CodeIgniter\BaseModel->findAll(10)
 7 SYSTEMPATH\CodeIgniter.php(933): App\Controllers\AdminDashboard->searchAnggota()
 8 SYSTEMPATH\CodeIgniter.php(507): CodeIgniter\CodeIgniter->runController(Object(App\Controllers\AdminDashboard))
 9 SYSTEMPATH\CodeIgniter.php(354): CodeIgniter\CodeIgniter->handleRequest(null, Object(Config\Cache), false)
10 SYSTEMPATH\Boot.php(363): CodeIgniter\CodeIgniter->run()
11 SYSTEMPATH\Boot.php(68): CodeIgniter\Boot::runCodeIgniter(Object(CodeIgniter\CodeIgniter))
12 FCPATH\index.php(59): CodeIgniter\Boot::bootWeb(Object(Config\Paths))
13 SYSTEMPATH\rewrite.php(44): require_once('D:\\Kumpulan Project IT\\Project Web\\koperasi-samara\\public\\index.php')
CRITICAL - 2026-08-03 02:56:11 --> [Caused by] mysqli_sql_exception: Column 'nama_lengkap' in where clause is ambiguous
in SYSTEMPATH\Database\MySQLi\Connection.php on line 327.
 1 SYSTEMPATH\Database\MySQLi\Connection.php(327): mysqli->query('SELECT `anggota`.*, `users`.`id` AS `id_user`, `users`.`username` AS `username_user`
FROM `anggota`
LEFT JOIN `users` ON `users`.`id` = `anggota`.`id_anggota`
WHERE `nama_lengkap` LIKE \'%miza%\' ESCAPE \'!\'
OR  `no_ktp` LIKE \'%miza%\' ESCAPE \'!\'
 LIMIT 10', 0)
 2 SYSTEMPATH\Database\BaseConnection.php(729): CodeIgniter\Database\MySQLi\Connection->execute('SELECT `anggota`.*, `users`.`id` AS `id_user`, `users`.`username` AS `username_user`
FROM `anggota`
LEFT JOIN `users` ON `users`.`id` = `anggota`.`id_anggota`
WHERE `nama_lengkap` LIKE \'%miza%\' ESCAPE \'!\'
OR  `no_ktp` LIKE \'%miza%\' ESCAPE \'!\'
 LIMIT 10')
 3 SYSTEMPATH\Database\BaseConnection.php(646): CodeIgniter\Database\BaseConnection->simpleQuery('SELECT `anggota`.*, `users`.`id` AS `id_user`, `users`.`username` AS `username_user`
FROM `anggota`
LEFT JOIN `users` ON `users`.`id` = `anggota`.`id_anggota`
WHERE `nama_lengkap` LIKE \'%miza%\' ESCAPE \'!\'
OR  `no_ktp` LIKE \'%miza%\' ESCAPE \'!\'
 LIMIT 10')
 4 SYSTEMPATH\Database\BaseBuilder.php(1649): CodeIgniter\Database\BaseConnection->query('SELECT `anggota`.*, `users`.`id` AS `id_user`, `users`.`username` AS `username_user`
FROM `anggota`
LEFT JOIN `users` ON `users`.`id` = `anggota`.`id_anggota`
WHERE `nama_lengkap` LIKE :nama_lengkap: ESCAPE \'!\'
OR  `no_ktp` LIKE :no_ktp: ESCAPE \'!\'
 LIMIT 10', [...], false)
 5 SYSTEMPATH\Model.php(286): CodeIgniter\Database\BaseBuilder->get()
 6 SYSTEMPATH\BaseModel.php(677): CodeIgniter\Model->doFindAll(10, 0)
 7 APPPATH\Controllers\AdminDashboard.php(115): CodeIgniter\BaseModel->findAll(10)
 8 SYSTEMPATH\CodeIgniter.php(933): App\Controllers\AdminDashboard->searchAnggota()
 9 SYSTEMPATH\CodeIgniter.php(507): CodeIgniter\CodeIgniter->runController(Object(App\Controllers\AdminDashboard))
10 SYSTEMPATH\CodeIgniter.php(354): CodeIgniter\CodeIgniter->handleRequest(null, Object(Config\Cache), false)
11 SYSTEMPATH\Boot.php(363): CodeIgniter\CodeIgniter->run()
12 SYSTEMPATH\Boot.php(68): CodeIgniter\Boot::runCodeIgniter(Object(CodeIgniter\CodeIgniter))
13 FCPATH\index.php(59): CodeIgniter\Boot::bootWeb(Object(Config\Paths))
14 SYSTEMPATH\rewrite.php(44): require_once('D:\\Kumpulan Project IT\\Project Web\\koperasi-samara\\public\\index.php')
DEBUG - 2026-08-03 02:57:26 --> Session: Class initialized using 'CodeIgniter\Session\Handlers\FileHandler' driver.
DEBUG - 2026-08-03 02:57:37 --> Session: Class initialized using 'CodeIgniter\Session\Handlers\FileHandler' driver.
DEBUG - 2026-08-03 02:57:37 --> Session: Class initialized using 'CodeIgniter\Session\Handlers\FileHandler' driver.
DEBUG - 2026-08-03 02:57:41 --> Session: Class initialized using 'CodeIgniter\Session\Handlers\FileHandler' driver.
DEBUG - 2026-08-03 02:57:44 --> Session: Class initialized using 'CodeIgniter\Session\Handlers\FileHandler' driver.
DEBUG - 2026-08-03 02:57:44 --> Session: Class initialized using 'CodeIgniter\Session\Handlers\FileHandler' driver.
DEBUG - 2026-08-03 02:57:45 --> Session: Class initialized using 'CodeIgniter\Session\Handlers\FileHandler' driver.
DEBUG - 2026-08-03 02:57:45 --> Session: Class initialized using 'CodeIgniter\Session\Handlers\FileHandler' driver.
DEBUG - 2026-08-03 02:57:46 --> Session: Class initialized using 'CodeIgniter\Session\Handlers\FileHandler' driver.
ERROR - 2026-08-03 02:57:46 --> mysqli_sql_exception: Column 'nama_lengkap' in where clause is ambiguous in D:\Kumpulan Project IT\Project Web\koperasi-samara\system\Database\MySQLi\Connection.php:327
Stack trace:
#0 D:\Kumpulan Project IT\Project Web\koperasi-samara\system\Database\MySQLi\Connection.php(327): mysqli->query('SELECT `anggota...', 0)
#1 D:\Kumpulan Project IT\Project Web\koperasi-samara\system\Database\BaseConnection.php(729): CodeIgniter\Database\MySQLi\Connection->execute('SELECT `anggota...')
#2 D:\Kumpulan Project IT\Project Web\koperasi-samara\system\Database\BaseConnection.php(646): CodeIgniter\Database\BaseConnection->simpleQuery('SELECT `anggota...')
#3 D:\Kumpulan Project IT\Project Web\koperasi-samara\system\Database\BaseBuilder.php(1649): CodeIgniter\Database\BaseConnection->query('SELECT `anggota...', Array, false)
#4 D:\Kumpulan Project IT\Project Web\koperasi-samara\system\Model.php(286): CodeIgniter\Database\BaseBuilder->get()
#5 D:\Kumpulan Project IT\Project Web\koperasi-samara\system\BaseModel.php(677): CodeIgniter\Model->doFindAll(10, 0)
#6 D:\Kumpulan Project IT\Project Web\koperasi-samara\app\Controllers\AdminDashboard.php(115): CodeIgniter\BaseModel->findAll(10)
#7 D:\Kumpulan Project IT\Project Web\koperasi-samara\system\CodeIgniter.php(933): App\Controllers\AdminDashboard->searchAnggota()
#8 D:\Kumpulan Project IT\Project Web\koperasi-samara\system\CodeIgniter.php(507): CodeIgniter\CodeIgniter->runController(Object(App\Controllers\AdminDashboard))
#9 D:\Kumpulan Project IT\Project Web\koperasi-samara\system\CodeIgniter.php(354): CodeIgniter\CodeIgniter->handleRequest(NULL, Object(Config\Cache), false)
#10 D:\Kumpulan Project IT\Project Web\koperasi-samara\system\Boot.php(363): CodeIgniter\CodeIgniter->run()
#11 D:\Kumpulan Project IT\Project Web\koperasi-samara\system\Boot.php(68): CodeIgniter\Boot::runCodeIgniter(Object(CodeIgniter\CodeIgniter))
#12 D:\Kumpulan Project IT\Project Web\koperasi-samara\public\index.php(59): CodeIgniter\Boot::bootWeb(Object(Config\Paths))
#13 D:\Kumpulan Project IT\Project Web\koperasi-samara\system\rewrite.php(44): require_once('D:\\Kumpulan Pro...')
#14 {main}
CRITICAL - 2026-08-03 02:57:46 --> CodeIgniter\Database\Exceptions\DatabaseException: Column 'nama_lengkap' in where clause is ambiguous
[Method: GET, Route: admin/search-anggota]
in SYSTEMPATH\Database\BaseConnection.php on line 684.
 1 SYSTEMPATH\Database\BaseBuilder.php(1649): CodeIgniter\Database\BaseConnection->query('SELECT `anggota`.*, `users`.`id` AS `id_user`, `users`.`username` AS `username_user`
FROM `anggota`
LEFT JOIN `users` ON `users`.`id` = `anggota`.`id_anggota`
WHERE `nama_lengkap` LIKE :nama_lengkap: ESCAPE \'!\'
OR  `no_ktp` LIKE :no_ktp: ESCAPE \'!\'
 LIMIT 10', [...], false)
 2 SYSTEMPATH\Model.php(286): CodeIgniter\Database\BaseBuilder->get()
 3 SYSTEMPATH\BaseModel.php(677): CodeIgniter\Model->doFindAll(10, 0)
 4 APPPATH\Controllers\AdminDashboard.php(115): CodeIgniter\BaseModel->findAll(10)
 5 SYSTEMPATH\CodeIgniter.php(933): App\Controllers\AdminDashboard->searchAnggota()
 6 SYSTEMPATH\CodeIgniter.php(507): CodeIgniter\CodeIgniter->runController(Object(App\Controllers\AdminDashboard))
 7 SYSTEMPATH\CodeIgniter.php(354): CodeIgniter\CodeIgniter->handleRequest(null, Object(Config\Cache), false)
 8 SYSTEMPATH\Boot.php(363): CodeIgniter\CodeIgniter->run()
 9 SYSTEMPATH\Boot.php(68): CodeIgniter\Boot::runCodeIgniter(Object(CodeIgniter\CodeIgniter))
10 FCPATH\index.php(59): CodeIgniter\Boot::bootWeb(Object(Config\Paths))
11 SYSTEMPATH\rewrite.php(44): require_once('D:\\Kumpulan Project IT\\Project Web\\koperasi-samara\\public\\index.php')
CRITICAL - 2026-08-03 02:57:46 --> [Caused by] CodeIgniter\Database\Exceptions\DatabaseException: Column 'nama_lengkap' in where clause is ambiguous
in SYSTEMPATH\Database\MySQLi\Connection.php on line 332.
 1 SYSTEMPATH\Database\BaseConnection.php(729): CodeIgniter\Database\MySQLi\Connection->execute('SELECT `anggota`.*, `users`.`id` AS `id_user`, `users`.`username` AS `username_user`
FROM `anggota`
LEFT JOIN `users` ON `users`.`id` = `anggota`.`id_anggota`
WHERE `nama_lengkap` LIKE \'%m%\' ESCAPE \'!\'
OR  `no_ktp` LIKE \'%m%\' ESCAPE \'!\'
 LIMIT 10')
 2 SYSTEMPATH\Database\BaseConnection.php(646): CodeIgniter\Database\BaseConnection->simpleQuery('SELECT `anggota`.*, `users`.`id` AS `id_user`, `users`.`username` AS `username_user`
FROM `anggota`
LEFT JOIN `users` ON `users`.`id` = `anggota`.`id_anggota`
WHERE `nama_lengkap` LIKE \'%m%\' ESCAPE \'!\'
OR  `no_ktp` LIKE \'%m%\' ESCAPE \'!\'
 LIMIT 10')
 3 SYSTEMPATH\Database\BaseBuilder.php(1649): CodeIgniter\Database\BaseConnection->query('SELECT `anggota`.*, `users`.`id` AS `id_user`, `users`.`username` AS `username_user`
FROM `anggota`
LEFT JOIN `users` ON `users`.`id` = `anggota`.`id_anggota`
WHERE `nama_lengkap` LIKE :nama_lengkap: ESCAPE \'!\'
OR  `no_ktp` LIKE :no_ktp: ESCAPE \'!\'
 LIMIT 10', [...], false)
 4 SYSTEMPATH\Model.php(286): CodeIgniter\Database\BaseBuilder->get()
 5 SYSTEMPATH\BaseModel.php(677): CodeIgniter\Model->doFindAll(10, 0)
 6 APPPATH\Controllers\AdminDashboard.php(115): CodeIgniter\BaseModel->findAll(10)
 7 SYSTEMPATH\CodeIgniter.php(933): App\Controllers\AdminDashboard->searchAnggota()
 8 SYSTEMPATH\CodeIgniter.php(507): CodeIgniter\CodeIgniter->runController(Object(App\Controllers\AdminDashboard))
 9 SYSTEMPATH\CodeIgniter.php(354): CodeIgniter\CodeIgniter->handleRequest(null, Object(Config\Cache), false)
10 SYSTEMPATH\Boot.php(363): CodeIgniter\CodeIgniter->run()
11 SYSTEMPATH\Boot.php(68): CodeIgniter\Boot::runCodeIgniter(Object(CodeIgniter\CodeIgniter))
12 FCPATH\index.php(59): CodeIgniter\Boot::bootWeb(Object(Config\Paths))
13 SYSTEMPATH\rewrite.php(44): require_once('D:\\Kumpulan Project IT\\Project Web\\koperasi-samara\\public\\index.php')
CRITICAL - 2026-08-03 02:57:46 --> [Caused by] mysqli_sql_exception: Column 'nama_lengkap' in where clause is ambiguous
in SYSTEMPATH\Database\MySQLi\Connection.php on line 327.
 1 SYSTEMPATH\Database\MySQLi\Connection.php(327): mysqli->query('SELECT `anggota`.*, `users`.`id` AS `id_user`, `users`.`username` AS `username_user`
FROM `anggota`
LEFT JOIN `users` ON `users`.`id` = `anggota`.`id_anggota`
WHERE `nama_lengkap` LIKE \'%m%\' ESCAPE \'!\'
OR  `no_ktp` LIKE \'%m%\' ESCAPE \'!\'
 LIMIT 10', 0)
 2 SYSTEMPATH\Database\BaseConnection.php(729): CodeIgniter\Database\MySQLi\Connection->execute('SELECT `anggota`.*, `users`.`id` AS `id_user`, `users`.`username` AS `username_user`
FROM `anggota`
LEFT JOIN `users` ON `users`.`id` = `anggota`.`id_anggota`
WHERE `nama_lengkap` LIKE \'%m%\' ESCAPE \'!\'
OR  `no_ktp` LIKE \'%m%\' ESCAPE \'!\'
 LIMIT 10')
 3 SYSTEMPATH\Database\BaseConnection.php(646): CodeIgniter\Database\BaseConnection->simpleQuery('SELECT `anggota`.*, `users`.`id` AS `id_user`, `users`.`username` AS `username_user`
FROM `anggota`
LEFT JOIN `users` ON `users`.`id` = `anggota`.`id_anggota`
WHERE `nama_lengkap` LIKE \'%m%\' ESCAPE \'!\'
OR  `no_ktp` LIKE \'%m%\' ESCAPE \'!\'
 LIMIT 10')
 4 SYSTEMPATH\Database\BaseBuilder.php(1649): CodeIgniter\Database\BaseConnection->query('SELECT `anggota`.*, `users`.`id` AS `id_user`, `users`.`username` AS `username_user`
FROM `anggota`
LEFT JOIN `users` ON `users`.`id` = `anggota`.`id_anggota`
WHERE `nama_lengkap` LIKE :nama_lengkap: ESCAPE \'!\'
OR  `no_ktp` LIKE :no_ktp: ESCAPE \'!\'
 LIMIT 10', [...], false)
 5 SYSTEMPATH\Model.php(286): CodeIgniter\Database\BaseBuilder->get()
 6 SYSTEMPATH\BaseModel.php(677): CodeIgniter\Model->doFindAll(10, 0)
 7 APPPATH\Controllers\AdminDashboard.php(115): CodeIgniter\BaseModel->findAll(10)
 8 SYSTEMPATH\CodeIgniter.php(933): App\Controllers\AdminDashboard->searchAnggota()
 9 SYSTEMPATH\CodeIgniter.php(507): CodeIgniter\CodeIgniter->runController(Object(App\Controllers\AdminDashboard))
10 SYSTEMPATH\CodeIgniter.php(354): CodeIgniter\CodeIgniter->handleRequest(null, Object(Config\Cache), false)
11 SYSTEMPATH\Boot.php(363): CodeIgniter\CodeIgniter->run()
12 SYSTEMPATH\Boot.php(68): CodeIgniter\Boot::runCodeIgniter(Object(CodeIgniter\CodeIgniter))
13 FCPATH\index.php(59): CodeIgniter\Boot::bootWeb(Object(Config\Paths))
14 SYSTEMPATH\rewrite.php(44): require_once('D:\\Kumpulan Project IT\\Project Web\\koperasi-samara\\public\\index.php')
DEBUG - 2026-08-03 02:57:46 --> Session: Class initialized using 'CodeIgniter\Session\Handlers\FileHandler' driver.
ERROR - 2026-08-03 02:57:46 --> mysqli_sql_exception: Column 'nama_lengkap' in where clause is ambiguous in D:\Kumpulan Project IT\Project Web\koperasi-samara\system\Database\MySQLi\Connection.php:327
Stack trace:
#0 D:\Kumpulan Project IT\Project Web\koperasi-samara\system\Database\MySQLi\Connection.php(327): mysqli->query('SELECT `anggota...', 0)
#1 D:\Kumpulan Project IT\Project Web\koperasi-samara\system\Database\BaseConnection.php(729): CodeIgniter\Database\MySQLi\Connection->execute('SELECT `anggota...')
#2 D:\Kumpulan Project IT\Project Web\koperasi-samara\system\Database\BaseConnection.php(646): CodeIgniter\Database\BaseConnection->simpleQuery('SELECT `anggota...')
#3 D:\Kumpulan Project IT\Project Web\koperasi-samara\system\Database\BaseBuilder.php(1649): CodeIgniter\Database\BaseConnection->query('SELECT `anggota...', Array, false)
#4 D:\Kumpulan Project IT\Project Web\koperasi-samara\system\Model.php(286): CodeIgniter\Database\BaseBuilder->get()
#5 D:\Kumpulan Project IT\Project Web\koperasi-samara\system\BaseModel.php(677): CodeIgniter\Model->doFindAll(10, 0)
#6 D:\Kumpulan Project IT\Project Web\koperasi-samara\app\Controllers\AdminDashboard.php(115): CodeIgniter\BaseModel->findAll(10)
#7 D:\Kumpulan Project IT\Project Web\koperasi-samara\system\CodeIgniter.php(933): App\Controllers\AdminDashboard->searchAnggota()
#8 D:\Kumpulan Project IT\Project Web\koperasi-samara\system\CodeIgniter.php(507): CodeIgniter\CodeIgniter->runController(Object(App\Controllers\AdminDashboard))
#9 D:\Kumpulan Project IT\Project Web\koperasi-samara\system\CodeIgniter.php(354): CodeIgniter\CodeIgniter->handleRequest(NULL, Object(Config\Cache), false)
#10 D:\Kumpulan Project IT\Project Web\koperasi-samara\system\Boot.php(363): CodeIgniter\CodeIgniter->run()
#11 D:\Kumpulan Project IT\Project Web\koperasi-samara\system\Boot.php(68): CodeIgniter\Boot::runCodeIgniter(Object(CodeIgniter\CodeIgniter))
#12 D:\Kumpulan Project IT\Project Web\koperasi-samara\public\index.php(59): CodeIgniter\Boot::bootWeb(Object(Config\Paths))
#13 D:\Kumpulan Project IT\Project Web\koperasi-samara\system\rewrite.php(44): require_once('D:\\Kumpulan Pro...')
#14 {main}
CRITICAL - 2026-08-03 02:57:46 --> CodeIgniter\Database\Exceptions\DatabaseException: Column 'nama_lengkap' in where clause is ambiguous
[Method: GET, Route: admin/search-anggota]
in SYSTEMPATH\Database\BaseConnection.php on line 684.
 1 SYSTEMPATH\Database\BaseBuilder.php(1649): CodeIgniter\Database\BaseConnection->query('SELECT `anggota`.*, `users`.`id` AS `id_user`, `users`.`username` AS `username_user`
FROM `anggota`
LEFT JOIN `users` ON `users`.`id` = `anggota`.`id_anggota`
WHERE `nama_lengkap` LIKE :nama_lengkap: ESCAPE \'!\'
OR  `no_ktp` LIKE :no_ktp: ESCAPE \'!\'
 LIMIT 10', [...], false)
 2 SYSTEMPATH\Model.php(286): CodeIgniter\Database\BaseBuilder->get()
 3 SYSTEMPATH\BaseModel.php(677): CodeIgniter\Model->doFindAll(10, 0)
 4 APPPATH\Controllers\AdminDashboard.php(115): CodeIgniter\BaseModel->findAll(10)
 5 SYSTEMPATH\CodeIgniter.php(933): App\Controllers\AdminDashboard->searchAnggota()
 6 SYSTEMPATH\CodeIgniter.php(507): CodeIgniter\CodeIgniter->runController(Object(App\Controllers\AdminDashboard))
 7 SYSTEMPATH\CodeIgniter.php(354): CodeIgniter\CodeIgniter->handleRequest(null, Object(Config\Cache), false)
 8 SYSTEMPATH\Boot.php(363): CodeIgniter\CodeIgniter->run()
 9 SYSTEMPATH\Boot.php(68): CodeIgniter\Boot::runCodeIgniter(Object(CodeIgniter\CodeIgniter))
10 FCPATH\index.php(59): CodeIgniter\Boot::bootWeb(Object(Config\Paths))
11 SYSTEMPATH\rewrite.php(44): require_once('D:\\Kumpulan Project IT\\Project Web\\koperasi-samara\\public\\index.php')
CRITICAL - 2026-08-03 02:57:46 --> [Caused by] CodeIgniter\Database\Exceptions\DatabaseException: Column 'nama_lengkap' in where clause is ambiguous
in SYSTEMPATH\Database\MySQLi\Connection.php on line 332.
 1 SYSTEMPATH\Database\BaseConnection.php(729): CodeIgniter\Database\MySQLi\Connection->execute('SELECT `anggota`.*, `users`.`id` AS `id_user`, `users`.`username` AS `username_user`
FROM `anggota`
LEFT JOIN `users` ON `users`.`id` = `anggota`.`id_anggota`
WHERE `nama_lengkap` LIKE \'%mi%\' ESCAPE \'!\'
OR  `no_ktp` LIKE \'%mi%\' ESCAPE \'!\'
 LIMIT 10')
 2 SYSTEMPATH\Database\BaseConnection.php(646): CodeIgniter\Database\BaseConnection->simpleQuery('SELECT `anggota`.*, `users`.`id` AS `id_user`, `users`.`username` AS `username_user`
FROM `anggota`
LEFT JOIN `users` ON `users`.`id` = `anggota`.`id_anggota`
WHERE `nama_lengkap` LIKE \'%mi%\' ESCAPE \'!\'
OR  `no_ktp` LIKE \'%mi%\' ESCAPE \'!\'
 LIMIT 10')
 3 SYSTEMPATH\Database\BaseBuilder.php(1649): CodeIgniter\Database\BaseConnection->query('SELECT `anggota`.*, `users`.`id` AS `id_user`, `users`.`username` AS `username_user`
FROM `anggota`
LEFT JOIN `users` ON `users`.`id` = `anggota`.`id_anggota`
WHERE `nama_lengkap` LIKE :nama_lengkap: ESCAPE \'!\'
OR  `no_ktp` LIKE :no_ktp: ESCAPE \'!\'
 LIMIT 10', [...], false)
 4 SYSTEMPATH\Model.php(286): CodeIgniter\Database\BaseBuilder->get()
 5 SYSTEMPATH\BaseModel.php(677): CodeIgniter\Model->doFindAll(10, 0)
 6 APPPATH\Controllers\AdminDashboard.php(115): CodeIgniter\BaseModel->findAll(10)
 7 SYSTEMPATH\CodeIgniter.php(933): App\Controllers\AdminDashboard->searchAnggota()
 8 SYSTEMPATH\CodeIgniter.php(507): CodeIgniter\CodeIgniter->runController(Object(App\Controllers\AdminDashboard))
 9 SYSTEMPATH\CodeIgniter.php(354): CodeIgniter\CodeIgniter->handleRequest(null, Object(Config\Cache), false)
10 SYSTEMPATH\Boot.php(363): CodeIgniter\CodeIgniter->run()
11 SYSTEMPATH\Boot.php(68): CodeIgniter\Boot::runCodeIgniter(Object(CodeIgniter\CodeIgniter))
12 FCPATH\index.php(59): CodeIgniter\Boot::bootWeb(Object(Config\Paths))
13 SYSTEMPATH\rewrite.php(44): require_once('D:\\Kumpulan Project IT\\Project Web\\koperasi-samara\\public\\index.php')
CRITICAL - 2026-08-03 02:57:46 --> [Caused by] mysqli_sql_exception: Column 'nama_lengkap' in where clause is ambiguous
in SYSTEMPATH\Database\MySQLi\Connection.php on line 327.
 1 SYSTEMPATH\Database\MySQLi\Connection.php(327): mysqli->query('SELECT `anggota`.*, `users`.`id` AS `id_user`, `users`.`username` AS `username_user`
FROM `anggota`
LEFT JOIN `users` ON `users`.`id` = `anggota`.`id_anggota`
WHERE `nama_lengkap` LIKE \'%mi%\' ESCAPE \'!\'
OR  `no_ktp` LIKE \'%mi%\' ESCAPE \'!\'
 LIMIT 10', 0)
 2 SYSTEMPATH\Database\BaseConnection.php(729): CodeIgniter\Database\MySQLi\Connection->execute('SELECT `anggota`.*, `users`.`id` AS `id_user`, `users`.`username` AS `username_user`
FROM `anggota`
LEFT JOIN `users` ON `users`.`id` = `anggota`.`id_anggota`
WHERE `nama_lengkap` LIKE \'%mi%\' ESCAPE \'!\'
OR  `no_ktp` LIKE \'%mi%\' ESCAPE \'!\'
 LIMIT 10')
 3 SYSTEMPATH\Database\BaseConnection.php(646): CodeIgniter\Database\BaseConnection->simpleQuery('SELECT `anggota`.*, `users`.`id` AS `id_user`, `users`.`username` AS `username_user`
FROM `anggota`
LEFT JOIN `users` ON `users`.`id` = `anggota`.`id_anggota`
WHERE `nama_lengkap` LIKE \'%mi%\' ESCAPE \'!\'
OR  `no_ktp` LIKE \'%mi%\' ESCAPE \'!\'
 LIMIT 10')
 4 SYSTEMPATH\Database\BaseBuilder.php(1649): CodeIgniter\Database\BaseConnection->query('SELECT `anggota`.*, `users`.`id` AS `id_user`, `users`.`username` AS `username_user`
FROM `anggota`
LEFT JOIN `users` ON `users`.`id` = `anggota`.`id_anggota`
WHERE `nama_lengkap` LIKE :nama_lengkap: ESCAPE \'!\'
OR  `no_ktp` LIKE :no_ktp: ESCAPE \'!\'
 LIMIT 10', [...], false)
 5 SYSTEMPATH\Model.php(286): CodeIgniter\Database\BaseBuilder->get()
 6 SYSTEMPATH\BaseModel.php(677): CodeIgniter\Model->doFindAll(10, 0)
 7 APPPATH\Controllers\AdminDashboard.php(115): CodeIgniter\BaseModel->findAll(10)
 8 SYSTEMPATH\CodeIgniter.php(933): App\Controllers\AdminDashboard->searchAnggota()
 9 SYSTEMPATH\CodeIgniter.php(507): CodeIgniter\CodeIgniter->runController(Object(App\Controllers\AdminDashboard))
10 SYSTEMPATH\CodeIgniter.php(354): CodeIgniter\CodeIgniter->handleRequest(null, Object(Config\Cache), false)
11 SYSTEMPATH\Boot.php(363): CodeIgniter\CodeIgniter->run()
12 SYSTEMPATH\Boot.php(68): CodeIgniter\Boot::runCodeIgniter(Object(CodeIgniter\CodeIgniter))
13 FCPATH\index.php(59): CodeIgniter\Boot::bootWeb(Object(Config\Paths))
14 SYSTEMPATH\rewrite.php(44): require_once('D:\\Kumpulan Project IT\\Project Web\\koperasi-samara\\public\\index.php')
DEBUG - 2026-08-03 02:57:47 --> Session: Class initialized using 'CodeIgniter\Session\Handlers\FileHandler' driver.
ERROR - 2026-08-03 02:57:47 --> mysqli_sql_exception: Column 'nama_lengkap' in where clause is ambiguous in D:\Kumpulan Project IT\Project Web\koperasi-samara\system\Database\MySQLi\Connection.php:327
Stack trace:
#0 D:\Kumpulan Project IT\Project Web\koperasi-samara\system\Database\MySQLi\Connection.php(327): mysqli->query('SELECT `anggota...', 0)
#1 D:\Kumpulan Project IT\Project Web\koperasi-samara\system\Database\BaseConnection.php(729): CodeIgniter\Database\MySQLi\Connection->execute('SELECT `anggota...')
#2 D:\Kumpulan Project IT\Project Web\koperasi-samara\system\Database\BaseConnection.php(646): CodeIgniter\Database\BaseConnection->simpleQuery('SELECT `anggota...')
#3 D:\Kumpulan Project IT\Project Web\koperasi-samara\system\Database\BaseBuilder.php(1649): CodeIgniter\Database\BaseConnection->query('SELECT `anggota...', Array, false)
#4 D:\Kumpulan Project IT\Project Web\koperasi-samara\system\Model.php(286): CodeIgniter\Database\BaseBuilder->get()
#5 D:\Kumpulan Project IT\Project Web\koperasi-samara\system\BaseModel.php(677): CodeIgniter\Model->doFindAll(10, 0)
#6 D:\Kumpulan Project IT\Project Web\koperasi-samara\app\Controllers\AdminDashboard.php(115): CodeIgniter\BaseModel->findAll(10)
#7 D:\Kumpulan Project IT\Project Web\koperasi-samara\system\CodeIgniter.php(933): App\Controllers\AdminDashboard->searchAnggota()
#8 D:\Kumpulan Project IT\Project Web\koperasi-samara\system\CodeIgniter.php(507): CodeIgniter\CodeIgniter->runController(Object(App\Controllers\AdminDashboard))
#9 D:\Kumpulan Project IT\Project Web\koperasi-samara\system\CodeIgniter.php(354): CodeIgniter\CodeIgniter->handleRequest(NULL, Object(Config\Cache), false)
#10 D:\Kumpulan Project IT\Project Web\koperasi-samara\system\Boot.php(363): CodeIgniter\CodeIgniter->run()
#11 D:\Kumpulan Project IT\Project Web\koperasi-samara\system\Boot.php(68): CodeIgniter\Boot::runCodeIgniter(Object(CodeIgniter\CodeIgniter))
#12 D:\Kumpulan Project IT\Project Web\koperasi-samara\public\index.php(59): CodeIgniter\Boot::bootWeb(Object(Config\Paths))
#13 D:\Kumpulan Project IT\Project Web\koperasi-samara\system\rewrite.php(44): require_once('D:\\Kumpulan Pro...')
#14 {main}
CRITICAL - 2026-08-03 02:57:47 --> CodeIgniter\Database\Exceptions\DatabaseException: Column 'nama_lengkap' in where clause is ambiguous
[Method: GET, Route: admin/search-anggota]
in SYSTEMPATH\Database\BaseConnection.php on line 684.
 1 SYSTEMPATH\Database\BaseBuilder.php(1649): CodeIgniter\Database\BaseConnection->query('SELECT `anggota`.*, `users`.`id` AS `id_user`, `users`.`username` AS `username_user`
FROM `anggota`
LEFT JOIN `users` ON `users`.`id` = `anggota`.`id_anggota`
WHERE `nama_lengkap` LIKE :nama_lengkap: ESCAPE \'!\'
OR  `no_ktp` LIKE :no_ktp: ESCAPE \'!\'
 LIMIT 10', [...], false)
 2 SYSTEMPATH\Model.php(286): CodeIgniter\Database\BaseBuilder->get()
 3 SYSTEMPATH\BaseModel.php(677): CodeIgniter\Model->doFindAll(10, 0)
 4 APPPATH\Controllers\AdminDashboard.php(115): CodeIgniter\BaseModel->findAll(10)
 5 SYSTEMPATH\CodeIgniter.php(933): App\Controllers\AdminDashboard->searchAnggota()
 6 SYSTEMPATH\CodeIgniter.php(507): CodeIgniter\CodeIgniter->runController(Object(App\Controllers\AdminDashboard))
 7 SYSTEMPATH\CodeIgniter.php(354): CodeIgniter\CodeIgniter->handleRequest(null, Object(Config\Cache), false)
 8 SYSTEMPATH\Boot.php(363): CodeIgniter\CodeIgniter->run()
 9 SYSTEMPATH\Boot.php(68): CodeIgniter\Boot::runCodeIgniter(Object(CodeIgniter\CodeIgniter))
10 FCPATH\index.php(59): CodeIgniter\Boot::bootWeb(Object(Config\Paths))
11 SYSTEMPATH\rewrite.php(44): require_once('D:\\Kumpulan Project IT\\Project Web\\koperasi-samara\\public\\index.php')
CRITICAL - 2026-08-03 02:57:47 --> [Caused by] CodeIgniter\Database\Exceptions\DatabaseException: Column 'nama_lengkap' in where clause is ambiguous
in SYSTEMPATH\Database\MySQLi\Connection.php on line 332.
 1 SYSTEMPATH\Database\BaseConnection.php(729): CodeIgniter\Database\MySQLi\Connection->execute('SELECT `anggota`.*, `users`.`id` AS `id_user`, `users`.`username` AS `username_user`
FROM `anggota`
LEFT JOIN `users` ON `users`.`id` = `anggota`.`id_anggota`
WHERE `nama_lengkap` LIKE \'%miz%\' ESCAPE \'!\'
OR  `no_ktp` LIKE \'%miz%\' ESCAPE \'!\'
 LIMIT 10')
 2 SYSTEMPATH\Database\BaseConnection.php(646): CodeIgniter\Database\BaseConnection->simpleQuery('SELECT `anggota`.*, `users`.`id` AS `id_user`, `users`.`username` AS `username_user`
FROM `anggota`
LEFT JOIN `users` ON `users`.`id` = `anggota`.`id_anggota`
WHERE `nama_lengkap` LIKE \'%miz%\' ESCAPE \'!\'
OR  `no_ktp` LIKE \'%miz%\' ESCAPE \'!\'
 LIMIT 10')
 3 SYSTEMPATH\Database\BaseBuilder.php(1649): CodeIgniter\Database\BaseConnection->query('SELECT `anggota`.*, `users`.`id` AS `id_user`, `users`.`username` AS `username_user`
FROM `anggota`
LEFT JOIN `users` ON `users`.`id` = `anggota`.`id_anggota`
WHERE `nama_lengkap` LIKE :nama_lengkap: ESCAPE \'!\'
OR  `no_ktp` LIKE :no_ktp: ESCAPE \'!\'
 LIMIT 10', [...], false)
 4 SYSTEMPATH\Model.php(286): CodeIgniter\Database\BaseBuilder->get()
 5 SYSTEMPATH\BaseModel.php(677): CodeIgniter\Model->doFindAll(10, 0)
 6 APPPATH\Controllers\AdminDashboard.php(115): CodeIgniter\BaseModel->findAll(10)
 7 SYSTEMPATH\CodeIgniter.php(933): App\Controllers\AdminDashboard->searchAnggota()
 8 SYSTEMPATH\CodeIgniter.php(507): CodeIgniter\CodeIgniter->runController(Object(App\Controllers\AdminDashboard))
 9 SYSTEMPATH\CodeIgniter.php(354): CodeIgniter\CodeIgniter->handleRequest(null, Object(Config\Cache), false)
10 SYSTEMPATH\Boot.php(363): CodeIgniter\CodeIgniter->run()
11 SYSTEMPATH\Boot.php(68): CodeIgniter\Boot::runCodeIgniter(Object(CodeIgniter\CodeIgniter))
12 FCPATH\index.php(59): CodeIgniter\Boot::bootWeb(Object(Config\Paths))
13 SYSTEMPATH\rewrite.php(44): require_once('D:\\Kumpulan Project IT\\Project Web\\koperasi-samara\\public\\index.php')
CRITICAL - 2026-08-03 02:57:47 --> [Caused by] mysqli_sql_exception: Column 'nama_lengkap' in where clause is ambiguous
in SYSTEMPATH\Database\MySQLi\Connection.php on line 327.
 1 SYSTEMPATH\Database\MySQLi\Connection.php(327): mysqli->query('SELECT `anggota`.*, `users`.`id` AS `id_user`, `users`.`username` AS `username_user`
FROM `anggota`
LEFT JOIN `users` ON `users`.`id` = `anggota`.`id_anggota`
WHERE `nama_lengkap` LIKE \'%miz%\' ESCAPE \'!\'
OR  `no_ktp` LIKE \'%miz%\' ESCAPE \'!\'
 LIMIT 10', 0)
 2 SYSTEMPATH\Database\BaseConnection.php(729): CodeIgniter\Database\MySQLi\Connection->execute('SELECT `anggota`.*, `users`.`id` AS `id_user`, `users`.`username` AS `username_user`
FROM `anggota`
LEFT JOIN `users` ON `users`.`id` = `anggota`.`id_anggota`
WHERE `nama_lengkap` LIKE \'%miz%\' ESCAPE \'!\'
OR  `no_ktp` LIKE \'%miz%\' ESCAPE \'!\'
 LIMIT 10')
 3 SYSTEMPATH\Database\BaseConnection.php(646): CodeIgniter\Database\BaseConnection->simpleQuery('SELECT `anggota`.*, `users`.`id` AS `id_user`, `users`.`username` AS `username_user`
FROM `anggota`
LEFT JOIN `users` ON `users`.`id` = `anggota`.`id_anggota`
WHERE `nama_lengkap` LIKE \'%miz%\' ESCAPE \'!\'
OR  `no_ktp` LIKE \'%miz%\' ESCAPE \'!\'
 LIMIT 10')
 4 SYSTEMPATH\Database\BaseBuilder.php(1649): CodeIgniter\Database\BaseConnection->query('SELECT `anggota`.*, `users`.`id` AS `id_user`, `users`.`username` AS `username_user`
FROM `anggota`
LEFT JOIN `users` ON `users`.`id` = `anggota`.`id_anggota`
WHERE `nama_lengkap` LIKE :nama_lengkap: ESCAPE \'!\'
OR  `no_ktp` LIKE :no_ktp: ESCAPE \'!\'
 LIMIT 10', [...], false)
 5 SYSTEMPATH\Model.php(286): CodeIgniter\Database\BaseBuilder->get()
 6 SYSTEMPATH\BaseModel.php(677): CodeIgniter\Model->doFindAll(10, 0)
 7 APPPATH\Controllers\AdminDashboard.php(115): CodeIgniter\BaseModel->findAll(10)
 8 SYSTEMPATH\CodeIgniter.php(933): App\Controllers\AdminDashboard->searchAnggota()
 9 SYSTEMPATH\CodeIgniter.php(507): CodeIgniter\CodeIgniter->runController(Object(App\Controllers\AdminDashboard))
10 SYSTEMPATH\CodeIgniter.php(354): CodeIgniter\CodeIgniter->handleRequest(null, Object(Config\Cache), false)
11 SYSTEMPATH\Boot.php(363): CodeIgniter\CodeIgniter->run()
12 SYSTEMPATH\Boot.php(68): CodeIgniter\Boot::runCodeIgniter(Object(CodeIgniter\CodeIgniter))
13 FCPATH\index.php(59): CodeIgniter\Boot::bootWeb(Object(Config\Paths))
14 SYSTEMPATH\rewrite.php(44): require_once('D:\\Kumpulan Project IT\\Project Web\\koperasi-samara\\public\\index.php')
DEBUG - 2026-08-03 02:57:58 --> Session: Class initialized using 'CodeIgniter\Session\Handlers\FileHandler' driver.
DEBUG - 2026-08-03 02:58:04 --> Session: Class initialized using 'CodeIgniter\Session\Handlers\FileHandler' driver.
DEBUG - 2026-08-03 02:58:06 --> Session: Class initialized using 'CodeIgniter\Session\Handlers\FileHandler' driver.
DEBUG - 2026-08-03 02:58:10 --> Session: Class initialized using 'CodeIgniter\Session\Handlers\FileHandler' driver.
ERROR - 2026-08-03 02:58:10 --> mysqli_sql_exception: Column 'nama_lengkap' in where clause is ambiguous in D:\Kumpulan Project IT\Project Web\koperasi-samara\system\Database\MySQLi\Connection.php:327
Stack trace:
#0 D:\Kumpulan Project IT\Project Web\koperasi-samara\system\Database\MySQLi\Connection.php(327): mysqli->query('SELECT `anggota...', 0)
#1 D:\Kumpulan Project IT\Project Web\koperasi-samara\system\Database\BaseConnection.php(729): CodeIgniter\Database\MySQLi\Connection->execute('SELECT `anggota...')
#2 D:\Kumpulan Project IT\Project Web\koperasi-samara\system\Database\BaseConnection.php(646): CodeIgniter\Database\BaseConnection->simpleQuery('SELECT `anggota...')
#3 D:\Kumpulan Project IT\Project Web\koperasi-samara\system\Database\BaseBuilder.php(1649): CodeIgniter\Database\BaseConnection->query('SELECT `anggota...', Array, false)
#4 D:\Kumpulan Project IT\Project Web\koperasi-samara\system\Model.php(286): CodeIgniter\Database\BaseBuilder->get()
#5 D:\Kumpulan Project IT\Project Web\koperasi-samara\system\BaseModel.php(677): CodeIgniter\Model->doFindAll(10, 0)
#6 D:\Kumpulan Project IT\Project Web\koperasi-samara\app\Controllers\AdminDashboard.php(115): CodeIgniter\BaseModel->findAll(10)
#7 D:\Kumpulan Project IT\Project Web\koperasi-samara\system\CodeIgniter.php(933): App\Controllers\AdminDashboard->searchAnggota()
#8 D:\Kumpulan Project IT\Project Web\koperasi-samara\system\CodeIgniter.php(507): CodeIgniter\CodeIgniter->runController(Object(App\Controllers\AdminDashboard))
#9 D:\Kumpulan Project IT\Project Web\koperasi-samara\system\CodeIgniter.php(354): CodeIgniter\CodeIgniter->handleRequest(NULL, Object(Config\Cache), false)
#10 D:\Kumpulan Project IT\Project Web\koperasi-samara\system\Boot.php(363): CodeIgniter\CodeIgniter->run()
#11 D:\Kumpulan Project IT\Project Web\koperasi-samara\system\Boot.php(68): CodeIgniter\Boot::runCodeIgniter(Object(CodeIgniter\CodeIgniter))
#12 D:\Kumpulan Project IT\Project Web\koperasi-samara\public\index.php(59): CodeIgniter\Boot::bootWeb(Object(Config\Paths))
#13 D:\Kumpulan Project IT\Project Web\koperasi-samara\system\rewrite.php(44): require_once('D:\\Kumpulan Pro...')
#14 {main}
CRITICAL - 2026-08-03 02:58:10 --> CodeIgniter\Database\Exceptions\DatabaseException: Column 'nama_lengkap' in where clause is ambiguous
[Method: GET, Route: admin/search-anggota]
in SYSTEMPATH\Database\BaseConnection.php on line 684.
 1 SYSTEMPATH\Database\BaseBuilder.php(1649): CodeIgniter\Database\BaseConnection->query('SELECT `anggota`.*, `users`.`id` AS `id_user`, `users`.`username` AS `username_user`
FROM `anggota`
LEFT JOIN `users` ON `users`.`id` = `anggota`.`id_anggota`
WHERE `nama_lengkap` LIKE :nama_lengkap: ESCAPE \'!\'
OR  `no_ktp` LIKE :no_ktp: ESCAPE \'!\'
 LIMIT 10', [...], false)
 2 SYSTEMPATH\Model.php(286): CodeIgniter\Database\BaseBuilder->get()
 3 SYSTEMPATH\BaseModel.php(677): CodeIgniter\Model->doFindAll(10, 0)
 4 APPPATH\Controllers\AdminDashboard.php(115): CodeIgniter\BaseModel->findAll(10)
 5 SYSTEMPATH\CodeIgniter.php(933): App\Controllers\AdminDashboard->searchAnggota()
 6 SYSTEMPATH\CodeIgniter.php(507): CodeIgniter\CodeIgniter->runController(Object(App\Controllers\AdminDashboard))
 7 SYSTEMPATH\CodeIgniter.php(354): CodeIgniter\CodeIgniter->handleRequest(null, Object(Config\Cache), false)
 8 SYSTEMPATH\Boot.php(363): CodeIgniter\CodeIgniter->run()
 9 SYSTEMPATH\Boot.php(68): CodeIgniter\Boot::runCodeIgniter(Object(CodeIgniter\CodeIgniter))
10 FCPATH\index.php(59): CodeIgniter\Boot::bootWeb(Object(Config\Paths))
11 SYSTEMPATH\rewrite.php(44): require_once('D:\\Kumpulan Project IT\\Project Web\\koperasi-samara\\public\\index.php')
CRITICAL - 2026-08-03 02:58:10 --> [Caused by] CodeIgniter\Database\Exceptions\DatabaseException: Column 'nama_lengkap' in where clause is ambiguous
in SYSTEMPATH\Database\MySQLi\Connection.php on line 332.
 1 SYSTEMPATH\Database\BaseConnection.php(729): CodeIgniter\Database\MySQLi\Connection->execute('SELECT `anggota`.*, `users`.`id` AS `id_user`, `users`.`username` AS `username_user`
FROM `anggota`
LEFT JOIN `users` ON `users`.`id` = `anggota`.`id_anggota`
WHERE `nama_lengkap` LIKE \'%m%\' ESCAPE \'!\'
OR  `no_ktp` LIKE \'%m%\' ESCAPE \'!\'
 LIMIT 10')
 2 SYSTEMPATH\Database\BaseConnection.php(646): CodeIgniter\Database\BaseConnection->simpleQuery('SELECT `anggota`.*, `users`.`id` AS `id_user`, `users`.`username` AS `username_user`
FROM `anggota`
LEFT JOIN `users` ON `users`.`id` = `anggota`.`id_anggota`
WHERE `nama_lengkap` LIKE \'%m%\' ESCAPE \'!\'
OR  `no_ktp` LIKE \'%m%\' ESCAPE \'!\'
 LIMIT 10')
 3 SYSTEMPATH\Database\BaseBuilder.php(1649): CodeIgniter\Database\BaseConnection->query('SELECT `anggota`.*, `users`.`id` AS `id_user`, `users`.`username` AS `username_user`
FROM `anggota`
LEFT JOIN `users` ON `users`.`id` = `anggota`.`id_anggota`
WHERE `nama_lengkap` LIKE :nama_lengkap: ESCAPE \'!\'
OR  `no_ktp` LIKE :no_ktp: ESCAPE \'!\'
 LIMIT 10', [...], false)
 4 SYSTEMPATH\Model.php(286): CodeIgniter\Database\BaseBuilder->get()
 5 SYSTEMPATH\BaseModel.php(677): CodeIgniter\Model->doFindAll(10, 0)
 6 APPPATH\Controllers\AdminDashboard.php(115): CodeIgniter\BaseModel->findAll(10)
 7 SYSTEMPATH\CodeIgniter.php(933): App\Controllers\AdminDashboard->searchAnggota()
 8 SYSTEMPATH\CodeIgniter.php(507): CodeIgniter\CodeIgniter->runController(Object(App\Controllers\AdminDashboard))
 9 SYSTEMPATH\CodeIgniter.php(354): CodeIgniter\CodeIgniter->handleRequest(null, Object(Config\Cache), false)
10 SYSTEMPATH\Boot.php(363): CodeIgniter\CodeIgniter->run()
11 SYSTEMPATH\Boot.php(68): CodeIgniter\Boot::runCodeIgniter(Object(CodeIgniter\CodeIgniter))
12 FCPATH\index.php(59): CodeIgniter\Boot::bootWeb(Object(Config\Paths))
13 SYSTEMPATH\rewrite.php(44): require_once('D:\\Kumpulan Project IT\\Project Web\\koperasi-samara\\public\\index.php')
CRITICAL - 2026-08-03 02:58:10 --> [Caused by] mysqli_sql_exception: Column 'nama_lengkap' in where clause is ambiguous
in SYSTEMPATH\Database\MySQLi\Connection.php on line 327.
 1 SYSTEMPATH\Database\MySQLi\Connection.php(327): mysqli->query('SELECT `anggota`.*, `users`.`id` AS `id_user`, `users`.`username` AS `username_user`
FROM `anggota`
LEFT JOIN `users` ON `users`.`id` = `anggota`.`id_anggota`
WHERE `nama_lengkap` LIKE \'%m%\' ESCAPE \'!\'
OR  `no_ktp` LIKE \'%m%\' ESCAPE \'!\'
 LIMIT 10', 0)
 2 SYSTEMPATH\Database\BaseConnection.php(729): CodeIgniter\Database\MySQLi\Connection->execute('SELECT `anggota`.*, `users`.`id` AS `id_user`, `users`.`username` AS `username_user`
FROM `anggota`
LEFT JOIN `users` ON `users`.`id` = `anggota`.`id_anggota`
WHERE `nama_lengkap` LIKE \'%m%\' ESCAPE \'!\'
OR  `no_ktp` LIKE \'%m%\' ESCAPE \'!\'
 LIMIT 10')
 3 SYSTEMPATH\Database\BaseConnection.php(646): CodeIgniter\Database\BaseConnection->simpleQuery('SELECT `anggota`.*, `users`.`id` AS `id_user`, `users`.`username` AS `username_user`
FROM `anggota`
LEFT JOIN `users` ON `users`.`id` = `anggota`.`id_anggota`
WHERE `nama_lengkap` LIKE \'%m%\' ESCAPE \'!\'
OR  `no_ktp` LIKE \'%m%\' ESCAPE \'!\'
 LIMIT 10')
 4 SYSTEMPATH\Database\BaseBuilder.php(1649): CodeIgniter\Database\BaseConnection->query('SELECT `anggota`.*, `users`.`id` AS `id_user`, `users`.`username` AS `username_user`
FROM `anggota`
LEFT JOIN `users` ON `users`.`id` = `anggota`.`id_anggota`
WHERE `nama_lengkap` LIKE :nama_lengkap: ESCAPE \'!\'
OR  `no_ktp` LIKE :no_ktp: ESCAPE \'!\'
 LIMIT 10', [...], false)
 5 SYSTEMPATH\Model.php(286): CodeIgniter\Database\BaseBuilder->get()
 6 SYSTEMPATH\BaseModel.php(677): CodeIgniter\Model->doFindAll(10, 0)
 7 APPPATH\Controllers\AdminDashboard.php(115): CodeIgniter\BaseModel->findAll(10)
 8 SYSTEMPATH\CodeIgniter.php(933): App\Controllers\AdminDashboard->searchAnggota()
 9 SYSTEMPATH\CodeIgniter.php(507): CodeIgniter\CodeIgniter->runController(Object(App\Controllers\AdminDashboard))
10 SYSTEMPATH\CodeIgniter.php(354): CodeIgniter\CodeIgniter->handleRequest(null, Object(Config\Cache), false)
11 SYSTEMPATH\Boot.php(363): CodeIgniter\CodeIgniter->run()
12 SYSTEMPATH\Boot.php(68): CodeIgniter\Boot::runCodeIgniter(Object(CodeIgniter\CodeIgniter))
13 FCPATH\index.php(59): CodeIgniter\Boot::bootWeb(Object(Config\Paths))
14 SYSTEMPATH\rewrite.php(44): require_once('D:\\Kumpulan Project IT\\Project Web\\koperasi-samara\\public\\index.php')
DEBUG - 2026-08-03 02:58:10 --> Session: Class initialized using 'CodeIgniter\Session\Handlers\FileHandler' driver.
ERROR - 2026-08-03 02:58:10 --> mysqli_sql_exception: Column 'nama_lengkap' in where clause is ambiguous in D:\Kumpulan Project IT\Project Web\koperasi-samara\system\Database\MySQLi\Connection.php:327
Stack trace:
#0 D:\Kumpulan Project IT\Project Web\koperasi-samara\system\Database\MySQLi\Connection.php(327): mysqli->query('SELECT `anggota...', 0)
#1 D:\Kumpulan Project IT\Project Web\koperasi-samara\system\Database\BaseConnection.php(729): CodeIgniter\Database\MySQLi\Connection->execute('SELECT `anggota...')
#2 D:\Kumpulan Project IT\Project Web\koperasi-samara\system\Database\BaseConnection.php(646): CodeIgniter\Database\BaseConnection->simpleQuery('SELECT `anggota...')
#3 D:\Kumpulan Project IT\Project Web\koperasi-samara\system\Database\BaseBuilder.php(1649): CodeIgniter\Database\BaseConnection->query('SELECT `anggota...', Array, false)
#4 D:\Kumpulan Project IT\Project Web\koperasi-samara\system\Model.php(286): CodeIgniter\Database\BaseBuilder->get()
#5 D:\Kumpulan Project IT\Project Web\koperasi-samara\system\BaseModel.php(677): CodeIgniter\Model->doFindAll(10, 0)
#6 D:\Kumpulan Project IT\Project Web\koperasi-samara\app\Controllers\AdminDashboard.php(115): CodeIgniter\BaseModel->findAll(10)
#7 D:\Kumpulan Project IT\Project Web\koperasi-samara\system\CodeIgniter.php(933): App\Controllers\AdminDashboard->searchAnggota()
#8 D:\Kumpulan Project IT\Project Web\koperasi-samara\system\CodeIgniter.php(507): CodeIgniter\CodeIgniter->runController(Object(App\Controllers\AdminDashboard))
#9 D:\Kumpulan Project IT\Project Web\koperasi-samara\system\CodeIgniter.php(354): CodeIgniter\CodeIgniter->handleRequest(NULL, Object(Config\Cache), false)
#10 D:\Kumpulan Project IT\Project Web\koperasi-samara\system\Boot.php(363): CodeIgniter\CodeIgniter->run()
#11 D:\Kumpulan Project IT\Project Web\koperasi-samara\system\Boot.php(68): CodeIgniter\Boot::runCodeIgniter(Object(CodeIgniter\CodeIgniter))
#12 D:\Kumpulan Project IT\Project Web\koperasi-samara\public\index.php(59): CodeIgniter\Boot::bootWeb(Object(Config\Paths))
#13 D:\Kumpulan Project IT\Project Web\koperasi-samara\system\rewrite.php(44): require_once('D:\\Kumpulan Pro...')
#14 {main}
CRITICAL - 2026-08-03 02:58:10 --> CodeIgniter\Database\Exceptions\DatabaseException: Column 'nama_lengkap' in where clause is ambiguous
[Method: GET, Route: admin/search-anggota]
in SYSTEMPATH\Database\BaseConnection.php on line 684.
 1 SYSTEMPATH\Database\BaseBuilder.php(1649): CodeIgniter\Database\BaseConnection->query('SELECT `anggota`.*, `users`.`id` AS `id_user`, `users`.`username` AS `username_user`
FROM `anggota`
LEFT JOIN `users` ON `users`.`id` = `anggota`.`id_anggota`
WHERE `nama_lengkap` LIKE :nama_lengkap: ESCAPE \'!\'
OR  `no_ktp` LIKE :no_ktp: ESCAPE \'!\'
 LIMIT 10', [...], false)
 2 SYSTEMPATH\Model.php(286): CodeIgniter\Database\BaseBuilder->get()
 3 SYSTEMPATH\BaseModel.php(677): CodeIgniter\Model->doFindAll(10, 0)
 4 APPPATH\Controllers\AdminDashboard.php(115): CodeIgniter\BaseModel->findAll(10)
 5 SYSTEMPATH\CodeIgniter.php(933): App\Controllers\AdminDashboard->searchAnggota()
 6 SYSTEMPATH\CodeIgniter.php(507): CodeIgniter\CodeIgniter->runController(Object(App\Controllers\AdminDashboard))
 7 SYSTEMPATH\CodeIgniter.php(354): CodeIgniter\CodeIgniter->handleRequest(null, Object(Config\Cache), false)
 8 SYSTEMPATH\Boot.php(363): CodeIgniter\CodeIgniter->run()
 9 SYSTEMPATH\Boot.php(68): CodeIgniter\Boot::runCodeIgniter(Object(CodeIgniter\CodeIgniter))
10 FCPATH\index.php(59): CodeIgniter\Boot::bootWeb(Object(Config\Paths))
11 SYSTEMPATH\rewrite.php(44): require_once('D:\\Kumpulan Project IT\\Project Web\\koperasi-samara\\public\\index.php')
CRITICAL - 2026-08-03 02:58:10 --> [Caused by] CodeIgniter\Database\Exceptions\DatabaseException: Column 'nama_lengkap' in where clause is ambiguous
in SYSTEMPATH\Database\MySQLi\Connection.php on line 332.
 1 SYSTEMPATH\Database\BaseConnection.php(729): CodeIgniter\Database\MySQLi\Connection->execute('SELECT `anggota`.*, `users`.`id` AS `id_user`, `users`.`username` AS `username_user`
FROM `anggota`
LEFT JOIN `users` ON `users`.`id` = `anggota`.`id_anggota`
WHERE `nama_lengkap` LIKE \'%mi%\' ESCAPE \'!\'
OR  `no_ktp` LIKE \'%mi%\' ESCAPE \'!\'
 LIMIT 10')
 2 SYSTEMPATH\Database\BaseConnection.php(646): CodeIgniter\Database\BaseConnection->simpleQuery('SELECT `anggota`.*, `users`.`id` AS `id_user`, `users`.`username` AS `username_user`
FROM `anggota`
LEFT JOIN `users` ON `users`.`id` = `anggota`.`id_anggota`
WHERE `nama_lengkap` LIKE \'%mi%\' ESCAPE \'!\'
OR  `no_ktp` LIKE \'%mi%\' ESCAPE \'!\'
 LIMIT 10')
 3 SYSTEMPATH\Database\BaseBuilder.php(1649): CodeIgniter\Database\BaseConnection->query('SELECT `anggota`.*, `users`.`id` AS `id_user`, `users`.`username` AS `username_user`
FROM `anggota`
LEFT JOIN `users` ON `users`.`id` = `anggota`.`id_anggota`
WHERE `nama_lengkap` LIKE :nama_lengkap: ESCAPE \'!\'
OR  `no_ktp` LIKE :no_ktp: ESCAPE \'!\'
 LIMIT 10', [...], false)
 4 SYSTEMPATH\Model.php(286): CodeIgniter\Database\BaseBuilder->get()
 5 SYSTEMPATH\BaseModel.php(677): CodeIgniter\Model->doFindAll(10, 0)
 6 APPPATH\Controllers\AdminDashboard.php(115): CodeIgniter\BaseModel->findAll(10)
 7 SYSTEMPATH\CodeIgniter.php(933): App\Controllers\AdminDashboard->searchAnggota()
 8 SYSTEMPATH\CodeIgniter.php(507): CodeIgniter\CodeIgniter->runController(Object(App\Controllers\AdminDashboard))
 9 SYSTEMPATH\CodeIgniter.php(354): CodeIgniter\CodeIgniter->handleRequest(null, Object(Config\Cache), false)
10 SYSTEMPATH\Boot.php(363): CodeIgniter\CodeIgniter->run()
11 SYSTEMPATH\Boot.php(68): CodeIgniter\Boot::runCodeIgniter(Object(CodeIgniter\CodeIgniter))
12 FCPATH\index.php(59): CodeIgniter\Boot::bootWeb(Object(Config\Paths))
13 SYSTEMPATH\rewrite.php(44): require_once('D:\\Kumpulan Project IT\\Project Web\\koperasi-samara\\public\\index.php')
CRITICAL - 2026-08-03 02:58:10 --> [Caused by] mysqli_sql_exception: Column 'nama_lengkap' in where clause is ambiguous
in SYSTEMPATH\Database\MySQLi\Connection.php on line 327.
 1 SYSTEMPATH\Database\MySQLi\Connection.php(327): mysqli->query('SELECT `anggota`.*, `users`.`id` AS `id_user`, `users`.`username` AS `username_user`
FROM `anggota`
LEFT JOIN `users` ON `users`.`id` = `anggota`.`id_anggota`
WHERE `nama_lengkap` LIKE \'%mi%\' ESCAPE \'!\'
OR  `no_ktp` LIKE \'%mi%\' ESCAPE \'!\'
 LIMIT 10', 0)
 2 SYSTEMPATH\Database\BaseConnection.php(729): CodeIgniter\Database\MySQLi\Connection->execute('SELECT `anggota`.*, `users`.`id` AS `id_user`, `users`.`username` AS `username_user`
FROM `anggota`
LEFT JOIN `users` ON `users`.`id` = `anggota`.`id_anggota`
WHERE `nama_lengkap` LIKE \'%mi%\' ESCAPE \'!\'
OR  `no_ktp` LIKE \'%mi%\' ESCAPE \'!\'
 LIMIT 10')
 3 SYSTEMPATH\Database\BaseConnection.php(646): CodeIgniter\Database\BaseConnection->simpleQuery('SELECT `anggota`.*, `users`.`id` AS `id_user`, `users`.`username` AS `username_user`
FROM `anggota`
LEFT JOIN `users` ON `users`.`id` = `anggota`.`id_anggota`
WHERE `nama_lengkap` LIKE \'%mi%\' ESCAPE \'!\'
OR  `no_ktp` LIKE \'%mi%\' ESCAPE \'!\'
 LIMIT 10')
 4 SYSTEMPATH\Database\BaseBuilder.php(1649): CodeIgniter\Database\BaseConnection->query('SELECT `anggota`.*, `users`.`id` AS `id_user`, `users`.`username` AS `username_user`
FROM `anggota`
LEFT JOIN `users` ON `users`.`id` = `anggota`.`id_anggota`
WHERE `nama_lengkap` LIKE :nama_lengkap: ESCAPE \'!\'
OR  `no_ktp` LIKE :no_ktp: ESCAPE \'!\'
 LIMIT 10', [...], false)
 5 SYSTEMPATH\Model.php(286): CodeIgniter\Database\BaseBuilder->get()
 6 SYSTEMPATH\BaseModel.php(677): CodeIgniter\Model->doFindAll(10, 0)
 7 APPPATH\Controllers\AdminDashboard.php(115): CodeIgniter\BaseModel->findAll(10)
 8 SYSTEMPATH\CodeIgniter.php(933): App\Controllers\AdminDashboard->searchAnggota()
 9 SYSTEMPATH\CodeIgniter.php(507): CodeIgniter\CodeIgniter->runController(Object(App\Controllers\AdminDashboard))
10 SYSTEMPATH\CodeIgniter.php(354): CodeIgniter\CodeIgniter->handleRequest(null, Object(Config\Cache), false)
11 SYSTEMPATH\Boot.php(363): CodeIgniter\CodeIgniter->run()
12 SYSTEMPATH\Boot.php(68): CodeIgniter\Boot::runCodeIgniter(Object(CodeIgniter\CodeIgniter))
13 FCPATH\index.php(59): CodeIgniter\Boot::bootWeb(Object(Config\Paths))
14 SYSTEMPATH\rewrite.php(44): require_once('D:\\Kumpulan Project IT\\Project Web\\koperasi-samara\\public\\index.php')
DEBUG - 2026-08-03 02:58:10 --> Session: Class initialized using 'CodeIgniter\Session\Handlers\FileHandler' driver.
ERROR - 2026-08-03 02:58:11 --> mysqli_sql_exception: Column 'nama_lengkap' in where clause is ambiguous in D:\Kumpulan Project IT\Project Web\koperasi-samara\system\Database\MySQLi\Connection.php:327
Stack trace:
#0 D:\Kumpulan Project IT\Project Web\koperasi-samara\system\Database\MySQLi\Connection.php(327): mysqli->query('SELECT `anggota...', 0)
#1 D:\Kumpulan Project IT\Project Web\koperasi-samara\system\Database\BaseConnection.php(729): CodeIgniter\Database\MySQLi\Connection->execute('SELECT `anggota...')
#2 D:\Kumpulan Project IT\Project Web\koperasi-samara\system\Database\BaseConnection.php(646): CodeIgniter\Database\BaseConnection->simpleQuery('SELECT `anggota...')
#3 D:\Kumpulan Project IT\Project Web\koperasi-samara\system\Database\BaseBuilder.php(1649): CodeIgniter\Database\BaseConnection->query('SELECT `anggota...', Array, false)
#4 D:\Kumpulan Project IT\Project Web\koperasi-samara\system\Model.php(286): CodeIgniter\Database\BaseBuilder->get()
#5 D:\Kumpulan Project IT\Project Web\koperasi-samara\system\BaseModel.php(677): CodeIgniter\Model->doFindAll(10, 0)
#6 D:\Kumpulan Project IT\Project Web\koperasi-samara\app\Controllers\AdminDashboard.php(115): CodeIgniter\BaseModel->findAll(10)
#7 D:\Kumpulan Project IT\Project Web\koperasi-samara\system\CodeIgniter.php(933): App\Controllers\AdminDashboard->searchAnggota()
#8 D:\Kumpulan Project IT\Project Web\koperasi-samara\system\CodeIgniter.php(507): CodeIgniter\CodeIgniter->runController(Object(App\Controllers\AdminDashboard))
#9 D:\Kumpulan Project IT\Project Web\koperasi-samara\system\CodeIgniter.php(354): CodeIgniter\CodeIgniter->handleRequest(NULL, Object(Config\Cache), false)
#10 D:\Kumpulan Project IT\Project Web\koperasi-samara\system\Boot.php(363): CodeIgniter\CodeIgniter->run()
#11 D:\Kumpulan Project IT\Project Web\koperasi-samara\system\Boot.php(68): CodeIgniter\Boot::runCodeIgniter(Object(CodeIgniter\CodeIgniter))
#12 D:\Kumpulan Project IT\Project Web\koperasi-samara\public\index.php(59): CodeIgniter\Boot::bootWeb(Object(Config\Paths))
#13 D:\Kumpulan Project IT\Project Web\koperasi-samara\system\rewrite.php(44): require_once('D:\\Kumpulan Pro...')
#14 {main}
CRITICAL - 2026-08-03 02:58:11 --> CodeIgniter\Database\Exceptions\DatabaseException: Column 'nama_lengkap' in where clause is ambiguous
[Method: GET, Route: admin/search-anggota]
in SYSTEMPATH\Database\BaseConnection.php on line 684.
 1 SYSTEMPATH\Database\BaseBuilder.php(1649): CodeIgniter\Database\BaseConnection->query('SELECT `anggota`.*, `users`.`id` AS `id_user`, `users`.`username` AS `username_user`
FROM `anggota`
LEFT JOIN `users` ON `users`.`id` = `anggota`.`id_anggota`
WHERE `nama_lengkap` LIKE :nama_lengkap: ESCAPE \'!\'
OR  `no_ktp` LIKE :no_ktp: ESCAPE \'!\'
 LIMIT 10', [...], false)
 2 SYSTEMPATH\Model.php(286): CodeIgniter\Database\BaseBuilder->get()
 3 SYSTEMPATH\BaseModel.php(677): CodeIgniter\Model->doFindAll(10, 0)
 4 APPPATH\Controllers\AdminDashboard.php(115): CodeIgniter\BaseModel->findAll(10)
 5 SYSTEMPATH\CodeIgniter.php(933): App\Controllers\AdminDashboard->searchAnggota()
 6 SYSTEMPATH\CodeIgniter.php(507): CodeIgniter\CodeIgniter->runController(Object(App\Controllers\AdminDashboard))
 7 SYSTEMPATH\CodeIgniter.php(354): CodeIgniter\CodeIgniter->handleRequest(null, Object(Config\Cache), false)
 8 SYSTEMPATH\Boot.php(363): CodeIgniter\CodeIgniter->run()
 9 SYSTEMPATH\Boot.php(68): CodeIgniter\Boot::runCodeIgniter(Object(CodeIgniter\CodeIgniter))
10 FCPATH\index.php(59): CodeIgniter\Boot::bootWeb(Object(Config\Paths))
11 SYSTEMPATH\rewrite.php(44): require_once('D:\\Kumpulan Project IT\\Project Web\\koperasi-samara\\public\\index.php')
CRITICAL - 2026-08-03 02:58:11 --> [Caused by] CodeIgniter\Database\Exceptions\DatabaseException: Column 'nama_lengkap' in where clause is ambiguous
in SYSTEMPATH\Database\MySQLi\Connection.php on line 332.
 1 SYSTEMPATH\Database\BaseConnection.php(729): CodeIgniter\Database\MySQLi\Connection->execute('SELECT `anggota`.*, `users`.`id` AS `id_user`, `users`.`username` AS `username_user`
FROM `anggota`
LEFT JOIN `users` ON `users`.`id` = `anggota`.`id_anggota`
WHERE `nama_lengkap` LIKE \'%miz%\' ESCAPE \'!\'
OR  `no_ktp` LIKE \'%miz%\' ESCAPE \'!\'
 LIMIT 10')
 2 SYSTEMPATH\Database\BaseConnection.php(646): CodeIgniter\Database\BaseConnection->simpleQuery('SELECT `anggota`.*, `users`.`id` AS `id_user`, `users`.`username` AS `username_user`
FROM `anggota`
LEFT JOIN `users` ON `users`.`id` = `anggota`.`id_anggota`
WHERE `nama_lengkap` LIKE \'%miz%\' ESCAPE \'!\'
OR  `no_ktp` LIKE \'%miz%\' ESCAPE \'!\'
 LIMIT 10')
 3 SYSTEMPATH\Database\BaseBuilder.php(1649): CodeIgniter\Database\BaseConnection->query('SELECT `anggota`.*, `users`.`id` AS `id_user`, `users`.`username` AS `username_user`
FROM `anggota`
LEFT JOIN `users` ON `users`.`id` = `anggota`.`id_anggota`
WHERE `nama_lengkap` LIKE :nama_lengkap: ESCAPE \'!\'
OR  `no_ktp` LIKE :no_ktp: ESCAPE \'!\'
 LIMIT 10', [...], false)
 4 SYSTEMPATH\Model.php(286): CodeIgniter\Database\BaseBuilder->get()
 5 SYSTEMPATH\BaseModel.php(677): CodeIgniter\Model->doFindAll(10, 0)
 6 APPPATH\Controllers\AdminDashboard.php(115): CodeIgniter\BaseModel->findAll(10)
 7 SYSTEMPATH\CodeIgniter.php(933): App\Controllers\AdminDashboard->searchAnggota()
 8 SYSTEMPATH\CodeIgniter.php(507): CodeIgniter\CodeIgniter->runController(Object(App\Controllers\AdminDashboard))
 9 SYSTEMPATH\CodeIgniter.php(354): CodeIgniter\CodeIgniter->handleRequest(null, Object(Config\Cache), false)
10 SYSTEMPATH\Boot.php(363): CodeIgniter\CodeIgniter->run()
11 SYSTEMPATH\Boot.php(68): CodeIgniter\Boot::runCodeIgniter(Object(CodeIgniter\CodeIgniter))
12 FCPATH\index.php(59): CodeIgniter\Boot::bootWeb(Object(Config\Paths))
13 SYSTEMPATH\rewrite.php(44): require_once('D:\\Kumpulan Project IT\\Project Web\\koperasi-samara\\public\\index.php')
CRITICAL - 2026-08-03 02:58:11 --> [Caused by] mysqli_sql_exception: Column 'nama_lengkap' in where clause is ambiguous
in SYSTEMPATH\Database\MySQLi\Connection.php on line 327.
 1 SYSTEMPATH\Database\MySQLi\Connection.php(327): mysqli->query('SELECT `anggota`.*, `users`.`id` AS `id_user`, `users`.`username` AS `username_user`
FROM `anggota`
LEFT JOIN `users` ON `users`.`id` = `anggota`.`id_anggota`
WHERE `nama_lengkap` LIKE \'%miz%\' ESCAPE \'!\'
OR  `no_ktp` LIKE \'%miz%\' ESCAPE \'!\'
 LIMIT 10', 0)
 2 SYSTEMPATH\Database\BaseConnection.php(729): CodeIgniter\Database\MySQLi\Connection->execute('SELECT `anggota`.*, `users`.`id` AS `id_user`, `users`.`username` AS `username_user`
FROM `anggota`
LEFT JOIN `users` ON `users`.`id` = `anggota`.`id_anggota`
WHERE `nama_lengkap` LIKE \'%miz%\' ESCAPE \'!\'
OR  `no_ktp` LIKE \'%miz%\' ESCAPE \'!\'
 LIMIT 10')
 3 SYSTEMPATH\Database\BaseConnection.php(646): CodeIgniter\Database\BaseConnection->simpleQuery('SELECT `anggota`.*, `users`.`id` AS `id_user`, `users`.`username` AS `username_user`
FROM `anggota`
LEFT JOIN `users` ON `users`.`id` = `anggota`.`id_anggota`
WHERE `nama_lengkap` LIKE \'%miz%\' ESCAPE \'!\'
OR  `no_ktp` LIKE \'%miz%\' ESCAPE \'!\'
 LIMIT 10')
 4 SYSTEMPATH\Database\BaseBuilder.php(1649): CodeIgniter\Database\BaseConnection->query('SELECT `anggota`.*, `users`.`id` AS `id_user`, `users`.`username` AS `username_user`
FROM `anggota`
LEFT JOIN `users` ON `users`.`id` = `anggota`.`id_anggota`
WHERE `nama_lengkap` LIKE :nama_lengkap: ESCAPE \'!\'
OR  `no_ktp` LIKE :no_ktp: ESCAPE \'!\'
 LIMIT 10', [...], false)
 5 SYSTEMPATH\Model.php(286): CodeIgniter\Database\BaseBuilder->get()
 6 SYSTEMPATH\BaseModel.php(677): CodeIgniter\Model->doFindAll(10, 0)
 7 APPPATH\Controllers\AdminDashboard.php(115): CodeIgniter\BaseModel->findAll(10)
 8 SYSTEMPATH\CodeIgniter.php(933): App\Controllers\AdminDashboard->searchAnggota()
 9 SYSTEMPATH\CodeIgniter.php(507): CodeIgniter\CodeIgniter->runController(Object(App\Controllers\AdminDashboard))
10 SYSTEMPATH\CodeIgniter.php(354): CodeIgniter\CodeIgniter->handleRequest(null, Object(Config\Cache), false)
11 SYSTEMPATH\Boot.php(363): CodeIgniter\CodeIgniter->run()
12 SYSTEMPATH\Boot.php(68): CodeIgniter\Boot::runCodeIgniter(Object(CodeIgniter\CodeIgniter))
13 FCPATH\index.php(59): CodeIgniter\Boot::bootWeb(Object(Config\Paths))
14 SYSTEMPATH\rewrite.php(44): require_once('D:\\Kumpulan Project IT\\Project Web\\koperasi-samara\\public\\index.php')
DEBUG - 2026-08-03 02:58:13 --> Session: Class initialized using 'CodeIgniter\Session\Handlers\FileHandler' driver.
DEBUG - 2026-08-03 02:58:14 --> Session: Class initialized using 'CodeIgniter\Session\Handlers\FileHandler' driver.
DEBUG - 2026-08-03 02:58:15 --> Session: Class initialized using 'CodeIgniter\Session\Handlers\FileHandler' driver.
DEBUG - 2026-08-03 02:58:15 --> Session: Class initialized using 'CodeIgniter\Session\Handlers\FileHandler' driver.
DEBUG - 2026-08-03 02:58:15 --> Session: Class initialized using 'CodeIgniter\Session\Handlers\FileHandler' driver.
DEBUG - 2026-08-03 02:58:16 --> Session: Class initialized using 'CodeIgniter\Session\Handlers\FileHandler' driver.
DEBUG - 2026-08-03 02:59:59 --> Session: Class initialized using 'CodeIgniter\Session\Handlers\FileHandler' driver.
DEBUG - 2026-08-03 03:00:09 --> Session: Class initialized using 'CodeIgniter\Session\Handlers\FileHandler' driver.
DEBUG - 2026-08-03 03:00:09 --> Session: Class initialized using 'CodeIgniter\Session\Handlers\FileHandler' driver.
DEBUG - 2026-08-03 03:00:14 --> Session: Class initialized using 'CodeIgniter\Session\Handlers\FileHandler' driver.
DEBUG - 2026-08-03 03:00:15 --> Session: Class initialized using 'CodeIgniter\Session\Handlers\FileHandler' driver.
DEBUG - 2026-08-03 03:00:24 --> Session: Class initialized using 'CodeIgniter\Session\Handlers\FileHandler' driver.
DEBUG - 2026-08-03 03:00:24 --> Session: Class initialized using 'CodeIgniter\Session\Handlers\FileHandler' driver.
DEBUG - 2026-08-03 03:00:31 --> Session: Class initialized using 'CodeIgniter\Session\Handlers\FileHandler' driver.
DEBUG - 2026-08-03 03:00:38 --> Session: Class initialized using 'CodeIgniter\Session\Handlers\FileHandler' driver.
DEBUG - 2026-08-03 03:00:38 --> Session: Class initialized using 'CodeIgniter\Session\Handlers\FileHandler' driver.
DEBUG - 2026-08-03 03:00:43 --> Session: Class initialized using 'CodeIgniter\Session\Handlers\FileHandler' driver.
DEBUG - 2026-08-03 03:07:41 --> Session: Class initialized using 'CodeIgniter\Session\Handlers\FileHandler' driver.
DEBUG - 2026-08-03 03:07:51 --> Session: Class initialized using 'CodeIgniter\Session\Handlers\FileHandler' driver.
DEBUG - 2026-08-03 03:07:53 --> Session: Class initialized using 'CodeIgniter\Session\Handlers\FileHandler' driver.
DEBUG - 2026-08-03 03:07:56 --> Session: Class initialized using 'CodeIgniter\Session\Handlers\FileHandler' driver.
DEBUG - 2026-08-03 03:08:02 --> Session: Class initialized using 'CodeIgniter\Session\Handlers\FileHandler' driver.
DEBUG - 2026-08-03 03:08:55 --> Session: Class initialized using 'CodeIgniter\Session\Handlers\FileHandler' driver.
DEBUG - 2026-08-03 03:09:02 --> Session: Class initialized using 'CodeIgniter\Session\Handlers\FileHandler' driver.
DEBUG - 2026-08-03 03:14:37 --> Session: Class initialized using 'CodeIgniter\Session\Handlers\FileHandler' driver.
DEBUG - 2026-08-03 03:14:51 --> Session: Class initialized using 'CodeIgniter\Session\Handlers\FileHandler' driver.
DEBUG - 2026-08-03 03:15:43 --> Session: Class initialized using 'CodeIgniter\Session\Handlers\FileHandler' driver.
DEBUG - 2026-08-03 03:15:48 --> Session: Class initialized using 'CodeIgniter\Session\Handlers\FileHandler' driver.
DEBUG - 2026-08-03 03:16:25 --> Session: Class initialized using 'CodeIgniter\Session\Handlers\FileHandler' driver.
DEBUG - 2026-08-03 03:16:31 --> Session: Class initialized using 'CodeIgniter\Session\Handlers\FileHandler' driver.
DEBUG - 2026-08-03 03:16:34 --> Session: Class initialized using 'CodeIgniter\Session\Handlers\FileHandler' driver.
DEBUG - 2026-08-03 03:16:39 --> Session: Class initialized using 'CodeIgniter\Session\Handlers\FileHandler' driver.
ERROR - 2026-08-03 03:16:39 --> mysqli_sql_exception: Column 'nama_lengkap' in where clause is ambiguous in D:\Kumpulan Project IT\Project Web\koperasi-samara\system\Database\MySQLi\Connection.php:327
Stack trace:
#0 D:\Kumpulan Project IT\Project Web\koperasi-samara\system\Database\MySQLi\Connection.php(327): mysqli->query('SELECT `anggota...', 0)
#1 D:\Kumpulan Project IT\Project Web\koperasi-samara\system\Database\BaseConnection.php(729): CodeIgniter\Database\MySQLi\Connection->execute('SELECT `anggota...')
#2 D:\Kumpulan Project IT\Project Web\koperasi-samara\system\Database\BaseConnection.php(646): CodeIgniter\Database\BaseConnection->simpleQuery('SELECT `anggota...')
#3 D:\Kumpulan Project IT\Project Web\koperasi-samara\system\Database\BaseBuilder.php(1649): CodeIgniter\Database\BaseConnection->query('SELECT `anggota...', Array, false)
#4 D:\Kumpulan Project IT\Project Web\koperasi-samara\system\Model.php(286): CodeIgniter\Database\BaseBuilder->get()
#5 D:\Kumpulan Project IT\Project Web\koperasi-samara\system\BaseModel.php(677): CodeIgniter\Model->doFindAll(10, 0)
#6 D:\Kumpulan Project IT\Project Web\koperasi-samara\app\Controllers\AdminDashboard.php(115): CodeIgniter\BaseModel->findAll(10)
#7 D:\Kumpulan Project IT\Project Web\koperasi-samara\system\CodeIgniter.php(933): App\Controllers\AdminDashboard->searchAnggota()
#8 D:\Kumpulan Project IT\Project Web\koperasi-samara\system\CodeIgniter.php(507): CodeIgniter\CodeIgniter->runController(Object(App\Controllers\AdminDashboard))
#9 D:\Kumpulan Project IT\Project Web\koperasi-samara\system\CodeIgniter.php(354): CodeIgniter\CodeIgniter->handleRequest(NULL, Object(Config\Cache), false)
#10 D:\Kumpulan Project IT\Project Web\koperasi-samara\system\Boot.php(363): CodeIgniter\CodeIgniter->run()
#11 D:\Kumpulan Project IT\Project Web\koperasi-samara\system\Boot.php(68): CodeIgniter\Boot::runCodeIgniter(Object(CodeIgniter\CodeIgniter))
#12 D:\Kumpulan Project IT\Project Web\koperasi-samara\public\index.php(59): CodeIgniter\Boot::bootWeb(Object(Config\Paths))
#13 D:\Kumpulan Project IT\Project Web\koperasi-samara\system\rewrite.php(44): require_once('D:\\Kumpulan Pro...')
#14 {main}
CRITICAL - 2026-08-03 03:16:39 --> CodeIgniter\Database\Exceptions\DatabaseException: Column 'nama_lengkap' in where clause is ambiguous
[Method: GET, Route: admin/search-anggota]
in SYSTEMPATH\Database\BaseConnection.php on line 684.
 1 SYSTEMPATH\Database\BaseBuilder.php(1649): CodeIgniter\Database\BaseConnection->query('SELECT `anggota`.*, `users`.`id` AS `id_user`, `users`.`username` AS `username_user`
FROM `anggota`
LEFT JOIN `users` ON `users`.`id` = `anggota`.`id_anggota`
WHERE `nama_lengkap` LIKE :nama_lengkap: ESCAPE \'!\'
OR  `no_ktp` LIKE :no_ktp: ESCAPE \'!\'
 LIMIT 10', [...], false)
 2 SYSTEMPATH\Model.php(286): CodeIgniter\Database\BaseBuilder->get()
 3 SYSTEMPATH\BaseModel.php(677): CodeIgniter\Model->doFindAll(10, 0)
 4 APPPATH\Controllers\AdminDashboard.php(115): CodeIgniter\BaseModel->findAll(10)
 5 SYSTEMPATH\CodeIgniter.php(933): App\Controllers\AdminDashboard->searchAnggota()
 6 SYSTEMPATH\CodeIgniter.php(507): CodeIgniter\CodeIgniter->runController(Object(App\Controllers\AdminDashboard))
 7 SYSTEMPATH\CodeIgniter.php(354): CodeIgniter\CodeIgniter->handleRequest(null, Object(Config\Cache), false)
 8 SYSTEMPATH\Boot.php(363): CodeIgniter\CodeIgniter->run()
 9 SYSTEMPATH\Boot.php(68): CodeIgniter\Boot::runCodeIgniter(Object(CodeIgniter\CodeIgniter))
10 FCPATH\index.php(59): CodeIgniter\Boot::bootWeb(Object(Config\Paths))
11 SYSTEMPATH\rewrite.php(44): require_once('D:\\Kumpulan Project IT\\Project Web\\koperasi-samara\\public\\index.php')
CRITICAL - 2026-08-03 03:16:39 --> [Caused by] CodeIgniter\Database\Exceptions\DatabaseException: Column 'nama_lengkap' in where clause is ambiguous
in SYSTEMPATH\Database\MySQLi\Connection.php on line 332.
 1 SYSTEMPATH\Database\BaseConnection.php(729): CodeIgniter\Database\MySQLi\Connection->execute('SELECT `anggota`.*, `users`.`id` AS `id_user`, `users`.`username` AS `username_user`
FROM `anggota`
LEFT JOIN `users` ON `users`.`id` = `anggota`.`id_anggota`
WHERE `nama_lengkap` LIKE \'%m%\' ESCAPE \'!\'
OR  `no_ktp` LIKE \'%m%\' ESCAPE \'!\'
 LIMIT 10')
 2 SYSTEMPATH\Database\BaseConnection.php(646): CodeIgniter\Database\BaseConnection->simpleQuery('SELECT `anggota`.*, `users`.`id` AS `id_user`, `users`.`username` AS `username_user`
FROM `anggota`
LEFT JOIN `users` ON `users`.`id` = `anggota`.`id_anggota`
WHERE `nama_lengkap` LIKE \'%m%\' ESCAPE \'!\'
OR  `no_ktp` LIKE \'%m%\' ESCAPE \'!\'
 LIMIT 10')
 3 SYSTEMPATH\Database\BaseBuilder.php(1649): CodeIgniter\Database\BaseConnection->query('SELECT `anggota`.*, `users`.`id` AS `id_user`, `users`.`username` AS `username_user`
FROM `anggota`
LEFT JOIN `users` ON `users`.`id` = `anggota`.`id_anggota`
WHERE `nama_lengkap` LIKE :nama_lengkap: ESCAPE \'!\'
OR  `no_ktp` LIKE :no_ktp: ESCAPE \'!\'
 LIMIT 10', [...], false)
 4 SYSTEMPATH\Model.php(286): CodeIgniter\Database\BaseBuilder->get()
 5 SYSTEMPATH\BaseModel.php(677): CodeIgniter\Model->doFindAll(10, 0)
 6 APPPATH\Controllers\AdminDashboard.php(115): CodeIgniter\BaseModel->findAll(10)
 7 SYSTEMPATH\CodeIgniter.php(933): App\Controllers\AdminDashboard->searchAnggota()
 8 SYSTEMPATH\CodeIgniter.php(507): CodeIgniter\CodeIgniter->runController(Object(App\Controllers\AdminDashboard))
 9 SYSTEMPATH\CodeIgniter.php(354): CodeIgniter\CodeIgniter->handleRequest(null, Object(Config\Cache), false)
10 SYSTEMPATH\Boot.php(363): CodeIgniter\CodeIgniter->run()
11 SYSTEMPATH\Boot.php(68): CodeIgniter\Boot::runCodeIgniter(Object(CodeIgniter\CodeIgniter))
12 FCPATH\index.php(59): CodeIgniter\Boot::bootWeb(Object(Config\Paths))
13 SYSTEMPATH\rewrite.php(44): require_once('D:\\Kumpulan Project IT\\Project Web\\koperasi-samara\\public\\index.php')
CRITICAL - 2026-08-03 03:16:39 --> [Caused by] mysqli_sql_exception: Column 'nama_lengkap' in where clause is ambiguous
in SYSTEMPATH\Database\MySQLi\Connection.php on line 327.
 1 SYSTEMPATH\Database\MySQLi\Connection.php(327): mysqli->query('SELECT `anggota`.*, `users`.`id` AS `id_user`, `users`.`username` AS `username_user`
FROM `anggota`
LEFT JOIN `users` ON `users`.`id` = `anggota`.`id_anggota`
WHERE `nama_lengkap` LIKE \'%m%\' ESCAPE \'!\'
OR  `no_ktp` LIKE \'%m%\' ESCAPE \'!\'
 LIMIT 10', 0)
 2 SYSTEMPATH\Database\BaseConnection.php(729): CodeIgniter\Database\MySQLi\Connection->execute('SELECT `anggota`.*, `users`.`id` AS `id_user`, `users`.`username` AS `username_user`
FROM `anggota`
LEFT JOIN `users` ON `users`.`id` = `anggota`.`id_anggota`
WHERE `nama_lengkap` LIKE \'%m%\' ESCAPE \'!\'
OR  `no_ktp` LIKE \'%m%\' ESCAPE \'!\'
 LIMIT 10')
 3 SYSTEMPATH\Database\BaseConnection.php(646): CodeIgniter\Database\BaseConnection->simpleQuery('SELECT `anggota`.*, `users`.`id` AS `id_user`, `users`.`username` AS `username_user`
FROM `anggota`
LEFT JOIN `users` ON `users`.`id` = `anggota`.`id_anggota`
WHERE `nama_lengkap` LIKE \'%m%\' ESCAPE \'!\'
OR  `no_ktp` LIKE \'%m%\' ESCAPE \'!\'
 LIMIT 10')
 4 SYSTEMPATH\Database\BaseBuilder.php(1649): CodeIgniter\Database\BaseConnection->query('SELECT `anggota`.*, `users`.`id` AS `id_user`, `users`.`username` AS `username_user`
FROM `anggota`
LEFT JOIN `users` ON `users`.`id` = `anggota`.`id_anggota`
WHERE `nama_lengkap` LIKE :nama_lengkap: ESCAPE \'!\'
OR  `no_ktp` LIKE :no_ktp: ESCAPE \'!\'
 LIMIT 10', [...], false)
 5 SYSTEMPATH\Model.php(286): CodeIgniter\Database\BaseBuilder->get()
 6 SYSTEMPATH\BaseModel.php(677): CodeIgniter\Model->doFindAll(10, 0)
 7 APPPATH\Controllers\AdminDashboard.php(115): CodeIgniter\BaseModel->findAll(10)
 8 SYSTEMPATH\CodeIgniter.php(933): App\Controllers\AdminDashboard->searchAnggota()
 9 SYSTEMPATH\CodeIgniter.php(507): CodeIgniter\CodeIgniter->runController(Object(App\Controllers\AdminDashboard))
10 SYSTEMPATH\CodeIgniter.php(354): CodeIgniter\CodeIgniter->handleRequest(null, Object(Config\Cache), false)
11 SYSTEMPATH\Boot.php(363): CodeIgniter\CodeIgniter->run()
12 SYSTEMPATH\Boot.php(68): CodeIgniter\Boot::runCodeIgniter(Object(CodeIgniter\CodeIgniter))
13 FCPATH\index.php(59): CodeIgniter\Boot::bootWeb(Object(Config\Paths))
14 SYSTEMPATH\rewrite.php(44): require_once('D:\\Kumpulan Project IT\\Project Web\\koperasi-samara\\public\\index.php')
DEBUG - 2026-08-03 03:16:39 --> Session: Class initialized using 'CodeIgniter\Session\Handlers\FileHandler' driver.
ERROR - 2026-08-03 03:16:39 --> mysqli_sql_exception: Column 'nama_lengkap' in where clause is ambiguous in D:\Kumpulan Project IT\Project Web\koperasi-samara\system\Database\MySQLi\Connection.php:327
Stack trace:
#0 D:\Kumpulan Project IT\Project Web\koperasi-samara\system\Database\MySQLi\Connection.php(327): mysqli->query('SELECT `anggota...', 0)
#1 D:\Kumpulan Project IT\Project Web\koperasi-samara\system\Database\BaseConnection.php(729): CodeIgniter\Database\MySQLi\Connection->execute('SELECT `anggota...')
#2 D:\Kumpulan Project IT\Project Web\koperasi-samara\system\Database\BaseConnection.php(646): CodeIgniter\Database\BaseConnection->simpleQuery('SELECT `anggota...')
#3 D:\Kumpulan Project IT\Project Web\koperasi-samara\system\Database\BaseBuilder.php(1649): CodeIgniter\Database\BaseConnection->query('SELECT `anggota...', Array, false)
#4 D:\Kumpulan Project IT\Project Web\koperasi-samara\system\Model.php(286): CodeIgniter\Database\BaseBuilder->get()
#5 D:\Kumpulan Project IT\Project Web\koperasi-samara\system\BaseModel.php(677): CodeIgniter\Model->doFindAll(10, 0)
#6 D:\Kumpulan Project IT\Project Web\koperasi-samara\app\Controllers\AdminDashboard.php(115): CodeIgniter\BaseModel->findAll(10)
#7 D:\Kumpulan Project IT\Project Web\koperasi-samara\system\CodeIgniter.php(933): App\Controllers\AdminDashboard->searchAnggota()
#8 D:\Kumpulan Project IT\Project Web\koperasi-samara\system\CodeIgniter.php(507): CodeIgniter\CodeIgniter->runController(Object(App\Controllers\AdminDashboard))
#9 D:\Kumpulan Project IT\Project Web\koperasi-samara\system\CodeIgniter.php(354): CodeIgniter\CodeIgniter->handleRequest(NULL, Object(Config\Cache), false)
#10 D:\Kumpulan Project IT\Project Web\koperasi-samara\system\Boot.php(363): CodeIgniter\CodeIgniter->run()
#11 D:\Kumpulan Project IT\Project Web\koperasi-samara\system\Boot.php(68): CodeIgniter\Boot::runCodeIgniter(Object(CodeIgniter\CodeIgniter))
#12 D:\Kumpulan Project IT\Project Web\koperasi-samara\public\index.php(59): CodeIgniter\Boot::bootWeb(Object(Config\Paths))
#13 D:\Kumpulan Project IT\Project Web\koperasi-samara\system\rewrite.php(44): require_once('D:\\Kumpulan Pro...')
#14 {main}
CRITICAL - 2026-08-03 03:16:39 --> CodeIgniter\Database\Exceptions\DatabaseException: Column 'nama_lengkap' in where clause is ambiguous
[Method: GET, Route: admin/search-anggota]
in SYSTEMPATH\Database\BaseConnection.php on line 684.
 1 SYSTEMPATH\Database\BaseBuilder.php(1649): CodeIgniter\Database\BaseConnection->query('SELECT `anggota`.*, `users`.`id` AS `id_user`, `users`.`username` AS `username_user`
FROM `anggota`
LEFT JOIN `users` ON `users`.`id` = `anggota`.`id_anggota`
WHERE `nama_lengkap` LIKE :nama_lengkap: ESCAPE \'!\'
OR  `no_ktp` LIKE :no_ktp: ESCAPE \'!\'
 LIMIT 10', [...], false)
 2 SYSTEMPATH\Model.php(286): CodeIgniter\Database\BaseBuilder->get()
 3 SYSTEMPATH\BaseModel.php(677): CodeIgniter\Model->doFindAll(10, 0)
 4 APPPATH\Controllers\AdminDashboard.php(115): CodeIgniter\BaseModel->findAll(10)
 5 SYSTEMPATH\CodeIgniter.php(933): App\Controllers\AdminDashboard->searchAnggota()
 6 SYSTEMPATH\CodeIgniter.php(507): CodeIgniter\CodeIgniter->runController(Object(App\Controllers\AdminDashboard))
 7 SYSTEMPATH\CodeIgniter.php(354): CodeIgniter\CodeIgniter->handleRequest(null, Object(Config\Cache), false)
 8 SYSTEMPATH\Boot.php(363): CodeIgniter\CodeIgniter->run()
 9 SYSTEMPATH\Boot.php(68): CodeIgniter\Boot::runCodeIgniter(Object(CodeIgniter\CodeIgniter))
10 FCPATH\index.php(59): CodeIgniter\Boot::bootWeb(Object(Config\Paths))
11 SYSTEMPATH\rewrite.php(44): require_once('D:\\Kumpulan Project IT\\Project Web\\koperasi-samara\\public\\index.php')
CRITICAL - 2026-08-03 03:16:39 --> [Caused by] CodeIgniter\Database\Exceptions\DatabaseException: Column 'nama_lengkap' in where clause is ambiguous
in SYSTEMPATH\Database\MySQLi\Connection.php on line 332.
 1 SYSTEMPATH\Database\BaseConnection.php(729): CodeIgniter\Database\MySQLi\Connection->execute('SELECT `anggota`.*, `users`.`id` AS `id_user`, `users`.`username` AS `username_user`
FROM `anggota`
LEFT JOIN `users` ON `users`.`id` = `anggota`.`id_anggota`
WHERE `nama_lengkap` LIKE \'%mi%\' ESCAPE \'!\'
OR  `no_ktp` LIKE \'%mi%\' ESCAPE \'!\'
 LIMIT 10')
 2 SYSTEMPATH\Database\BaseConnection.php(646): CodeIgniter\Database\BaseConnection->simpleQuery('SELECT `anggota`.*, `users`.`id` AS `id_user`, `users`.`username` AS `username_user`
FROM `anggota`
LEFT JOIN `users` ON `users`.`id` = `anggota`.`id_anggota`
WHERE `nama_lengkap` LIKE \'%mi%\' ESCAPE \'!\'
OR  `no_ktp` LIKE \'%mi%\' ESCAPE \'!\'
 LIMIT 10')
 3 SYSTEMPATH\Database\BaseBuilder.php(1649): CodeIgniter\Database\BaseConnection->query('SELECT `anggota`.*, `users`.`id` AS `id_user`, `users`.`username` AS `username_user`
FROM `anggota`
LEFT JOIN `users` ON `users`.`id` = `anggota`.`id_anggota`
WHERE `nama_lengkap` LIKE :nama_lengkap: ESCAPE \'!\'
OR  `no_ktp` LIKE :no_ktp: ESCAPE \'!\'
 LIMIT 10', [...], false)
 4 SYSTEMPATH\Model.php(286): CodeIgniter\Database\BaseBuilder->get()
 5 SYSTEMPATH\BaseModel.php(677): CodeIgniter\Model->doFindAll(10, 0)
 6 APPPATH\Controllers\AdminDashboard.php(115): CodeIgniter\BaseModel->findAll(10)
 7 SYSTEMPATH\CodeIgniter.php(933): App\Controllers\AdminDashboard->searchAnggota()
 8 SYSTEMPATH\CodeIgniter.php(507): CodeIgniter\CodeIgniter->runController(Object(App\Controllers\AdminDashboard))
 9 SYSTEMPATH\CodeIgniter.php(354): CodeIgniter\CodeIgniter->handleRequest(null, Object(Config\Cache), false)
10 SYSTEMPATH\Boot.php(363): CodeIgniter\CodeIgniter->run()
11 SYSTEMPATH\Boot.php(68): CodeIgniter\Boot::runCodeIgniter(Object(CodeIgniter\CodeIgniter))
12 FCPATH\index.php(59): CodeIgniter\Boot::bootWeb(Object(Config\Paths))
13 SYSTEMPATH\rewrite.php(44): require_once('D:\\Kumpulan Project IT\\Project Web\\koperasi-samara\\public\\index.php')
CRITICAL - 2026-08-03 03:16:39 --> [Caused by] mysqli_sql_exception: Column 'nama_lengkap' in where clause is ambiguous
in SYSTEMPATH\Database\MySQLi\Connection.php on line 327.
 1 SYSTEMPATH\Database\MySQLi\Connection.php(327): mysqli->query('SELECT `anggota`.*, `users`.`id` AS `id_user`, `users`.`username` AS `username_user`
FROM `anggota`
LEFT JOIN `users` ON `users`.`id` = `anggota`.`id_anggota`
WHERE `nama_lengkap` LIKE \'%mi%\' ESCAPE \'!\'
OR  `no_ktp` LIKE \'%mi%\' ESCAPE \'!\'
 LIMIT 10', 0)
 2 SYSTEMPATH\Database\BaseConnection.php(729): CodeIgniter\Database\MySQLi\Connection->execute('SELECT `anggota`.*, `users`.`id` AS `id_user`, `users`.`username` AS `username_user`
FROM `anggota`
LEFT JOIN `users` ON `users`.`id` = `anggota`.`id_anggota`
WHERE `nama_lengkap` LIKE \'%mi%\' ESCAPE \'!\'
OR  `no_ktp` LIKE \'%mi%\' ESCAPE \'!\'
 LIMIT 10')
 3 SYSTEMPATH\Database\BaseConnection.php(646): CodeIgniter\Database\BaseConnection->simpleQuery('SELECT `anggota`.*, `users`.`id` AS `id_user`, `users`.`username` AS `username_user`
FROM `anggota`
LEFT JOIN `users` ON `users`.`id` = `anggota`.`id_anggota`
WHERE `nama_lengkap` LIKE \'%mi%\' ESCAPE \'!\'
OR  `no_ktp` LIKE \'%mi%\' ESCAPE \'!\'
 LIMIT 10')
 4 SYSTEMPATH\Database\BaseBuilder.php(1649): CodeIgniter\Database\BaseConnection->query('SELECT `anggota`.*, `users`.`id` AS `id_user`, `users`.`username` AS `username_user`
FROM `anggota`
LEFT JOIN `users` ON `users`.`id` = `anggota`.`id_anggota`
WHERE `nama_lengkap` LIKE :nama_lengkap: ESCAPE \'!\'
OR  `no_ktp` LIKE :no_ktp: ESCAPE \'!\'
 LIMIT 10', [...], false)
 5 SYSTEMPATH\Model.php(286): CodeIgniter\Database\BaseBuilder->get()
 6 SYSTEMPATH\BaseModel.php(677): CodeIgniter\Model->doFindAll(10, 0)
 7 APPPATH\Controllers\AdminDashboard.php(115): CodeIgniter\BaseModel->findAll(10)
 8 SYSTEMPATH\CodeIgniter.php(933): App\Controllers\AdminDashboard->searchAnggota()
 9 SYSTEMPATH\CodeIgniter.php(507): CodeIgniter\CodeIgniter->runController(Object(App\Controllers\AdminDashboard))
10 SYSTEMPATH\CodeIgniter.php(354): CodeIgniter\CodeIgniter->handleRequest(null, Object(Config\Cache), false)
11 SYSTEMPATH\Boot.php(363): CodeIgniter\CodeIgniter->run()
12 SYSTEMPATH\Boot.php(68): CodeIgniter\Boot::runCodeIgniter(Object(CodeIgniter\CodeIgniter))
13 FCPATH\index.php(59): CodeIgniter\Boot::bootWeb(Object(Config\Paths))
14 SYSTEMPATH\rewrite.php(44): require_once('D:\\Kumpulan Project IT\\Project Web\\koperasi-samara\\public\\index.php')
DEBUG - 2026-08-03 03:16:39 --> Session: Class initialized using 'CodeIgniter\Session\Handlers\FileHandler' driver.
ERROR - 2026-08-03 03:16:39 --> mysqli_sql_exception: Column 'nama_lengkap' in where clause is ambiguous in D:\Kumpulan Project IT\Project Web\koperasi-samara\system\Database\MySQLi\Connection.php:327
Stack trace:
#0 D:\Kumpulan Project IT\Project Web\koperasi-samara\system\Database\MySQLi\Connection.php(327): mysqli->query('SELECT `anggota...', 0)
#1 D:\Kumpulan Project IT\Project Web\koperasi-samara\system\Database\BaseConnection.php(729): CodeIgniter\Database\MySQLi\Connection->execute('SELECT `anggota...')
#2 D:\Kumpulan Project IT\Project Web\koperasi-samara\system\Database\BaseConnection.php(646): CodeIgniter\Database\BaseConnection->simpleQuery('SELECT `anggota...')
#3 D:\Kumpulan Project IT\Project Web\koperasi-samara\system\Database\BaseBuilder.php(1649): CodeIgniter\Database\BaseConnection->query('SELECT `anggota...', Array, false)
#4 D:\Kumpulan Project IT\Project Web\koperasi-samara\system\Model.php(286): CodeIgniter\Database\BaseBuilder->get()
#5 D:\Kumpulan Project IT\Project Web\koperasi-samara\system\BaseModel.php(677): CodeIgniter\Model->doFindAll(10, 0)
#6 D:\Kumpulan Project IT\Project Web\koperasi-samara\app\Controllers\AdminDashboard.php(115): CodeIgniter\BaseModel->findAll(10)
#7 D:\Kumpulan Project IT\Project Web\koperasi-samara\system\CodeIgniter.php(933): App\Controllers\AdminDashboard->searchAnggota()
#8 D:\Kumpulan Project IT\Project Web\koperasi-samara\system\CodeIgniter.php(507): CodeIgniter\CodeIgniter->runController(Object(App\Controllers\AdminDashboard))
#9 D:\Kumpulan Project IT\Project Web\koperasi-samara\system\CodeIgniter.php(354): CodeIgniter\CodeIgniter->handleRequest(NULL, Object(Config\Cache), false)
#10 D:\Kumpulan Project IT\Project Web\koperasi-samara\system\Boot.php(363): CodeIgniter\CodeIgniter->run()
#11 D:\Kumpulan Project IT\Project Web\koperasi-samara\system\Boot.php(68): CodeIgniter\Boot::runCodeIgniter(Object(CodeIgniter\CodeIgniter))
#12 D:\Kumpulan Project IT\Project Web\koperasi-samara\public\index.php(59): CodeIgniter\Boot::bootWeb(Object(Config\Paths))
#13 D:\Kumpulan Project IT\Project Web\koperasi-samara\system\rewrite.php(44): require_once('D:\\Kumpulan Pro...')
#14 {main}
CRITICAL - 2026-08-03 03:16:39 --> CodeIgniter\Database\Exceptions\DatabaseException: Column 'nama_lengkap' in where clause is ambiguous
[Method: GET, Route: admin/search-anggota]
in SYSTEMPATH\Database\BaseConnection.php on line 684.
 1 SYSTEMPATH\Database\BaseBuilder.php(1649): CodeIgniter\Database\BaseConnection->query('SELECT `anggota`.*, `users`.`id` AS `id_user`, `users`.`username` AS `username_user`
FROM `anggota`
LEFT JOIN `users` ON `users`.`id` = `anggota`.`id_anggota`
WHERE `nama_lengkap` LIKE :nama_lengkap: ESCAPE \'!\'
OR  `no_ktp` LIKE :no_ktp: ESCAPE \'!\'
 LIMIT 10', [...], false)
 2 SYSTEMPATH\Model.php(286): CodeIgniter\Database\BaseBuilder->get()
 3 SYSTEMPATH\BaseModel.php(677): CodeIgniter\Model->doFindAll(10, 0)
 4 APPPATH\Controllers\AdminDashboard.php(115): CodeIgniter\BaseModel->findAll(10)
 5 SYSTEMPATH\CodeIgniter.php(933): App\Controllers\AdminDashboard->searchAnggota()
 6 SYSTEMPATH\CodeIgniter.php(507): CodeIgniter\CodeIgniter->runController(Object(App\Controllers\AdminDashboard))
 7 SYSTEMPATH\CodeIgniter.php(354): CodeIgniter\CodeIgniter->handleRequest(null, Object(Config\Cache), false)
 8 SYSTEMPATH\Boot.php(363): CodeIgniter\CodeIgniter->run()
 9 SYSTEMPATH\Boot.php(68): CodeIgniter\Boot::runCodeIgniter(Object(CodeIgniter\CodeIgniter))
10 FCPATH\index.php(59): CodeIgniter\Boot::bootWeb(Object(Config\Paths))
11 SYSTEMPATH\rewrite.php(44): require_once('D:\\Kumpulan Project IT\\Project Web\\koperasi-samara\\public\\index.php')
CRITICAL - 2026-08-03 03:16:39 --> [Caused by] CodeIgniter\Database\Exceptions\DatabaseException: Column 'nama_lengkap' in where clause is ambiguous
in SYSTEMPATH\Database\MySQLi\Connection.php on line 332.
 1 SYSTEMPATH\Database\BaseConnection.php(729): CodeIgniter\Database\MySQLi\Connection->execute('SELECT `anggota`.*, `users`.`id` AS `id_user`, `users`.`username` AS `username_user`
FROM `anggota`
LEFT JOIN `users` ON `users`.`id` = `anggota`.`id_anggota`
WHERE `nama_lengkap` LIKE \'%miz%\' ESCAPE \'!\'
OR  `no_ktp` LIKE \'%miz%\' ESCAPE \'!\'
 LIMIT 10')
 2 SYSTEMPATH\Database\BaseConnection.php(646): CodeIgniter\Database\BaseConnection->simpleQuery('SELECT `anggota`.*, `users`.`id` AS `id_user`, `users`.`username` AS `username_user`
FROM `anggota`
LEFT JOIN `users` ON `users`.`id` = `anggota`.`id_anggota`
WHERE `nama_lengkap` LIKE \'%miz%\' ESCAPE \'!\'
OR  `no_ktp` LIKE \'%miz%\' ESCAPE \'!\'
 LIMIT 10')
 3 SYSTEMPATH\Database\BaseBuilder.php(1649): CodeIgniter\Database\BaseConnection->query('SELECT `anggota`.*, `users`.`id` AS `id_user`, `users`.`username` AS `username_user`
FROM `anggota`
LEFT JOIN `users` ON `users`.`id` = `anggota`.`id_anggota`
WHERE `nama_lengkap` LIKE :nama_lengkap: ESCAPE \'!\'
OR  `no_ktp` LIKE :no_ktp: ESCAPE \'!\'
 LIMIT 10', [...], false)
 4 SYSTEMPATH\Model.php(286): CodeIgniter\Database\BaseBuilder->get()
 5 SYSTEMPATH\BaseModel.php(677): CodeIgniter\Model->doFindAll(10, 0)
 6 APPPATH\Controllers\AdminDashboard.php(115): CodeIgniter\BaseModel->findAll(10)
 7 SYSTEMPATH\CodeIgniter.php(933): App\Controllers\AdminDashboard->searchAnggota()
 8 SYSTEMPATH\CodeIgniter.php(507): CodeIgniter\CodeIgniter->runController(Object(App\Controllers\AdminDashboard))
 9 SYSTEMPATH\CodeIgniter.php(354): CodeIgniter\CodeIgniter->handleRequest(null, Object(Config\Cache), false)
10 SYSTEMPATH\Boot.php(363): CodeIgniter\CodeIgniter->run()
11 SYSTEMPATH\Boot.php(68): CodeIgniter\Boot::runCodeIgniter(Object(CodeIgniter\CodeIgniter))
12 FCPATH\index.php(59): CodeIgniter\Boot::bootWeb(Object(Config\Paths))
13 SYSTEMPATH\rewrite.php(44): require_once('D:\\Kumpulan Project IT\\Project Web\\koperasi-samara\\public\\index.php')
CRITICAL - 2026-08-03 03:16:39 --> [Caused by] mysqli_sql_exception: Column 'nama_lengkap' in where clause is ambiguous
in SYSTEMPATH\Database\MySQLi\Connection.php on line 327.
 1 SYSTEMPATH\Database\MySQLi\Connection.php(327): mysqli->query('SELECT `anggota`.*, `users`.`id` AS `id_user`, `users`.`username` AS `username_user`
FROM `anggota`
LEFT JOIN `users` ON `users`.`id` = `anggota`.`id_anggota`
WHERE `nama_lengkap` LIKE \'%miz%\' ESCAPE \'!\'
OR  `no_ktp` LIKE \'%miz%\' ESCAPE \'!\'
 LIMIT 10', 0)
 2 SYSTEMPATH\Database\BaseConnection.php(729): CodeIgniter\Database\MySQLi\Connection->execute('SELECT `anggota`.*, `users`.`id` AS `id_user`, `users`.`username` AS `username_user`
FROM `anggota`
LEFT JOIN `users` ON `users`.`id` = `anggota`.`id_anggota`
WHERE `nama_lengkap` LIKE \'%miz%\' ESCAPE \'!\'
OR  `no_ktp` LIKE \'%miz%\' ESCAPE \'!\'
 LIMIT 10')
 3 SYSTEMPATH\Database\BaseConnection.php(646): CodeIgniter\Database\BaseConnection->simpleQuery('SELECT `anggota`.*, `users`.`id` AS `id_user`, `users`.`username` AS `username_user`
FROM `anggota`
LEFT JOIN `users` ON `users`.`id` = `anggota`.`id_anggota`
WHERE `nama_lengkap` LIKE \'%miz%\' ESCAPE \'!\'
OR  `no_ktp` LIKE \'%miz%\' ESCAPE \'!\'
 LIMIT 10')
 4 SYSTEMPATH\Database\BaseBuilder.php(1649): CodeIgniter\Database\BaseConnection->query('SELECT `anggota`.*, `users`.`id` AS `id_user`, `users`.`username` AS `username_user`
FROM `anggota`
LEFT JOIN `users` ON `users`.`id` = `anggota`.`id_anggota`
WHERE `nama_lengkap` LIKE :nama_lengkap: ESCAPE \'!\'
OR  `no_ktp` LIKE :no_ktp: ESCAPE \'!\'
 LIMIT 10', [...], false)
 5 SYSTEMPATH\Model.php(286): CodeIgniter\Database\BaseBuilder->get()
 6 SYSTEMPATH\BaseModel.php(677): CodeIgniter\Model->doFindAll(10, 0)
 7 APPPATH\Controllers\AdminDashboard.php(115): CodeIgniter\BaseModel->findAll(10)
 8 SYSTEMPATH\CodeIgniter.php(933): App\Controllers\AdminDashboard->searchAnggota()
 9 SYSTEMPATH\CodeIgniter.php(507): CodeIgniter\CodeIgniter->runController(Object(App\Controllers\AdminDashboard))
10 SYSTEMPATH\CodeIgniter.php(354): CodeIgniter\CodeIgniter->handleRequest(null, Object(Config\Cache), false)
11 SYSTEMPATH\Boot.php(363): CodeIgniter\CodeIgniter->run()
12 SYSTEMPATH\Boot.php(68): CodeIgniter\Boot::runCodeIgniter(Object(CodeIgniter\CodeIgniter))
13 FCPATH\index.php(59): CodeIgniter\Boot::bootWeb(Object(Config\Paths))
14 SYSTEMPATH\rewrite.php(44): require_once('D:\\Kumpulan Project IT\\Project Web\\koperasi-samara\\public\\index.php')
DEBUG - 2026-08-03 03:17:09 --> Session: Class initialized using 'CodeIgniter\Session\Handlers\FileHandler' driver.
DEBUG - 2026-08-03 03:17:09 --> Session: Class initialized using 'CodeIgniter\Session\Handlers\FileHandler' driver.
DEBUG - 2026-08-03 03:17:09 --> Session: Class initialized using 'CodeIgniter\Session\Handlers\FileHandler' driver.
DEBUG - 2026-08-03 03:17:13 --> Session: Class initialized using 'CodeIgniter\Session\Handlers\FileHandler' driver.
DEBUG - 2026-08-03 03:17:13 --> Session: Class initialized using 'CodeIgniter\Session\Handlers\FileHandler' driver.
DEBUG - 2026-08-03 03:17:13 --> Session: Class initialized using 'CodeIgniter\Session\Handlers\FileHandler' driver.
DEBUG - 2026-08-03 03:17:27 --> Session: Class initialized using 'CodeIgniter\Session\Handlers\FileHandler' driver.
DEBUG - 2026-08-03 03:17:33 --> Session: Class initialized using 'CodeIgniter\Session\Handlers\FileHandler' driver.
DEBUG - 2026-08-03 03:17:38 --> Session: Class initialized using 'CodeIgniter\Session\Handlers\FileHandler' driver.
DEBUG - 2026-08-03 03:17:42 --> Session: Class initialized using 'CodeIgniter\Session\Handlers\FileHandler' driver.
DEBUG - 2026-08-03 03:17:42 --> Session: Class initialized using 'CodeIgniter\Session\Handlers\FileHandler' driver.
DEBUG - 2026-08-03 03:17:45 --> Session: Class initialized using 'CodeIgniter\Session\Handlers\FileHandler' driver.
DEBUG - 2026-08-03 03:17:54 --> Session: Class initialized using 'CodeIgniter\Session\Handlers\FileHandler' driver.
DEBUG - 2026-08-03 03:17:54 --> === DEBUG DETAIL: MENGAMBIL PINJAMAN AKTIF ===
DEBUG - 2026-08-03 03:17:54 --> ID Anggota: 46
DEBUG - 2026-08-03 03:17:54 --> Jumlah Qard aktif ditemukan: 0
DEBUG - 2026-08-03 03:17:54 --> Jumlah Murabahah aktif ditemukan: 1
DEBUG - 2026-08-03 03:17:54 --> 🔍 DETAIL MURABAHAH:
DEBUG - 2026-08-03 03:17:54 -->   - ID: 32
DEBUG - 2026-08-03 03:17:54 -->   - Jumlah Pinjam: 5500000.00
DEBUG - 2026-08-03 03:17:54 -->   - Jumlah Terbayar: 0.00
DEBUG - 2026-08-03 03:17:54 -->   - Jumlah Angsuran: 10
DEBUG - 2026-08-03 03:17:54 --> hitungAngsuranBerjalanFix: Terbayar=0, Pinjam=5500000, Tenor=10
DEBUG - 2026-08-03 03:17:54 -->   - Angsuran Berjalan: 0
DEBUG - 2026-08-03 03:17:54 -->   - Bisa Bayar: YA ✅
DEBUG - 2026-08-03 03:17:54 --> Jumlah Mudharabah aktif ditemukan: 0
DEBUG - 2026-08-03 03:17:54 --> === TOTAL SEMUA PINJAMAN AKTIF: 1 ===
DEBUG - 2026-08-03 03:17:54 --> === MENGAMBIL PINJAMAN LUNAS DARI 3 TABEL ===
DEBUG - 2026-08-03 03:17:54 --> Data Qard lunas: 0
DEBUG - 2026-08-03 03:17:54 --> Data Murabahah lunas: 0
DEBUG - 2026-08-03 03:17:54 --> Data Mudharabah lunas: 0
DEBUG - 2026-08-03 03:17:54 --> Total semua pinjaman lunas: 0
DEBUG - 2026-08-03 03:17:54 --> === MENGHITUNG SUMMARY CICILAN ===
DEBUG - 2026-08-03 03:17:54 --> Total pinjaman aktif: 1
DEBUG - 2026-08-03 03:17:54 --> Processing: murabahah - Pinjaman Murabahah, Bisa Bayar: Ya
DEBUG - 2026-08-03 03:17:54 --> Jatuh tempo: 2026-09-03, Today: 2026-08-03
DEBUG - 2026-08-03 03:17:54 --> Jatuh tempo terdekat diupdate: 2026-09-03
DEBUG - 2026-08-03 03:17:54 --> Summary result: Array
(
    [total_pinjaman_aktif] => 1
    [total_angsuran_bulanan] => 550000
    [jatuh_tempo_terdekat] => 2026-09-03
    [total_qard] => 0
    [total_murabahah] => 5500000
    [total_mudharabah] => 0
)

DEBUG - 2026-08-03 03:18:00 --> Session: Class initialized using 'CodeIgniter\Session\Handlers\FileHandler' driver.
DEBUG - 2026-08-03 03:18:03 --> Session: Class initialized using 'CodeIgniter\Session\Handlers\FileHandler' driver.
DEBUG - 2026-08-03 03:18:05 --> Session: Class initialized using 'CodeIgniter\Session\Handlers\FileHandler' driver.
DEBUG - 2026-08-03 03:18:06 --> Session: Class initialized using 'CodeIgniter\Session\Handlers\FileHandler' driver.
DEBUG - 2026-08-03 03:18:09 --> Session: Class initialized using 'CodeIgniter\Session\Handlers\FileHandler' driver.
DEBUG - 2026-08-03 03:18:11 --> Session: Class initialized using 'CodeIgniter\Session\Handlers\FileHandler' driver.
DEBUG - 2026-08-03 03:18:11 --> Session: Class initialized using 'CodeIgniter\Session\Handlers\FileHandler' driver.
DEBUG - 2026-08-03 03:18:16 --> Session: Class initialized using 'CodeIgniter\Session\Handlers\FileHandler' driver.
DEBUG - 2026-08-03 03:18:16 --> === DEBUG DETAIL: MENGAMBIL PINJAMAN AKTIF ===
DEBUG - 2026-08-03 03:18:16 --> ID Anggota: 46
DEBUG - 2026-08-03 03:18:16 --> Jumlah Qard aktif ditemukan: 0
DEBUG - 2026-08-03 03:18:16 --> Jumlah Murabahah aktif ditemukan: 0
DEBUG - 2026-08-03 03:18:16 --> Jumlah Mudharabah aktif ditemukan: 0
DEBUG - 2026-08-03 03:18:16 --> === TOTAL SEMUA PINJAMAN AKTIF: 0 ===
DEBUG - 2026-08-03 03:18:16 --> === MENGAMBIL PINJAMAN LUNAS DARI 3 TABEL ===
DEBUG - 2026-08-03 03:18:16 --> Data Qard lunas: 0
DEBUG - 2026-08-03 03:18:16 --> Data Murabahah lunas: 1
DEBUG - 2026-08-03 03:18:16 --> Data Mudharabah lunas: 0
DEBUG - 2026-08-03 03:18:16 --> Total semua pinjaman lunas: 1
DEBUG - 2026-08-03 03:18:16 --> === MENGHITUNG SUMMARY CICILAN ===
DEBUG - 2026-08-03 03:18:16 --> Total pinjaman aktif: 0
DEBUG - 2026-08-03 03:18:16 --> Summary result: Array
(
    [total_pinjaman_aktif] => 0
    [total_angsuran_bulanan] => 0
    [jatuh_tempo_terdekat] => 
    [total_qard] => 0
    [total_murabahah] => 0
    [total_mudharabah] => 0
)

DEBUG - 2026-08-03 03:18:19 --> Session: Class initialized using 'CodeIgniter\Session\Handlers\FileHandler' driver.
DEBUG - 2026-08-03 03:18:19 --> === MENGAMBIL PINJAMAN LUNAS DARI 3 TABEL ===
DEBUG - 2026-08-03 03:18:19 --> Data Qard lunas: 0
DEBUG - 2026-08-03 03:18:19 --> Data Murabahah lunas: 1
DEBUG - 2026-08-03 03:18:19 --> Data Mudharabah lunas: 0
DEBUG - 2026-08-03 03:18:19 --> Total semua pinjaman lunas: 1
DEBUG - 2026-08-03 03:18:23 --> Session: Class initialized using 'CodeIgniter\Session\Handlers\FileHandler' driver.
DEBUG - 2026-08-03 03:18:31 --> Session: Class initialized using 'CodeIgniter\Session\Handlers\FileHandler' driver.
DEBUG - 2026-08-03 03:19:05 --> Session: Class initialized using 'CodeIgniter\Session\Handlers\FileHandler' driver.
DEBUG - 2026-08-03 03:19:05 --> Session: Class initialized using 'CodeIgniter\Session\Handlers\FileHandler' driver.
DEBUG - 2026-08-03 03:19:05 --> Session: Class initialized using 'CodeIgniter\Session\Handlers\FileHandler' driver.
DEBUG - 2026-08-03 03:19:08 --> Session: Class initialized using 'CodeIgniter\Session\Handlers\FileHandler' driver.
DEBUG - 2026-08-03 03:19:08 --> Session: Class initialized using 'CodeIgniter\Session\Handlers\FileHandler' driver.
DEBUG - 2026-08-03 03:19:09 --> Session: Class initialized using 'CodeIgniter\Session\Handlers\FileHandler' driver.
DEBUG - 2026-08-03 03:19:17 --> Session: Class initialized using 'CodeIgniter\Session\Handlers\FileHandler' driver.
DEBUG - 2026-08-03 03:19:34 --> Session: Class initialized using 'CodeIgniter\Session\Handlers\FileHandler' driver.
DEBUG - 2026-08-03 03:19:38 --> Session: Class initialized using 'CodeIgniter\Session\Handlers\FileHandler' driver.
DEBUG - 2026-08-03 03:19:41 --> Session: Class initialized using 'CodeIgniter\Session\Handlers\FileHandler' driver.
DEBUG - 2026-08-03 03:19:41 --> Session: Class initialized using 'CodeIgniter\Session\Handlers\FileHandler' driver.
DEBUG - 2026-08-03 03:19:43 --> Session: Class initialized using 'CodeIgniter\Session\Handlers\FileHandler' driver.
DEBUG - 2026-08-03 03:19:47 --> Session: Class initialized using 'CodeIgniter\Session\Handlers\FileHandler' driver.
DEBUG - 2026-08-03 03:19:49 --> Session: Class initialized using 'CodeIgniter\Session\Handlers\FileHandler' driver.
DEBUG - 2026-08-03 03:19:53 --> Session: Class initialized using 'CodeIgniter\Session\Handlers\FileHandler' driver.
DEBUG - 2026-08-03 03:19:58 --> Session: Class initialized using 'CodeIgniter\Session\Handlers\FileHandler' driver.
DEBUG - 2026-08-03 03:20:35 --> Session: Class initialized using 'CodeIgniter\Session\Handlers\FileHandler' driver.
DEBUG - 2026-08-03 03:23:18 --> Session: Class initialized using 'CodeIgniter\Session\Handlers\FileHandler' driver.
DEBUG - 2026-08-03 03:23:26 --> Session: Class initialized using 'CodeIgniter\Session\Handlers\FileHandler' driver.
DEBUG - 2026-08-03 03:24:52 --> Session: Class initialized using 'CodeIgniter\Session\Handlers\FileHandler' driver.
DEBUG - 2026-08-03 03:25:47 --> Session: Class initialized using 'CodeIgniter\Session\Handlers\FileHandler' driver.
DEBUG - 2026-08-03 03:26:40 --> Session: Class initialized using 'CodeIgniter\Session\Handlers\FileHandler' driver.
DEBUG - 2026-08-03 03:26:45 --> Session: Class initialized using 'CodeIgniter\Session\Handlers\FileHandler' driver.
DEBUG - 2026-08-03 03:26:47 --> Session: Class initialized using 'CodeIgniter\Session\Handlers\FileHandler' driver.
DEBUG - 2026-08-03 03:26:49 --> Session: Class initialized using 'CodeIgniter\Session\Handlers\FileHandler' driver.
DEBUG - 2026-08-03 03:26:52 --> Session: Class initialized using 'CodeIgniter\Session\Handlers\FileHandler' driver.
DEBUG - 2026-08-03 03:27:09 --> Session: Class initialized using 'CodeIgniter\Session\Handlers\FileHandler' driver.
DEBUG - 2026-08-03 03:27:09 --> Session: Class initialized using 'CodeIgniter\Session\Handlers\FileHandler' driver.
DEBUG - 2026-08-03 03:27:09 --> Session: Class initialized using 'CodeIgniter\Session\Handlers\FileHandler' driver.
DEBUG - 2026-08-03 03:27:13 --> Session: Class initialized using 'CodeIgniter\Session\Handlers\FileHandler' driver.
DEBUG - 2026-08-03 03:27:13 --> Session: Class initialized using 'CodeIgniter\Session\Handlers\FileHandler' driver.
DEBUG - 2026-08-03 03:27:13 --> Session: Class initialized using 'CodeIgniter\Session\Handlers\FileHandler' driver.
DEBUG - 2026-08-03 03:27:21 --> Session: Class initialized using 'CodeIgniter\Session\Handlers\FileHandler' driver.
DEBUG - 2026-08-03 03:27:26 --> Session: Class initialized using 'CodeIgniter\Session\Handlers\FileHandler' driver.
DEBUG - 2026-08-03 03:27:30 --> Session: Class initialized using 'CodeIgniter\Session\Handlers\FileHandler' driver.
DEBUG - 2026-08-03 03:27:30 --> Session: Class initialized using 'CodeIgniter\Session\Handlers\FileHandler' driver.
DEBUG - 2026-08-03 03:27:32 --> Session: Class initialized using 'CodeIgniter\Session\Handlers\FileHandler' driver.
DEBUG - 2026-08-03 03:27:35 --> Session: Class initialized using 'CodeIgniter\Session\Handlers\FileHandler' driver.
DEBUG - 2026-08-03 03:27:42 --> Session: Class initialized using 'CodeIgniter\Session\Handlers\FileHandler' driver.
DEBUG - 2026-08-03 03:27:45 --> Session: Class initialized using 'CodeIgniter\Session\Handlers\FileHandler' driver.
DEBUG - 2026-08-03 03:27:47 --> Session: Class initialized using 'CodeIgniter\Session\Handlers\FileHandler' driver.
DEBUG - 2026-08-03 03:27:47 --> Session: Class initialized using 'CodeIgniter\Session\Handlers\FileHandler' driver.
DEBUG - 2026-08-03 03:27:57 --> Session: Class initialized using 'CodeIgniter\Session\Handlers\FileHandler' driver.
DEBUG - 2026-08-03 03:28:06 --> Session: Class initialized using 'CodeIgniter\Session\Handlers\FileHandler' driver.
DEBUG - 2026-08-03 03:28:07 --> Session: Class initialized using 'CodeIgniter\Session\Handlers\FileHandler' driver.
DEBUG - 2026-08-03 03:28:11 --> Session: Class initialized using 'CodeIgniter\Session\Handlers\FileHandler' driver.
DEBUG - 2026-08-03 03:28:21 --> Session: Class initialized using 'CodeIgniter\Session\Handlers\FileHandler' driver.
DEBUG - 2026-08-03 03:28:27 --> Session: Class initialized using 'CodeIgniter\Session\Handlers\FileHandler' driver.
DEBUG - 2026-08-03 03:28:33 --> Session: Class initialized using 'CodeIgniter\Session\Handlers\FileHandler' driver.
DEBUG - 2026-08-03 03:28:35 --> Session: Class initialized using 'CodeIgniter\Session\Handlers\FileHandler' driver.
DEBUG - 2026-08-03 03:28:35 --> Session: Class initialized using 'CodeIgniter\Session\Handlers\FileHandler' driver.
DEBUG - 2026-08-03 03:28:38 --> Session: Class initialized using 'CodeIgniter\Session\Handlers\FileHandler' driver.
DEBUG - 2026-08-03 03:28:40 --> Session: Class initialized using 'CodeIgniter\Session\Handlers\FileHandler' driver.
DEBUG - 2026-08-03 03:28:44 --> Session: Class initialized using 'CodeIgniter\Session\Handlers\FileHandler' driver.
DEBUG - 2026-08-03 03:28:55 --> Session: Class initialized using 'CodeIgniter\Session\Handlers\FileHandler' driver.
DEBUG - 2026-08-03 03:28:56 --> Session: Class initialized using 'CodeIgniter\Session\Handlers\FileHandler' driver.
DEBUG - 2026-08-03 03:28:56 --> Session: Class initialized using 'CodeIgniter\Session\Handlers\FileHandler' driver.
DEBUG - 2026-08-03 03:28:59 --> Session: Class initialized using 'CodeIgniter\Session\Handlers\FileHandler' driver.
DEBUG - 2026-08-03 03:28:59 --> Session: Class initialized using 'CodeIgniter\Session\Handlers\FileHandler' driver.
DEBUG - 2026-08-03 03:28:59 --> Session: Class initialized using 'CodeIgniter\Session\Handlers\FileHandler' driver.
DEBUG - 2026-08-03 03:29:03 --> Session: Class initialized using 'CodeIgniter\Session\Handlers\FileHandler' driver.
DEBUG - 2026-08-03 03:29:08 --> Session: Class initialized using 'CodeIgniter\Session\Handlers\FileHandler' driver.
DEBUG - 2026-08-03 03:29:10 --> Session: Class initialized using 'CodeIgniter\Session\Handlers\FileHandler' driver.
DEBUG - 2026-08-03 03:29:13 --> Session: Class initialized using 'CodeIgniter\Session\Handlers\FileHandler' driver.
DEBUG - 2026-08-03 03:29:13 --> Session: Class initialized using 'CodeIgniter\Session\Handlers\FileHandler' driver.
DEBUG - 2026-08-03 03:29:15 --> Session: Class initialized using 'CodeIgniter\Session\Handlers\FileHandler' driver.
DEBUG - 2026-08-03 03:29:19 --> Session: Class initialized using 'CodeIgniter\Session\Handlers\FileHandler' driver.
DEBUG - 2026-08-03 03:29:34 --> Session: Class initialized using 'CodeIgniter\Session\Handlers\FileHandler' driver.
DEBUG - 2026-08-03 03:39:41 --> Session: Class initialized using 'CodeIgniter\Session\Handlers\FileHandler' driver.
DEBUG - 2026-08-03 03:47:26 --> Session: Class initialized using 'CodeIgniter\Session\Handlers\FileHandler' driver.
ERROR - 2026-08-03 03:47:26 --> mysqli_sql_exception: Column 'status' in where clause is ambiguous in D:\Kumpulan Project IT\Project Web\koperasi-samara\system\Database\MySQLi\Connection.php:327
Stack trace:
#0 D:\Kumpulan Project IT\Project Web\koperasi-samara\system\Database\MySQLi\Connection.php(327): mysqli->query('SELECT `qard`.*...', 0)
#1 D:\Kumpulan Project IT\Project Web\koperasi-samara\system\Database\BaseConnection.php(729): CodeIgniter\Database\MySQLi\Connection->execute('SELECT `qard`.*...')
#2 D:\Kumpulan Project IT\Project Web\koperasi-samara\system\Database\BaseConnection.php(646): CodeIgniter\Database\BaseConnection->simpleQuery('SELECT `qard`.*...')
#3 D:\Kumpulan Project IT\Project Web\koperasi-samara\system\Database\BaseBuilder.php(1649): CodeIgniter\Database\BaseConnection->query('SELECT `qard`.*...', Array, false)
#4 D:\Kumpulan Project IT\Project Web\koperasi-samara\system\Model.php(286): CodeIgniter\Database\BaseBuilder->get()
#5 D:\Kumpulan Project IT\Project Web\koperasi-samara\system\BaseModel.php(677): CodeIgniter\Model->doFindAll(0, 0)
#6 D:\Kumpulan Project IT\Project Web\koperasi-samara\app\Models\QardModel.php(67): CodeIgniter\BaseModel->findAll()
#7 D:\Kumpulan Project IT\Project Web\koperasi-samara\app\Controllers\AdminDashboard.php(3331): App\Models\QardModel->getAngsuranWithAnggota()
#8 D:\Kumpulan Project IT\Project Web\koperasi-samara\system\CodeIgniter.php(933): App\Controllers\AdminDashboard->installments()
#9 D:\Kumpulan Project IT\Project Web\koperasi-samara\system\CodeIgniter.php(507): CodeIgniter\CodeIgniter->runController(Object(App\Controllers\AdminDashboard))
#10 D:\Kumpulan Project IT\Project Web\koperasi-samara\system\CodeIgniter.php(354): CodeIgniter\CodeIgniter->handleRequest(NULL, Object(Config\Cache), false)
#11 D:\Kumpulan Project IT\Project Web\koperasi-samara\system\Boot.php(363): CodeIgniter\CodeIgniter->run()
#12 D:\Kumpulan Project IT\Project Web\koperasi-samara\system\Boot.php(68): CodeIgniter\Boot::runCodeIgniter(Object(CodeIgniter\CodeIgniter))
#13 D:\Kumpulan Project IT\Project Web\koperasi-samara\public\index.php(59): CodeIgniter\Boot::bootWeb(Object(Config\Paths))
#14 D:\Kumpulan Project IT\Project Web\koperasi-samara\system\rewrite.php(44): require_once('D:\\Kumpulan Pro...')
#15 {main}
CRITICAL - 2026-08-03 03:47:26 --> CodeIgniter\Database\Exceptions\DatabaseException: Column 'status' in where clause is ambiguous
[Method: GET, Route: admin/dashboard_admin/installments]
in SYSTEMPATH\Database\BaseConnection.php on line 684.
 1 SYSTEMPATH\Database\BaseBuilder.php(1649): CodeIgniter\Database\BaseConnection->query('SELECT `qard`.*, `anggota`.`nama_lengkap`, `anggota`.`nomor_anggota`
FROM `qard`
LEFT JOIN `anggota` ON `anggota`.`id_anggota` = `qard`.`id_anggota`
WHERE `status` = :status:
AND `qard`.`status` IN :qard.status:', [...], false)
 2 SYSTEMPATH\Model.php(286): CodeIgniter\Database\BaseBuilder->get()
 3 SYSTEMPATH\BaseModel.php(677): CodeIgniter\Model->doFindAll(0, 0)
 4 APPPATH\Models\QardModel.php(67): CodeIgniter\BaseModel->findAll()
 5 APPPATH\Controllers\AdminDashboard.php(3331): App\Models\QardModel->getAngsuranWithAnggota()
 6 SYSTEMPATH\CodeIgniter.php(933): App\Controllers\AdminDashboard->installments()
 7 SYSTEMPATH\CodeIgniter.php(507): CodeIgniter\CodeIgniter->runController(Object(App\Controllers\AdminDashboard))
 8 SYSTEMPATH\CodeIgniter.php(354): CodeIgniter\CodeIgniter->handleRequest(null, Object(Config\Cache), false)
 9 SYSTEMPATH\Boot.php(363): CodeIgniter\CodeIgniter->run()
10 SYSTEMPATH\Boot.php(68): CodeIgniter\Boot::runCodeIgniter(Object(CodeIgniter\CodeIgniter))
11 FCPATH\index.php(59): CodeIgniter\Boot::bootWeb(Object(Config\Paths))
12 SYSTEMPATH\rewrite.php(44): require_once('D:\\Kumpulan Project IT\\Project Web\\koperasi-samara\\public\\index.php')
CRITICAL - 2026-08-03 03:47:26 --> [Caused by] CodeIgniter\Database\Exceptions\DatabaseException: Column 'status' in where clause is ambiguous
in SYSTEMPATH\Database\MySQLi\Connection.php on line 332.
 1 SYSTEMPATH\Database\BaseConnection.php(729): CodeIgniter\Database\MySQLi\Connection->execute('SELECT `qard`.*, `anggota`.`nama_lengkap`, `anggota`.`nomor_anggota`
FROM `qard`
LEFT JOIN `anggota` ON `anggota`.`id_anggota` = `qard`.`id_anggota`
WHERE `status` = \'aktif\'
AND `qard`.`status` IN (\'aktif\',\'lunas\')')
 2 SYSTEMPATH\Database\BaseConnection.php(646): CodeIgniter\Database\BaseConnection->simpleQuery('SELECT `qard`.*, `anggota`.`nama_lengkap`, `anggota`.`nomor_anggota`
FROM `qard`
LEFT JOIN `anggota` ON `anggota`.`id_anggota` = `qard`.`id_anggota`
WHERE `status` = \'aktif\'
AND `qard`.`status` IN (\'aktif\',\'lunas\')')
 3 SYSTEMPATH\Database\BaseBuilder.php(1649): CodeIgniter\Database\BaseConnection->query('SELECT `qard`.*, `anggota`.`nama_lengkap`, `anggota`.`nomor_anggota`
FROM `qard`
LEFT JOIN `anggota` ON `anggota`.`id_anggota` = `qard`.`id_anggota`
WHERE `status` = :status:
AND `qard`.`status` IN :qard.status:', [...], false)
 4 SYSTEMPATH\Model.php(286): CodeIgniter\Database\BaseBuilder->get()
 5 SYSTEMPATH\BaseModel.php(677): CodeIgniter\Model->doFindAll(0, 0)
 6 APPPATH\Models\QardModel.php(67): CodeIgniter\BaseModel->findAll()
 7 APPPATH\Controllers\AdminDashboard.php(3331): App\Models\QardModel->getAngsuranWithAnggota()
 8 SYSTEMPATH\CodeIgniter.php(933): App\Controllers\AdminDashboard->installments()
 9 SYSTEMPATH\CodeIgniter.php(507): CodeIgniter\CodeIgniter->runController(Object(App\Controllers\AdminDashboard))
10 SYSTEMPATH\CodeIgniter.php(354): CodeIgniter\CodeIgniter->handleRequest(null, Object(Config\Cache), false)
11 SYSTEMPATH\Boot.php(363): CodeIgniter\CodeIgniter->run()
12 SYSTEMPATH\Boot.php(68): CodeIgniter\Boot::runCodeIgniter(Object(CodeIgniter\CodeIgniter))
13 FCPATH\index.php(59): CodeIgniter\Boot::bootWeb(Object(Config\Paths))
14 SYSTEMPATH\rewrite.php(44): require_once('D:\\Kumpulan Project IT\\Project Web\\koperasi-samara\\public\\index.php')
CRITICAL - 2026-08-03 03:47:26 --> [Caused by] mysqli_sql_exception: Column 'status' in where clause is ambiguous
in SYSTEMPATH\Database\MySQLi\Connection.php on line 327.
 1 SYSTEMPATH\Database\MySQLi\Connection.php(327): mysqli->query('SELECT `qard`.*, `anggota`.`nama_lengkap`, `anggota`.`nomor_anggota`
FROM `qard`
LEFT JOIN `anggota` ON `anggota`.`id_anggota` = `qard`.`id_anggota`
WHERE `status` = \'aktif\'
AND `qard`.`status` IN (\'aktif\',\'lunas\')', 0)
 2 SYSTEMPATH\Database\BaseConnection.php(729): CodeIgniter\Database\MySQLi\Connection->execute('SELECT `qard`.*, `anggota`.`nama_lengkap`, `anggota`.`nomor_anggota`
FROM `qard`
LEFT JOIN `anggota` ON `anggota`.`id_anggota` = `qard`.`id_anggota`
WHERE `status` = \'aktif\'
AND `qard`.`status` IN (\'aktif\',\'lunas\')')
 3 SYSTEMPATH\Database\BaseConnection.php(646): CodeIgniter\Database\BaseConnection->simpleQuery('SELECT `qard`.*, `anggota`.`nama_lengkap`, `anggota`.`nomor_anggota`
FROM `qard`
LEFT JOIN `anggota` ON `anggota`.`id_anggota` = `qard`.`id_anggota`
WHERE `status` = \'aktif\'
AND `qard`.`status` IN (\'aktif\',\'lunas\')')
 4 SYSTEMPATH\Database\BaseBuilder.php(1649): CodeIgniter\Database\BaseConnection->query('SELECT `qard`.*, `anggota`.`nama_lengkap`, `anggota`.`nomor_anggota`
FROM `qard`
LEFT JOIN `anggota` ON `anggota`.`id_anggota` = `qard`.`id_anggota`
WHERE `status` = :status:
AND `qard`.`status` IN :qard.status:', [...], false)
 5 SYSTEMPATH\Model.php(286): CodeIgniter\Database\BaseBuilder->get()
 6 SYSTEMPATH\BaseModel.php(677): CodeIgniter\Model->doFindAll(0, 0)
 7 APPPATH\Models\QardModel.php(67): CodeIgniter\BaseModel->findAll()
 8 APPPATH\Controllers\AdminDashboard.php(3331): App\Models\QardModel->getAngsuranWithAnggota()
 9 SYSTEMPATH\CodeIgniter.php(933): App\Controllers\AdminDashboard->installments()
10 SYSTEMPATH\CodeIgniter.php(507): CodeIgniter\CodeIgniter->runController(Object(App\Controllers\AdminDashboard))
11 SYSTEMPATH\CodeIgniter.php(354): CodeIgniter\CodeIgniter->handleRequest(null, Object(Config\Cache), false)
12 SYSTEMPATH\Boot.php(363): CodeIgniter\CodeIgniter->run()
13 SYSTEMPATH\Boot.php(68): CodeIgniter\Boot::runCodeIgniter(Object(CodeIgniter\CodeIgniter))
14 FCPATH\index.php(59): CodeIgniter\Boot::bootWeb(Object(Config\Paths))
15 SYSTEMPATH\rewrite.php(44): require_once('D:\\Kumpulan Project IT\\Project Web\\koperasi-samara\\public\\index.php')
DEBUG - 2026-08-03 03:47:59 --> Session: Class initialized using 'CodeIgniter\Session\Handlers\FileHandler' driver.
DEBUG - 2026-08-03 03:48:27 --> Session: Class initialized using 'CodeIgniter\Session\Handlers\FileHandler' driver.
ERROR - 2026-08-03 03:48:27 --> mysqli_sql_exception: Column 'status' in where clause is ambiguous in D:\Kumpulan Project IT\Project Web\koperasi-samara\system\Database\MySQLi\Connection.php:327
Stack trace:
#0 D:\Kumpulan Project IT\Project Web\koperasi-samara\system\Database\MySQLi\Connection.php(327): mysqli->query('SELECT `qard`.*...', 0)
#1 D:\Kumpulan Project IT\Project Web\koperasi-samara\system\Database\BaseConnection.php(729): CodeIgniter\Database\MySQLi\Connection->execute('SELECT `qard`.*...')
#2 D:\Kumpulan Project IT\Project Web\koperasi-samara\system\Database\BaseConnection.php(646): CodeIgniter\Database\BaseConnection->simpleQuery('SELECT `qard`.*...')
#3 D:\Kumpulan Project IT\Project Web\koperasi-samara\system\Database\BaseBuilder.php(1649): CodeIgniter\Database\BaseConnection->query('SELECT `qard`.*...', Array, false)
#4 D:\Kumpulan Project IT\Project Web\koperasi-samara\system\Model.php(286): CodeIgniter\Database\BaseBuilder->get()
#5 D:\Kumpulan Project IT\Project Web\koperasi-samara\system\BaseModel.php(677): CodeIgniter\Model->doFindAll(0, 0)
#6 D:\Kumpulan Project IT\Project Web\koperasi-samara\app\Models\QardModel.php(67): CodeIgniter\BaseModel->findAll()
#7 D:\Kumpulan Project IT\Project Web\koperasi-samara\app\Controllers\AdminDashboard.php(3331): App\Models\QardModel->getAngsuranWithAnggota()
#8 D:\Kumpulan Project IT\Project Web\koperasi-samara\system\CodeIgniter.php(933): App\Controllers\AdminDashboard->installments()
#9 D:\Kumpulan Project IT\Project Web\koperasi-samara\system\CodeIgniter.php(507): CodeIgniter\CodeIgniter->runController(Object(App\Controllers\AdminDashboard))
#10 D:\Kumpulan Project IT\Project Web\koperasi-samara\system\CodeIgniter.php(354): CodeIgniter\CodeIgniter->handleRequest(NULL, Object(Config\Cache), false)
#11 D:\Kumpulan Project IT\Project Web\koperasi-samara\system\Boot.php(363): CodeIgniter\CodeIgniter->run()
#12 D:\Kumpulan Project IT\Project Web\koperasi-samara\system\Boot.php(68): CodeIgniter\Boot::runCodeIgniter(Object(CodeIgniter\CodeIgniter))
#13 D:\Kumpulan Project IT\Project Web\koperasi-samara\public\index.php(59): CodeIgniter\Boot::bootWeb(Object(Config\Paths))
#14 D:\Kumpulan Project IT\Project Web\koperasi-samara\system\rewrite.php(44): require_once('D:\\Kumpulan Pro...')
#15 {main}
CRITICAL - 2026-08-03 03:48:27 --> CodeIgniter\Database\Exceptions\DatabaseException: Column 'status' in where clause is ambiguous
[Method: GET, Route: admin/dashboard_admin/installments]
in SYSTEMPATH\Database\BaseConnection.php on line 684.
 1 SYSTEMPATH\Database\BaseBuilder.php(1649): CodeIgniter\Database\BaseConnection->query('SELECT `qard`.*, `anggota`.`nama_lengkap`, `anggota`.`nomor_anggota`
FROM `qard`
LEFT JOIN `anggota` ON `anggota`.`id_anggota` = `qard`.`id_anggota`
WHERE `status` = :status:
AND `qard`.`status` IN :qard.status:', [...], false)
 2 SYSTEMPATH\Model.php(286): CodeIgniter\Database\BaseBuilder->get()
 3 SYSTEMPATH\BaseModel.php(677): CodeIgniter\Model->doFindAll(0, 0)
 4 APPPATH\Models\QardModel.php(67): CodeIgniter\BaseModel->findAll()
 5 APPPATH\Controllers\AdminDashboard.php(3331): App\Models\QardModel->getAngsuranWithAnggota()
 6 SYSTEMPATH\CodeIgniter.php(933): App\Controllers\AdminDashboard->installments()
 7 SYSTEMPATH\CodeIgniter.php(507): CodeIgniter\CodeIgniter->runController(Object(App\Controllers\AdminDashboard))
 8 SYSTEMPATH\CodeIgniter.php(354): CodeIgniter\CodeIgniter->handleRequest(null, Object(Config\Cache), false)
 9 SYSTEMPATH\Boot.php(363): CodeIgniter\CodeIgniter->run()
10 SYSTEMPATH\Boot.php(68): CodeIgniter\Boot::runCodeIgniter(Object(CodeIgniter\CodeIgniter))
11 FCPATH\index.php(59): CodeIgniter\Boot::bootWeb(Object(Config\Paths))
12 SYSTEMPATH\rewrite.php(44): require_once('D:\\Kumpulan Project IT\\Project Web\\koperasi-samara\\public\\index.php')
CRITICAL - 2026-08-03 03:48:27 --> [Caused by] CodeIgniter\Database\Exceptions\DatabaseException: Column 'status' in where clause is ambiguous
in SYSTEMPATH\Database\MySQLi\Connection.php on line 332.
 1 SYSTEMPATH\Database\BaseConnection.php(729): CodeIgniter\Database\MySQLi\Connection->execute('SELECT `qard`.*, `anggota`.`nama_lengkap`, `anggota`.`nomor_anggota`
FROM `qard`
LEFT JOIN `anggota` ON `anggota`.`id_anggota` = `qard`.`id_anggota`
WHERE `status` = \'aktif\'
AND `qard`.`status` IN (\'aktif\',\'lunas\')')
 2 SYSTEMPATH\Database\BaseConnection.php(646): CodeIgniter\Database\BaseConnection->simpleQuery('SELECT `qard`.*, `anggota`.`nama_lengkap`, `anggota`.`nomor_anggota`
FROM `qard`
LEFT JOIN `anggota` ON `anggota`.`id_anggota` = `qard`.`id_anggota`
WHERE `status` = \'aktif\'
AND `qard`.`status` IN (\'aktif\',\'lunas\')')
 3 SYSTEMPATH\Database\BaseBuilder.php(1649): CodeIgniter\Database\BaseConnection->query('SELECT `qard`.*, `anggota`.`nama_lengkap`, `anggota`.`nomor_anggota`
FROM `qard`
LEFT JOIN `anggota` ON `anggota`.`id_anggota` = `qard`.`id_anggota`
WHERE `status` = :status:
AND `qard`.`status` IN :qard.status:', [...], false)
 4 SYSTEMPATH\Model.php(286): CodeIgniter\Database\BaseBuilder->get()
 5 SYSTEMPATH\BaseModel.php(677): CodeIgniter\Model->doFindAll(0, 0)
 6 APPPATH\Models\QardModel.php(67): CodeIgniter\BaseModel->findAll()
 7 APPPATH\Controllers\AdminDashboard.php(3331): App\Models\QardModel->getAngsuranWithAnggota()
 8 SYSTEMPATH\CodeIgniter.php(933): App\Controllers\AdminDashboard->installments()
 9 SYSTEMPATH\CodeIgniter.php(507): CodeIgniter\CodeIgniter->runController(Object(App\Controllers\AdminDashboard))
10 SYSTEMPATH\CodeIgniter.php(354): CodeIgniter\CodeIgniter->handleRequest(null, Object(Config\Cache), false)
11 SYSTEMPATH\Boot.php(363): CodeIgniter\CodeIgniter->run()
12 SYSTEMPATH\Boot.php(68): CodeIgniter\Boot::runCodeIgniter(Object(CodeIgniter\CodeIgniter))
13 FCPATH\index.php(59): CodeIgniter\Boot::bootWeb(Object(Config\Paths))
14 SYSTEMPATH\rewrite.php(44): require_once('D:\\Kumpulan Project IT\\Project Web\\koperasi-samara\\public\\index.php')
CRITICAL - 2026-08-03 03:48:27 --> [Caused by] mysqli_sql_exception: Column 'status' in where clause is ambiguous
in SYSTEMPATH\Database\MySQLi\Connection.php on line 327.
 1 SYSTEMPATH\Database\MySQLi\Connection.php(327): mysqli->query('SELECT `qard`.*, `anggota`.`nama_lengkap`, `anggota`.`nomor_anggota`
FROM `qard`
LEFT JOIN `anggota` ON `anggota`.`id_anggota` = `qard`.`id_anggota`
WHERE `status` = \'aktif\'
AND `qard`.`status` IN (\'aktif\',\'lunas\')', 0)
 2 SYSTEMPATH\Database\BaseConnection.php(729): CodeIgniter\Database\MySQLi\Connection->execute('SELECT `qard`.*, `anggota`.`nama_lengkap`, `anggota`.`nomor_anggota`
FROM `qard`
LEFT JOIN `anggota` ON `anggota`.`id_anggota` = `qard`.`id_anggota`
WHERE `status` = \'aktif\'
AND `qard`.`status` IN (\'aktif\',\'lunas\')')
 3 SYSTEMPATH\Database\BaseConnection.php(646): CodeIgniter\Database\BaseConnection->simpleQuery('SELECT `qard`.*, `anggota`.`nama_lengkap`, `anggota`.`nomor_anggota`
FROM `qard`
LEFT JOIN `anggota` ON `anggota`.`id_anggota` = `qard`.`id_anggota`
WHERE `status` = \'aktif\'
AND `qard`.`status` IN (\'aktif\',\'lunas\')')
 4 SYSTEMPATH\Database\BaseBuilder.php(1649): CodeIgniter\Database\BaseConnection->query('SELECT `qard`.*, `anggota`.`nama_lengkap`, `anggota`.`nomor_anggota`
FROM `qard`
LEFT JOIN `anggota` ON `anggota`.`id_anggota` = `qard`.`id_anggota`
WHERE `status` = :status:
AND `qard`.`status` IN :qard.status:', [...], false)
 5 SYSTEMPATH\Model.php(286): CodeIgniter\Database\BaseBuilder->get()
 6 SYSTEMPATH\BaseModel.php(677): CodeIgniter\Model->doFindAll(0, 0)
 7 APPPATH\Models\QardModel.php(67): CodeIgniter\BaseModel->findAll()
 8 APPPATH\Controllers\AdminDashboard.php(3331): App\Models\QardModel->getAngsuranWithAnggota()
 9 SYSTEMPATH\CodeIgniter.php(933): App\Controllers\AdminDashboard->installments()
10 SYSTEMPATH\CodeIgniter.php(507): CodeIgniter\CodeIgniter->runController(Object(App\Controllers\AdminDashboard))
11 SYSTEMPATH\CodeIgniter.php(354): CodeIgniter\CodeIgniter->handleRequest(null, Object(Config\Cache), false)
12 SYSTEMPATH\Boot.php(363): CodeIgniter\CodeIgniter->run()
13 SYSTEMPATH\Boot.php(68): CodeIgniter\Boot::runCodeIgniter(Object(CodeIgniter\CodeIgniter))
14 FCPATH\index.php(59): CodeIgniter\Boot::bootWeb(Object(Config\Paths))
15 SYSTEMPATH\rewrite.php(44): require_once('D:\\Kumpulan Project IT\\Project Web\\koperasi-samara\\public\\index.php')
DEBUG - 2026-08-03 03:51:01 --> Session: Class initialized using 'CodeIgniter\Session\Handlers\FileHandler' driver.
ERROR - 2026-08-03 03:51:02 --> mysqli_sql_exception: Column 'status' in where clause is ambiguous in D:\Kumpulan Project IT\Project Web\koperasi-samara\system\Database\MySQLi\Connection.php:327
Stack trace:
#0 D:\Kumpulan Project IT\Project Web\koperasi-samara\system\Database\MySQLi\Connection.php(327): mysqli->query('SELECT `qard`.*...', 0)
#1 D:\Kumpulan Project IT\Project Web\koperasi-samara\system\Database\BaseConnection.php(729): CodeIgniter\Database\MySQLi\Connection->execute('SELECT `qard`.*...')
#2 D:\Kumpulan Project IT\Project Web\koperasi-samara\system\Database\BaseConnection.php(646): CodeIgniter\Database\BaseConnection->simpleQuery('SELECT `qard`.*...')
#3 D:\Kumpulan Project IT\Project Web\koperasi-samara\system\Database\BaseBuilder.php(1649): CodeIgniter\Database\BaseConnection->query('SELECT `qard`.*...', Array, false)
#4 D:\Kumpulan Project IT\Project Web\koperasi-samara\system\Model.php(286): CodeIgniter\Database\BaseBuilder->get()
#5 D:\Kumpulan Project IT\Project Web\koperasi-samara\system\BaseModel.php(677): CodeIgniter\Model->doFindAll(0, 0)
#6 D:\Kumpulan Project IT\Project Web\koperasi-samara\app\Models\QardModel.php(67): CodeIgniter\BaseModel->findAll()
#7 D:\Kumpulan Project IT\Project Web\koperasi-samara\app\Controllers\AdminDashboard.php(3331): App\Models\QardModel->getAngsuranWithAnggota()
#8 D:\Kumpulan Project IT\Project Web\koperasi-samara\system\CodeIgniter.php(933): App\Controllers\AdminDashboard->installments()
#9 D:\Kumpulan Project IT\Project Web\koperasi-samara\system\CodeIgniter.php(507): CodeIgniter\CodeIgniter->runController(Object(App\Controllers\AdminDashboard))
#10 D:\Kumpulan Project IT\Project Web\koperasi-samara\system\CodeIgniter.php(354): CodeIgniter\CodeIgniter->handleRequest(NULL, Object(Config\Cache), false)
#11 D:\Kumpulan Project IT\Project Web\koperasi-samara\system\Boot.php(363): CodeIgniter\CodeIgniter->run()
#12 D:\Kumpulan Project IT\Project Web\koperasi-samara\system\Boot.php(68): CodeIgniter\Boot::runCodeIgniter(Object(CodeIgniter\CodeIgniter))
#13 D:\Kumpulan Project IT\Project Web\koperasi-samara\public\index.php(59): CodeIgniter\Boot::bootWeb(Object(Config\Paths))
#14 D:\Kumpulan Project IT\Project Web\koperasi-samara\system\rewrite.php(44): require_once('D:\\Kumpulan Pro...')
#15 {main}
CRITICAL - 2026-08-03 03:51:02 --> CodeIgniter\Database\Exceptions\DatabaseException: Column 'status' in where clause is ambiguous
[Method: GET, Route: admin/dashboard_admin/installments]
in SYSTEMPATH\Database\BaseConnection.php on line 684.
 1 SYSTEMPATH\Database\BaseBuilder.php(1649): CodeIgniter\Database\BaseConnection->query('SELECT `qard`.*, `anggota`.`nama_lengkap`, `anggota`.`nomor_anggota`
FROM `qard`
LEFT JOIN `anggota` ON `anggota`.`id_anggota` = `qard`.`id_anggota`
WHERE `status` = :status:
AND `qard`.`status` IN :qard.status:', [...], false)
 2 SYSTEMPATH\Model.php(286): CodeIgniter\Database\BaseBuilder->get()
 3 SYSTEMPATH\BaseModel.php(677): CodeIgniter\Model->doFindAll(0, 0)
 4 APPPATH\Models\QardModel.php(67): CodeIgniter\BaseModel->findAll()
 5 APPPATH\Controllers\AdminDashboard.php(3331): App\Models\QardModel->getAngsuranWithAnggota()
 6 SYSTEMPATH\CodeIgniter.php(933): App\Controllers\AdminDashboard->installments()
 7 SYSTEMPATH\CodeIgniter.php(507): CodeIgniter\CodeIgniter->runController(Object(App\Controllers\AdminDashboard))
 8 SYSTEMPATH\CodeIgniter.php(354): CodeIgniter\CodeIgniter->handleRequest(null, Object(Config\Cache), false)
 9 SYSTEMPATH\Boot.php(363): CodeIgniter\CodeIgniter->run()
10 SYSTEMPATH\Boot.php(68): CodeIgniter\Boot::runCodeIgniter(Object(CodeIgniter\CodeIgniter))
11 FCPATH\index.php(59): CodeIgniter\Boot::bootWeb(Object(Config\Paths))
12 SYSTEMPATH\rewrite.php(44): require_once('D:\\Kumpulan Project IT\\Project Web\\koperasi-samara\\public\\index.php')
CRITICAL - 2026-08-03 03:51:02 --> [Caused by] CodeIgniter\Database\Exceptions\DatabaseException: Column 'status' in where clause is ambiguous
in SYSTEMPATH\Database\MySQLi\Connection.php on line 332.
 1 SYSTEMPATH\Database\BaseConnection.php(729): CodeIgniter\Database\MySQLi\Connection->execute('SELECT `qard`.*, `anggota`.`nama_lengkap`, `anggota`.`nomor_anggota`
FROM `qard`
LEFT JOIN `anggota` ON `anggota`.`id_anggota` = `qard`.`id_anggota`
WHERE `status` = \'aktif\'
AND `qard`.`status` IN (\'aktif\',\'lunas\')')
 2 SYSTEMPATH\Database\BaseConnection.php(646): CodeIgniter\Database\BaseConnection->simpleQuery('SELECT `qard`.*, `anggota`.`nama_lengkap`, `anggota`.`nomor_anggota`
FROM `qard`
LEFT JOIN `anggota` ON `anggota`.`id_anggota` = `qard`.`id_anggota`
WHERE `status` = \'aktif\'
AND `qard`.`status` IN (\'aktif\',\'lunas\')')
 3 SYSTEMPATH\Database\BaseBuilder.php(1649): CodeIgniter\Database\BaseConnection->query('SELECT `qard`.*, `anggota`.`nama_lengkap`, `anggota`.`nomor_anggota`
FROM `qard`
LEFT JOIN `anggota` ON `anggota`.`id_anggota` = `qard`.`id_anggota`
WHERE `status` = :status:
AND `qard`.`status` IN :qard.status:', [...], false)
 4 SYSTEMPATH\Model.php(286): CodeIgniter\Database\BaseBuilder->get()
 5 SYSTEMPATH\BaseModel.php(677): CodeIgniter\Model->doFindAll(0, 0)
 6 APPPATH\Models\QardModel.php(67): CodeIgniter\BaseModel->findAll()
 7 APPPATH\Controllers\AdminDashboard.php(3331): App\Models\QardModel->getAngsuranWithAnggota()
 8 SYSTEMPATH\CodeIgniter.php(933): App\Controllers\AdminDashboard->installments()
 9 SYSTEMPATH\CodeIgniter.php(507): CodeIgniter\CodeIgniter->runController(Object(App\Controllers\AdminDashboard))
10 SYSTEMPATH\CodeIgniter.php(354): CodeIgniter\CodeIgniter->handleRequest(null, Object(Config\Cache), false)
11 SYSTEMPATH\Boot.php(363): CodeIgniter\CodeIgniter->run()
12 SYSTEMPATH\Boot.php(68): CodeIgniter\Boot::runCodeIgniter(Object(CodeIgniter\CodeIgniter))
13 FCPATH\index.php(59): CodeIgniter\Boot::bootWeb(Object(Config\Paths))
14 SYSTEMPATH\rewrite.php(44): require_once('D:\\Kumpulan Project IT\\Project Web\\koperasi-samara\\public\\index.php')
CRITICAL - 2026-08-03 03:51:02 --> [Caused by] mysqli_sql_exception: Column 'status' in where clause is ambiguous
in SYSTEMPATH\Database\MySQLi\Connection.php on line 327.
 1 SYSTEMPATH\Database\MySQLi\Connection.php(327): mysqli->query('SELECT `qard`.*, `anggota`.`nama_lengkap`, `anggota`.`nomor_anggota`
FROM `qard`
LEFT JOIN `anggota` ON `anggota`.`id_anggota` = `qard`.`id_anggota`
WHERE `status` = \'aktif\'
AND `qard`.`status` IN (\'aktif\',\'lunas\')', 0)
 2 SYSTEMPATH\Database\BaseConnection.php(729): CodeIgniter\Database\MySQLi\Connection->execute('SELECT `qard`.*, `anggota`.`nama_lengkap`, `anggota`.`nomor_anggota`
FROM `qard`
LEFT JOIN `anggota` ON `anggota`.`id_anggota` = `qard`.`id_anggota`
WHERE `status` = \'aktif\'
AND `qard`.`status` IN (\'aktif\',\'lunas\')')
 3 SYSTEMPATH\Database\BaseConnection.php(646): CodeIgniter\Database\BaseConnection->simpleQuery('SELECT `qard`.*, `anggota`.`nama_lengkap`, `anggota`.`nomor_anggota`
FROM `qard`
LEFT JOIN `anggota` ON `anggota`.`id_anggota` = `qard`.`id_anggota`
WHERE `status` = \'aktif\'
AND `qard`.`status` IN (\'aktif\',\'lunas\')')
 4 SYSTEMPATH\Database\BaseBuilder.php(1649): CodeIgniter\Database\BaseConnection->query('SELECT `qard`.*, `anggota`.`nama_lengkap`, `anggota`.`nomor_anggota`
FROM `qard`
LEFT JOIN `anggota` ON `anggota`.`id_anggota` = `qard`.`id_anggota`
WHERE `status` = :status:
AND `qard`.`status` IN :qard.status:', [...], false)
 5 SYSTEMPATH\Model.php(286): CodeIgniter\Database\BaseBuilder->get()
 6 SYSTEMPATH\BaseModel.php(677): CodeIgniter\Model->doFindAll(0, 0)
 7 APPPATH\Models\QardModel.php(67): CodeIgniter\BaseModel->findAll()
 8 APPPATH\Controllers\AdminDashboard.php(3331): App\Models\QardModel->getAngsuranWithAnggota()
 9 SYSTEMPATH\CodeIgniter.php(933): App\Controllers\AdminDashboard->installments()
10 SYSTEMPATH\CodeIgniter.php(507): CodeIgniter\CodeIgniter->runController(Object(App\Controllers\AdminDashboard))
11 SYSTEMPATH\CodeIgniter.php(354): CodeIgniter\CodeIgniter->handleRequest(null, Object(Config\Cache), false)
12 SYSTEMPATH\Boot.php(363): CodeIgniter\CodeIgniter->run()
13 SYSTEMPATH\Boot.php(68): CodeIgniter\Boot::runCodeIgniter(Object(CodeIgniter\CodeIgniter))
14 FCPATH\index.php(59): CodeIgniter\Boot::bootWeb(Object(Config\Paths))
15 SYSTEMPATH\rewrite.php(44): require_once('D:\\Kumpulan Project IT\\Project Web\\koperasi-samara\\public\\index.php')
DEBUG - 2026-08-03 03:51:11 --> Session: Class initialized using 'CodeIgniter\Session\Handlers\FileHandler' driver.
ERROR - 2026-08-03 03:51:11 --> mysqli_sql_exception: Column 'status' in where clause is ambiguous in D:\Kumpulan Project IT\Project Web\koperasi-samara\system\Database\MySQLi\Connection.php:327
Stack trace:
#0 D:\Kumpulan Project IT\Project Web\koperasi-samara\system\Database\MySQLi\Connection.php(327): mysqli->query('SELECT `qard`.*...', 0)
#1 D:\Kumpulan Project IT\Project Web\koperasi-samara\system\Database\BaseConnection.php(729): CodeIgniter\Database\MySQLi\Connection->execute('SELECT `qard`.*...')
#2 D:\Kumpulan Project IT\Project Web\koperasi-samara\system\Database\BaseConnection.php(646): CodeIgniter\Database\BaseConnection->simpleQuery('SELECT `qard`.*...')
#3 D:\Kumpulan Project IT\Project Web\koperasi-samara\system\Database\BaseBuilder.php(1649): CodeIgniter\Database\BaseConnection->query('SELECT `qard`.*...', Array, false)
#4 D:\Kumpulan Project IT\Project Web\koperasi-samara\system\Model.php(286): CodeIgniter\Database\BaseBuilder->get()
#5 D:\Kumpulan Project IT\Project Web\koperasi-samara\system\BaseModel.php(677): CodeIgniter\Model->doFindAll(0, 0)
#6 D:\Kumpulan Project IT\Project Web\koperasi-samara\app\Models\QardModel.php(67): CodeIgniter\BaseModel->findAll()
#7 D:\Kumpulan Project IT\Project Web\koperasi-samara\app\Controllers\AdminDashboard.php(3331): App\Models\QardModel->getAngsuranWithAnggota()
#8 D:\Kumpulan Project IT\Project Web\koperasi-samara\system\CodeIgniter.php(933): App\Controllers\AdminDashboard->installments()
#9 D:\Kumpulan Project IT\Project Web\koperasi-samara\system\CodeIgniter.php(507): CodeIgniter\CodeIgniter->runController(Object(App\Controllers\AdminDashboard))
#10 D:\Kumpulan Project IT\Project Web\koperasi-samara\system\CodeIgniter.php(354): CodeIgniter\CodeIgniter->handleRequest(NULL, Object(Config\Cache), false)
#11 D:\Kumpulan Project IT\Project Web\koperasi-samara\system\Boot.php(363): CodeIgniter\CodeIgniter->run()
#12 D:\Kumpulan Project IT\Project Web\koperasi-samara\system\Boot.php(68): CodeIgniter\Boot::runCodeIgniter(Object(CodeIgniter\CodeIgniter))
#13 D:\Kumpulan Project IT\Project Web\koperasi-samara\public\index.php(59): CodeIgniter\Boot::bootWeb(Object(Config\Paths))
#14 D:\Kumpulan Project IT\Project Web\koperasi-samara\system\rewrite.php(44): require_once('D:\\Kumpulan Pro...')
#15 {main}
CRITICAL - 2026-08-03 03:51:11 --> CodeIgniter\Database\Exceptions\DatabaseException: Column 'status' in where clause is ambiguous
[Method: GET, Route: admin/dashboard_admin/installments]
in SYSTEMPATH\Database\BaseConnection.php on line 684.
 1 SYSTEMPATH\Database\BaseBuilder.php(1649): CodeIgniter\Database\BaseConnection->query('SELECT `qard`.*, `anggota`.`nama_lengkap`, `anggota`.`nomor_anggota`
FROM `qard`
LEFT JOIN `anggota` ON `anggota`.`id_anggota` = `qard`.`id_anggota`
WHERE `status` = :status:
AND `qard`.`status` IN :qard.status:', [...], false)
 2 SYSTEMPATH\Model.php(286): CodeIgniter\Database\BaseBuilder->get()
 3 SYSTEMPATH\BaseModel.php(677): CodeIgniter\Model->doFindAll(0, 0)
 4 APPPATH\Models\QardModel.php(67): CodeIgniter\BaseModel->findAll()
 5 APPPATH\Controllers\AdminDashboard.php(3331): App\Models\QardModel->getAngsuranWithAnggota()
 6 SYSTEMPATH\CodeIgniter.php(933): App\Controllers\AdminDashboard->installments()
 7 SYSTEMPATH\CodeIgniter.php(507): CodeIgniter\CodeIgniter->runController(Object(App\Controllers\AdminDashboard))
 8 SYSTEMPATH\CodeIgniter.php(354): CodeIgniter\CodeIgniter->handleRequest(null, Object(Config\Cache), false)
 9 SYSTEMPATH\Boot.php(363): CodeIgniter\CodeIgniter->run()
10 SYSTEMPATH\Boot.php(68): CodeIgniter\Boot::runCodeIgniter(Object(CodeIgniter\CodeIgniter))
11 FCPATH\index.php(59): CodeIgniter\Boot::bootWeb(Object(Config\Paths))
12 SYSTEMPATH\rewrite.php(44): require_once('D:\\Kumpulan Project IT\\Project Web\\koperasi-samara\\public\\index.php')
CRITICAL - 2026-08-03 03:51:11 --> [Caused by] CodeIgniter\Database\Exceptions\DatabaseException: Column 'status' in where clause is ambiguous
in SYSTEMPATH\Database\MySQLi\Connection.php on line 332.
 1 SYSTEMPATH\Database\BaseConnection.php(729): CodeIgniter\Database\MySQLi\Connection->execute('SELECT `qard`.*, `anggota`.`nama_lengkap`, `anggota`.`nomor_anggota`
FROM `qard`
LEFT JOIN `anggota` ON `anggota`.`id_anggota` = `qard`.`id_anggota`
WHERE `status` = \'aktif\'
AND `qard`.`status` IN (\'aktif\',\'lunas\')')
 2 SYSTEMPATH\Database\BaseConnection.php(646): CodeIgniter\Database\BaseConnection->simpleQuery('SELECT `qard`.*, `anggota`.`nama_lengkap`, `anggota`.`nomor_anggota`
FROM `qard`
LEFT JOIN `anggota` ON `anggota`.`id_anggota` = `qard`.`id_anggota`
WHERE `status` = \'aktif\'
AND `qard`.`status` IN (\'aktif\',\'lunas\')')
 3 SYSTEMPATH\Database\BaseBuilder.php(1649): CodeIgniter\Database\BaseConnection->query('SELECT `qard`.*, `anggota`.`nama_lengkap`, `anggota`.`nomor_anggota`
FROM `qard`
LEFT JOIN `anggota` ON `anggota`.`id_anggota` = `qard`.`id_anggota`
WHERE `status` = :status:
AND `qard`.`status` IN :qard.status:', [...], false)
 4 SYSTEMPATH\Model.php(286): CodeIgniter\Database\BaseBuilder->get()
 5 SYSTEMPATH\BaseModel.php(677): CodeIgniter\Model->doFindAll(0, 0)
 6 APPPATH\Models\QardModel.php(67): CodeIgniter\BaseModel->findAll()
 7 APPPATH\Controllers\AdminDashboard.php(3331): App\Models\QardModel->getAngsuranWithAnggota()
 8 SYSTEMPATH\CodeIgniter.php(933): App\Controllers\AdminDashboard->installments()
 9 SYSTEMPATH\CodeIgniter.php(507): CodeIgniter\CodeIgniter->runController(Object(App\Controllers\AdminDashboard))
10 SYSTEMPATH\CodeIgniter.php(354): CodeIgniter\CodeIgniter->handleRequest(null, Object(Config\Cache), false)
11 SYSTEMPATH\Boot.php(363): CodeIgniter\CodeIgniter->run()
12 SYSTEMPATH\Boot.php(68): CodeIgniter\Boot::runCodeIgniter(Object(CodeIgniter\CodeIgniter))
13 FCPATH\index.php(59): CodeIgniter\Boot::bootWeb(Object(Config\Paths))
14 SYSTEMPATH\rewrite.php(44): require_once('D:\\Kumpulan Project IT\\Project Web\\koperasi-samara\\public\\index.php')
CRITICAL - 2026-08-03 03:51:11 --> [Caused by] mysqli_sql_exception: Column 'status' in where clause is ambiguous
in SYSTEMPATH\Database\MySQLi\Connection.php on line 327.
 1 SYSTEMPATH\Database\MySQLi\Connection.php(327): mysqli->query('SELECT `qard`.*, `anggota`.`nama_lengkap`, `anggota`.`nomor_anggota`
FROM `qard`
LEFT JOIN `anggota` ON `anggota`.`id_anggota` = `qard`.`id_anggota`
WHERE `status` = \'aktif\'
AND `qard`.`status` IN (\'aktif\',\'lunas\')', 0)
 2 SYSTEMPATH\Database\BaseConnection.php(729): CodeIgniter\Database\MySQLi\Connection->execute('SELECT `qard`.*, `anggota`.`nama_lengkap`, `anggota`.`nomor_anggota`
FROM `qard`
LEFT JOIN `anggota` ON `anggota`.`id_anggota` = `qard`.`id_anggota`
WHERE `status` = \'aktif\'
AND `qard`.`status` IN (\'aktif\',\'lunas\')')
 3 SYSTEMPATH\Database\BaseConnection.php(646): CodeIgniter\Database\BaseConnection->simpleQuery('SELECT `qard`.*, `anggota`.`nama_lengkap`, `anggota`.`nomor_anggota`
FROM `qard`
LEFT JOIN `anggota` ON `anggota`.`id_anggota` = `qard`.`id_anggota`
WHERE `status` = \'aktif\'
AND `qard`.`status` IN (\'aktif\',\'lunas\')')
 4 SYSTEMPATH\Database\BaseBuilder.php(1649): CodeIgniter\Database\BaseConnection->query('SELECT `qard`.*, `anggota`.`nama_lengkap`, `anggota`.`nomor_anggota`
FROM `qard`
LEFT JOIN `anggota` ON `anggota`.`id_anggota` = `qard`.`id_anggota`
WHERE `status` = :status:
AND `qard`.`status` IN :qard.status:', [...], false)
 5 SYSTEMPATH\Model.php(286): CodeIgniter\Database\BaseBuilder->get()
 6 SYSTEMPATH\BaseModel.php(677): CodeIgniter\Model->doFindAll(0, 0)
 7 APPPATH\Models\QardModel.php(67): CodeIgniter\BaseModel->findAll()
 8 APPPATH\Controllers\AdminDashboard.php(3331): App\Models\QardModel->getAngsuranWithAnggota()
 9 SYSTEMPATH\CodeIgniter.php(933): App\Controllers\AdminDashboard->installments()
10 SYSTEMPATH\CodeIgniter.php(507): CodeIgniter\CodeIgniter->runController(Object(App\Controllers\AdminDashboard))
11 SYSTEMPATH\CodeIgniter.php(354): CodeIgniter\CodeIgniter->handleRequest(null, Object(Config\Cache), false)
12 SYSTEMPATH\Boot.php(363): CodeIgniter\CodeIgniter->run()
13 SYSTEMPATH\Boot.php(68): CodeIgniter\Boot::runCodeIgniter(Object(CodeIgniter\CodeIgniter))
14 FCPATH\index.php(59): CodeIgniter\Boot::bootWeb(Object(Config\Paths))
15 SYSTEMPATH\rewrite.php(44): require_once('D:\\Kumpulan Project IT\\Project Web\\koperasi-samara\\public\\index.php')
DEBUG - 2026-08-03 03:53:26 --> Session: Class initialized using 'CodeIgniter\Session\Handlers\FileHandler' driver.
DEBUG - 2026-08-03 03:53:38 --> Session: Class initialized using 'CodeIgniter\Session\Handlers\FileHandler' driver.
DEBUG - 2026-08-03 03:53:44 --> Session: Class initialized using 'CodeIgniter\Session\Handlers\FileHandler' driver.
DEBUG - 2026-08-03 03:54:14 --> Session: Class initialized using 'CodeIgniter\Session\Handlers\FileHandler' driver.
DEBUG - 2026-08-03 03:54:14 --> Session: Class initialized using 'CodeIgniter\Session\Handlers\FileHandler' driver.
DEBUG - 2026-08-03 03:54:14 --> Session: Class initialized using 'CodeIgniter\Session\Handlers\FileHandler' driver.
DEBUG - 2026-08-03 03:54:18 --> Session: Class initialized using 'CodeIgniter\Session\Handlers\FileHandler' driver.
DEBUG - 2026-08-03 03:54:18 --> Session: Class initialized using 'CodeIgniter\Session\Handlers\FileHandler' driver.
DEBUG - 2026-08-03 03:54:18 --> Session: Class initialized using 'CodeIgniter\Session\Handlers\FileHandler' driver.
DEBUG - 2026-08-03 03:54:26 --> Session: Class initialized using 'CodeIgniter\Session\Handlers\FileHandler' driver.
DEBUG - 2026-08-03 03:54:30 --> Session: Class initialized using 'CodeIgniter\Session\Handlers\FileHandler' driver.
DEBUG - 2026-08-03 03:54:35 --> Session: Class initialized using 'CodeIgniter\Session\Handlers\FileHandler' driver.
DEBUG - 2026-08-03 03:54:39 --> Session: Class initialized using 'CodeIgniter\Session\Handlers\FileHandler' driver.
DEBUG - 2026-08-03 03:54:39 --> Session: Class initialized using 'CodeIgniter\Session\Handlers\FileHandler' driver.
DEBUG - 2026-08-03 03:54:41 --> Session: Class initialized using 'CodeIgniter\Session\Handlers\FileHandler' driver.
DEBUG - 2026-08-03 03:54:43 --> Session: Class initialized using 'CodeIgniter\Session\Handlers\FileHandler' driver.
DEBUG - 2026-08-03 03:54:48 --> Session: Class initialized using 'CodeIgniter\Session\Handlers\FileHandler' driver.
DEBUG - 2026-08-03 03:54:53 --> Session: Class initialized using 'CodeIgniter\Session\Handlers\FileHandler' driver.
DEBUG - 2026-08-03 03:54:55 --> Session: Class initialized using 'CodeIgniter\Session\Handlers\FileHandler' driver.
DEBUG - 2026-08-03 03:54:55 --> Session: Class initialized using 'CodeIgniter\Session\Handlers\FileHandler' driver.
DEBUG - 2026-08-03 03:55:01 --> Session: Class initialized using 'CodeIgniter\Session\Handlers\FileHandler' driver.
DEBUG - 2026-08-03 03:55:15 --> Session: Class initialized using 'CodeIgniter\Session\Handlers\FileHandler' driver.
DEBUG - 2026-08-03 03:55:15 --> Session: Class initialized using 'CodeIgniter\Session\Handlers\FileHandler' driver.
DEBUG - 2026-08-03 03:55:15 --> Session: Class initialized using 'CodeIgniter\Session\Handlers\FileHandler' driver.
DEBUG - 2026-08-03 03:55:18 --> Session: Class initialized using 'CodeIgniter\Session\Handlers\FileHandler' driver.
DEBUG - 2026-08-03 03:55:18 --> Session: Class initialized using 'CodeIgniter\Session\Handlers\FileHandler' driver.
DEBUG - 2026-08-03 03:55:19 --> Session: Class initialized using 'CodeIgniter\Session\Handlers\FileHandler' driver.
DEBUG - 2026-08-03 03:55:23 --> Session: Class initialized using 'CodeIgniter\Session\Handlers\FileHandler' driver.
DEBUG - 2026-08-03 03:55:29 --> Session: Class initialized using 'CodeIgniter\Session\Handlers\FileHandler' driver.
DEBUG - 2026-08-03 03:55:33 --> Session: Class initialized using 'CodeIgniter\Session\Handlers\FileHandler' driver.
DEBUG - 2026-08-03 03:55:37 --> Session: Class initialized using 'CodeIgniter\Session\Handlers\FileHandler' driver.
DEBUG - 2026-08-03 03:55:37 --> Session: Class initialized using 'CodeIgniter\Session\Handlers\FileHandler' driver.
DEBUG - 2026-08-03 03:55:39 --> Session: Class initialized using 'CodeIgniter\Session\Handlers\FileHandler' driver.
DEBUG - 2026-08-03 03:55:47 --> Session: Class initialized using 'CodeIgniter\Session\Handlers\FileHandler' driver.
DEBUG - 2026-08-03 03:55:52 --> Session: Class initialized using 'CodeIgniter\Session\Handlers\FileHandler' driver.
DEBUG - 2026-08-03 03:56:17 --> Session: Class initialized using 'CodeIgniter\Session\Handlers\FileHandler' driver.
DEBUG - 2026-08-03 03:56:41 --> Session: Class initialized using 'CodeIgniter\Session\Handlers\FileHandler' driver.
DEBUG - 2026-08-03 03:56:42 --> Session: Class initialized using 'CodeIgniter\Session\Handlers\FileHandler' driver.
DEBUG - 2026-08-03 03:56:42 --> Session: Class initialized using 'CodeIgniter\Session\Handlers\FileHandler' driver.
DEBUG - 2026-08-03 03:56:45 --> Session: Class initialized using 'CodeIgniter\Session\Handlers\FileHandler' driver.
DEBUG - 2026-08-03 03:56:45 --> Session: Class initialized using 'CodeIgniter\Session\Handlers\FileHandler' driver.
DEBUG - 2026-08-03 03:56:46 --> Session: Class initialized using 'CodeIgniter\Session\Handlers\FileHandler' driver.
DEBUG - 2026-08-03 03:56:48 --> Session: Class initialized using 'CodeIgniter\Session\Handlers\FileHandler' driver.
DEBUG - 2026-08-03 03:56:53 --> Session: Class initialized using 'CodeIgniter\Session\Handlers\FileHandler' driver.
DEBUG - 2026-08-03 03:56:58 --> Session: Class initialized using 'CodeIgniter\Session\Handlers\FileHandler' driver.
DEBUG - 2026-08-03 03:56:58 --> Session: Class initialized using 'CodeIgniter\Session\Handlers\FileHandler' driver.
DEBUG - 2026-08-03 03:56:59 --> Session: Class initialized using 'CodeIgniter\Session\Handlers\FileHandler' driver.
DEBUG - 2026-08-03 03:57:11 --> Session: Class initialized using 'CodeIgniter\Session\Handlers\FileHandler' driver.
DEBUG - 2026-08-03 03:57:24 --> Session: Class initialized using 'CodeIgniter\Session\Handlers\FileHandler' driver.
DEBUG - 2026-08-03 03:57:24 --> === DEBUG DETAIL: MENGAMBIL PINJAMAN AKTIF ===
DEBUG - 2026-08-03 03:57:24 --> ID Anggota: 46
DEBUG - 2026-08-03 03:57:24 --> Jumlah Qard aktif ditemukan: 0
DEBUG - 2026-08-03 03:57:24 --> Jumlah Murabahah aktif ditemukan: 1
DEBUG - 2026-08-03 03:57:24 --> 🔍 DETAIL MURABAHAH:
DEBUG - 2026-08-03 03:57:24 -->   - ID: 36
DEBUG - 2026-08-03 03:57:24 -->   - Jumlah Pinjam: 11000000.00
DEBUG - 2026-08-03 03:57:24 -->   - Jumlah Terbayar: 0.00
DEBUG - 2026-08-03 03:57:24 -->   - Jumlah Angsuran: 10
DEBUG - 2026-08-03 03:57:24 --> hitungAngsuranBerjalanFix: Terbayar=0, Pinjam=11000000, Tenor=10
DEBUG - 2026-08-03 03:57:24 -->   - Angsuran Berjalan: 0
DEBUG - 2026-08-03 03:57:24 -->   - Bisa Bayar: YA ✅
DEBUG - 2026-08-03 03:57:24 --> Jumlah Mudharabah aktif ditemukan: 0
DEBUG - 2026-08-03 03:57:24 --> === TOTAL SEMUA PINJAMAN AKTIF: 1 ===
DEBUG - 2026-08-03 03:57:24 --> === MENGAMBIL PINJAMAN LUNAS DARI 3 TABEL ===
DEBUG - 2026-08-03 03:57:24 --> Data Qard lunas: 1
DEBUG - 2026-08-03 03:57:24 --> Data Murabahah lunas: 0
DEBUG - 2026-08-03 03:57:24 --> Data Mudharabah lunas: 0
DEBUG - 2026-08-03 03:57:24 --> Total semua pinjaman lunas: 1
DEBUG - 2026-08-03 03:57:24 --> === MENGHITUNG SUMMARY CICILAN ===
DEBUG - 2026-08-03 03:57:24 --> Total pinjaman aktif: 1
DEBUG - 2026-08-03 03:57:24 --> Processing: murabahah - Pinjaman Murabahah, Bisa Bayar: Ya
DEBUG - 2026-08-03 03:57:24 --> Jatuh tempo: 2026-09-03, Today: 2026-08-03
DEBUG - 2026-08-03 03:57:24 --> Jatuh tempo terdekat diupdate: 2026-09-03
DEBUG - 2026-08-03 03:57:24 --> Summary result: Array
(
    [total_pinjaman_aktif] => 1
    [total_angsuran_bulanan] => 1100000
    [jatuh_tempo_terdekat] => 2026-09-03
    [total_qard] => 0
    [total_murabahah] => 11000000
    [total_mudharabah] => 0
)

DEBUG - 2026-08-03 03:57:26 --> Session: Class initialized using 'CodeIgniter\Session\Handlers\FileHandler' driver.
DEBUG - 2026-08-03 03:57:33 --> Session: Class initialized using 'CodeIgniter\Session\Handlers\FileHandler' driver.
DEBUG - 2026-08-03 03:57:35 --> Session: Class initialized using 'CodeIgniter\Session\Handlers\FileHandler' driver.
DEBUG - 2026-08-03 03:57:35 --> Session: Class initialized using 'CodeIgniter\Session\Handlers\FileHandler' driver.
DEBUG - 2026-08-03 03:57:35 --> Session: Class initialized using 'CodeIgniter\Session\Handlers\FileHandler' driver.
DEBUG - 2026-08-03 03:57:36 --> Session: Class initialized using 'CodeIgniter\Session\Handlers\FileHandler' driver.
DEBUG - 2026-08-03 03:57:36 --> Session: Class initialized using 'CodeIgniter\Session\Handlers\FileHandler' driver.
ERROR - 2026-08-03 03:57:36 --> mysqli_sql_exception: Column 'nama_lengkap' in where clause is ambiguous in D:\Kumpulan Project IT\Project Web\koperasi-samara\system\Database\MySQLi\Connection.php:327
Stack trace:
#0 D:\Kumpulan Project IT\Project Web\koperasi-samara\system\Database\MySQLi\Connection.php(327): mysqli->query('SELECT `anggota...', 0)
#1 D:\Kumpulan Project IT\Project Web\koperasi-samara\system\Database\BaseConnection.php(729): CodeIgniter\Database\MySQLi\Connection->execute('SELECT `anggota...')
#2 D:\Kumpulan Project IT\Project Web\koperasi-samara\system\Database\BaseConnection.php(646): CodeIgniter\Database\BaseConnection->simpleQuery('SELECT `anggota...')
#3 D:\Kumpulan Project IT\Project Web\koperasi-samara\system\Database\BaseBuilder.php(1649): CodeIgniter\Database\BaseConnection->query('SELECT `anggota...', Array, false)
#4 D:\Kumpulan Project IT\Project Web\koperasi-samara\system\Model.php(286): CodeIgniter\Database\BaseBuilder->get()
#5 D:\Kumpulan Project IT\Project Web\koperasi-samara\system\BaseModel.php(677): CodeIgniter\Model->doFindAll(10, 0)
#6 D:\Kumpulan Project IT\Project Web\koperasi-samara\app\Controllers\AdminDashboard.php(115): CodeIgniter\BaseModel->findAll(10)
#7 D:\Kumpulan Project IT\Project Web\koperasi-samara\system\CodeIgniter.php(933): App\Controllers\AdminDashboard->searchAnggota()
#8 D:\Kumpulan Project IT\Project Web\koperasi-samara\system\CodeIgniter.php(507): CodeIgniter\CodeIgniter->runController(Object(App\Controllers\AdminDashboard))
#9 D:\Kumpulan Project IT\Project Web\koperasi-samara\system\CodeIgniter.php(354): CodeIgniter\CodeIgniter->handleRequest(NULL, Object(Config\Cache), false)
#10 D:\Kumpulan Project IT\Project Web\koperasi-samara\system\Boot.php(363): CodeIgniter\CodeIgniter->run()
#11 D:\Kumpulan Project IT\Project Web\koperasi-samara\system\Boot.php(68): CodeIgniter\Boot::runCodeIgniter(Object(CodeIgniter\CodeIgniter))
#12 D:\Kumpulan Project IT\Project Web\koperasi-samara\public\index.php(59): CodeIgniter\Boot::bootWeb(Object(Config\Paths))
#13 D:\Kumpulan Project IT\Project Web\koperasi-samara\system\rewrite.php(44): require_once('D:\\Kumpulan Pro...')
#14 {main}
CRITICAL - 2026-08-03 03:57:36 --> CodeIgniter\Database\Exceptions\DatabaseException: Column 'nama_lengkap' in where clause is ambiguous
[Method: GET, Route: admin/search-anggota]
in SYSTEMPATH\Database\BaseConnection.php on line 684.
 1 SYSTEMPATH\Database\BaseBuilder.php(1649): CodeIgniter\Database\BaseConnection->query('SELECT `anggota`.*, `users`.`id` AS `id_user`, `users`.`username` AS `username_user`
FROM `anggota`
LEFT JOIN `users` ON `users`.`id` = `anggota`.`id_anggota`
WHERE `nama_lengkap` LIKE :nama_lengkap: ESCAPE \'!\'
OR  `no_ktp` LIKE :no_ktp: ESCAPE \'!\'
 LIMIT 10', [...], false)
 2 SYSTEMPATH\Model.php(286): CodeIgniter\Database\BaseBuilder->get()
 3 SYSTEMPATH\BaseModel.php(677): CodeIgniter\Model->doFindAll(10, 0)
 4 APPPATH\Controllers\AdminDashboard.php(115): CodeIgniter\BaseModel->findAll(10)
 5 SYSTEMPATH\CodeIgniter.php(933): App\Controllers\AdminDashboard->searchAnggota()
 6 SYSTEMPATH\CodeIgniter.php(507): CodeIgniter\CodeIgniter->runController(Object(App\Controllers\AdminDashboard))
 7 SYSTEMPATH\CodeIgniter.php(354): CodeIgniter\CodeIgniter->handleRequest(null, Object(Config\Cache), false)
 8 SYSTEMPATH\Boot.php(363): CodeIgniter\CodeIgniter->run()
 9 SYSTEMPATH\Boot.php(68): CodeIgniter\Boot::runCodeIgniter(Object(CodeIgniter\CodeIgniter))
10 FCPATH\index.php(59): CodeIgniter\Boot::bootWeb(Object(Config\Paths))
11 SYSTEMPATH\rewrite.php(44): require_once('D:\\Kumpulan Project IT\\Project Web\\koperasi-samara\\public\\index.php')
CRITICAL - 2026-08-03 03:57:36 --> [Caused by] CodeIgniter\Database\Exceptions\DatabaseException: Column 'nama_lengkap' in where clause is ambiguous
in SYSTEMPATH\Database\MySQLi\Connection.php on line 332.
 1 SYSTEMPATH\Database\BaseConnection.php(729): CodeIgniter\Database\MySQLi\Connection->execute('SELECT `anggota`.*, `users`.`id` AS `id_user`, `users`.`username` AS `username_user`
FROM `anggota`
LEFT JOIN `users` ON `users`.`id` = `anggota`.`id_anggota`
WHERE `nama_lengkap` LIKE \'%m%\' ESCAPE \'!\'
OR  `no_ktp` LIKE \'%m%\' ESCAPE \'!\'
 LIMIT 10')
 2 SYSTEMPATH\Database\BaseConnection.php(646): CodeIgniter\Database\BaseConnection->simpleQuery('SELECT `anggota`.*, `users`.`id` AS `id_user`, `users`.`username` AS `username_user`
FROM `anggota`
LEFT JOIN `users` ON `users`.`id` = `anggota`.`id_anggota`
WHERE `nama_lengkap` LIKE \'%m%\' ESCAPE \'!\'
OR  `no_ktp` LIKE \'%m%\' ESCAPE \'!\'
 LIMIT 10')
 3 SYSTEMPATH\Database\BaseBuilder.php(1649): CodeIgniter\Database\BaseConnection->query('SELECT `anggota`.*, `users`.`id` AS `id_user`, `users`.`username` AS `username_user`
FROM `anggota`
LEFT JOIN `users` ON `users`.`id` = `anggota`.`id_anggota`
WHERE `nama_lengkap` LIKE :nama_lengkap: ESCAPE \'!\'
OR  `no_ktp` LIKE :no_ktp: ESCAPE \'!\'
 LIMIT 10', [...], false)
 4 SYSTEMPATH\Model.php(286): CodeIgniter\Database\BaseBuilder->get()
 5 SYSTEMPATH\BaseModel.php(677): CodeIgniter\Model->doFindAll(10, 0)
 6 APPPATH\Controllers\AdminDashboard.php(115): CodeIgniter\BaseModel->findAll(10)
 7 SYSTEMPATH\CodeIgniter.php(933): App\Controllers\AdminDashboard->searchAnggota()
 8 SYSTEMPATH\CodeIgniter.php(507): CodeIgniter\CodeIgniter->runController(Object(App\Controllers\AdminDashboard))
 9 SYSTEMPATH\CodeIgniter.php(354): CodeIgniter\CodeIgniter->handleRequest(null, Object(Config\Cache), false)
10 SYSTEMPATH\Boot.php(363): CodeIgniter\CodeIgniter->run()
11 SYSTEMPATH\Boot.php(68): CodeIgniter\Boot::runCodeIgniter(Object(CodeIgniter\CodeIgniter))
12 FCPATH\index.php(59): CodeIgniter\Boot::bootWeb(Object(Config\Paths))
13 SYSTEMPATH\rewrite.php(44): require_once('D:\\Kumpulan Project IT\\Project Web\\koperasi-samara\\public\\index.php')
CRITICAL - 2026-08-03 03:57:36 --> [Caused by] mysqli_sql_exception: Column 'nama_lengkap' in where clause is ambiguous
in SYSTEMPATH\Database\MySQLi\Connection.php on line 327.
 1 SYSTEMPATH\Database\MySQLi\Connection.php(327): mysqli->query('SELECT `anggota`.*, `users`.`id` AS `id_user`, `users`.`username` AS `username_user`
FROM `anggota`
LEFT JOIN `users` ON `users`.`id` = `anggota`.`id_anggota`
WHERE `nama_lengkap` LIKE \'%m%\' ESCAPE \'!\'
OR  `no_ktp` LIKE \'%m%\' ESCAPE \'!\'
 LIMIT 10', 0)
 2 SYSTEMPATH\Database\BaseConnection.php(729): CodeIgniter\Database\MySQLi\Connection->execute('SELECT `anggota`.*, `users`.`id` AS `id_user`, `users`.`username` AS `username_user`
FROM `anggota`
LEFT JOIN `users` ON `users`.`id` = `anggota`.`id_anggota`
WHERE `nama_lengkap` LIKE \'%m%\' ESCAPE \'!\'
OR  `no_ktp` LIKE \'%m%\' ESCAPE \'!\'
 LIMIT 10')
 3 SYSTEMPATH\Database\BaseConnection.php(646): CodeIgniter\Database\BaseConnection->simpleQuery('SELECT `anggota`.*, `users`.`id` AS `id_user`, `users`.`username` AS `username_user`
FROM `anggota`
LEFT JOIN `users` ON `users`.`id` = `anggota`.`id_anggota`
WHERE `nama_lengkap` LIKE \'%m%\' ESCAPE \'!\'
OR  `no_ktp` LIKE \'%m%\' ESCAPE \'!\'
 LIMIT 10')
 4 SYSTEMPATH\Database\BaseBuilder.php(1649): CodeIgniter\Database\BaseConnection->query('SELECT `anggota`.*, `users`.`id` AS `id_user`, `users`.`username` AS `username_user`
FROM `anggota`
LEFT JOIN `users` ON `users`.`id` = `anggota`.`id_anggota`
WHERE `nama_lengkap` LIKE :nama_lengkap: ESCAPE \'!\'
OR  `no_ktp` LIKE :no_ktp: ESCAPE \'!\'
 LIMIT 10', [...], false)
 5 SYSTEMPATH\Model.php(286): CodeIgniter\Database\BaseBuilder->get()
 6 SYSTEMPATH\BaseModel.php(677): CodeIgniter\Model->doFindAll(10, 0)
 7 APPPATH\Controllers\AdminDashboard.php(115): CodeIgniter\BaseModel->findAll(10)
 8 SYSTEMPATH\CodeIgniter.php(933): App\Controllers\AdminDashboard->searchAnggota()
 9 SYSTEMPATH\CodeIgniter.php(507): CodeIgniter\CodeIgniter->runController(Object(App\Controllers\AdminDashboard))
10 SYSTEMPATH\CodeIgniter.php(354): CodeIgniter\CodeIgniter->handleRequest(null, Object(Config\Cache), false)
11 SYSTEMPATH\Boot.php(363): CodeIgniter\CodeIgniter->run()
12 SYSTEMPATH\Boot.php(68): CodeIgniter\Boot::runCodeIgniter(Object(CodeIgniter\CodeIgniter))
13 FCPATH\index.php(59): CodeIgniter\Boot::bootWeb(Object(Config\Paths))
14 SYSTEMPATH\rewrite.php(44): require_once('D:\\Kumpulan Project IT\\Project Web\\koperasi-samara\\public\\index.php')
DEBUG - 2026-08-03 03:57:36 --> Session: Class initialized using 'CodeIgniter\Session\Handlers\FileHandler' driver.
ERROR - 2026-08-03 03:57:36 --> mysqli_sql_exception: Column 'nama_lengkap' in where clause is ambiguous in D:\Kumpulan Project IT\Project Web\koperasi-samara\system\Database\MySQLi\Connection.php:327
Stack trace:
#0 D:\Kumpulan Project IT\Project Web\koperasi-samara\system\Database\MySQLi\Connection.php(327): mysqli->query('SELECT `anggota...', 0)
#1 D:\Kumpulan Project IT\Project Web\koperasi-samara\system\Database\BaseConnection.php(729): CodeIgniter\Database\MySQLi\Connection->execute('SELECT `anggota...')
#2 D:\Kumpulan Project IT\Project Web\koperasi-samara\system\Database\BaseConnection.php(646): CodeIgniter\Database\BaseConnection->simpleQuery('SELECT `anggota...')
#3 D:\Kumpulan Project IT\Project Web\koperasi-samara\system\Database\BaseBuilder.php(1649): CodeIgniter\Database\BaseConnection->query('SELECT `anggota...', Array, false)
#4 D:\Kumpulan Project IT\Project Web\koperasi-samara\system\Model.php(286): CodeIgniter\Database\BaseBuilder->get()
#5 D:\Kumpulan Project IT\Project Web\koperasi-samara\system\BaseModel.php(677): CodeIgniter\Model->doFindAll(10, 0)
#6 D:\Kumpulan Project IT\Project Web\koperasi-samara\app\Controllers\AdminDashboard.php(115): CodeIgniter\BaseModel->findAll(10)
#7 D:\Kumpulan Project IT\Project Web\koperasi-samara\system\CodeIgniter.php(933): App\Controllers\AdminDashboard->searchAnggota()
#8 D:\Kumpulan Project IT\Project Web\koperasi-samara\system\CodeIgniter.php(507): CodeIgniter\CodeIgniter->runController(Object(App\Controllers\AdminDashboard))
#9 D:\Kumpulan Project IT\Project Web\koperasi-samara\system\CodeIgniter.php(354): CodeIgniter\CodeIgniter->handleRequest(NULL, Object(Config\Cache), false)
#10 D:\Kumpulan Project IT\Project Web\koperasi-samara\system\Boot.php(363): CodeIgniter\CodeIgniter->run()
#11 D:\Kumpulan Project IT\Project Web\koperasi-samara\system\Boot.php(68): CodeIgniter\Boot::runCodeIgniter(Object(CodeIgniter\CodeIgniter))
#12 D:\Kumpulan Project IT\Project Web\koperasi-samara\public\index.php(59): CodeIgniter\Boot::bootWeb(Object(Config\Paths))
#13 D:\Kumpulan Project IT\Project Web\koperasi-samara\system\rewrite.php(44): require_once('D:\\Kumpulan Pro...')
#14 {main}
CRITICAL - 2026-08-03 03:57:36 --> CodeIgniter\Database\Exceptions\DatabaseException: Column 'nama_lengkap' in where clause is ambiguous
[Method: GET, Route: admin/search-anggota]
in SYSTEMPATH\Database\BaseConnection.php on line 684.
 1 SYSTEMPATH\Database\BaseBuilder.php(1649): CodeIgniter\Database\BaseConnection->query('SELECT `anggota`.*, `users`.`id` AS `id_user`, `users`.`username` AS `username_user`
FROM `anggota`
LEFT JOIN `users` ON `users`.`id` = `anggota`.`id_anggota`
WHERE `nama_lengkap` LIKE :nama_lengkap: ESCAPE \'!\'
OR  `no_ktp` LIKE :no_ktp: ESCAPE \'!\'
 LIMIT 10', [...], false)
 2 SYSTEMPATH\Model.php(286): CodeIgniter\Database\BaseBuilder->get()
 3 SYSTEMPATH\BaseModel.php(677): CodeIgniter\Model->doFindAll(10, 0)
 4 APPPATH\Controllers\AdminDashboard.php(115): CodeIgniter\BaseModel->findAll(10)
 5 SYSTEMPATH\CodeIgniter.php(933): App\Controllers\AdminDashboard->searchAnggota()
 6 SYSTEMPATH\CodeIgniter.php(507): CodeIgniter\CodeIgniter->runController(Object(App\Controllers\AdminDashboard))
 7 SYSTEMPATH\CodeIgniter.php(354): CodeIgniter\CodeIgniter->handleRequest(null, Object(Config\Cache), false)
 8 SYSTEMPATH\Boot.php(363): CodeIgniter\CodeIgniter->run()
 9 SYSTEMPATH\Boot.php(68): CodeIgniter\Boot::runCodeIgniter(Object(CodeIgniter\CodeIgniter))
10 FCPATH\index.php(59): CodeIgniter\Boot::bootWeb(Object(Config\Paths))
11 SYSTEMPATH\rewrite.php(44): require_once('D:\\Kumpulan Project IT\\Project Web\\koperasi-samara\\public\\index.php')
CRITICAL - 2026-08-03 03:57:36 --> [Caused by] CodeIgniter\Database\Exceptions\DatabaseException: Column 'nama_lengkap' in where clause is ambiguous
in SYSTEMPATH\Database\MySQLi\Connection.php on line 332.
 1 SYSTEMPATH\Database\BaseConnection.php(729): CodeIgniter\Database\MySQLi\Connection->execute('SELECT `anggota`.*, `users`.`id` AS `id_user`, `users`.`username` AS `username_user`
FROM `anggota`
LEFT JOIN `users` ON `users`.`id` = `anggota`.`id_anggota`
WHERE `nama_lengkap` LIKE \'%mi%\' ESCAPE \'!\'
OR  `no_ktp` LIKE \'%mi%\' ESCAPE \'!\'
 LIMIT 10')
 2 SYSTEMPATH\Database\BaseConnection.php(646): CodeIgniter\Database\BaseConnection->simpleQuery('SELECT `anggota`.*, `users`.`id` AS `id_user`, `users`.`username` AS `username_user`
FROM `anggota`
LEFT JOIN `users` ON `users`.`id` = `anggota`.`id_anggota`
WHERE `nama_lengkap` LIKE \'%mi%\' ESCAPE \'!\'
OR  `no_ktp` LIKE \'%mi%\' ESCAPE \'!\'
 LIMIT 10')
 3 SYSTEMPATH\Database\BaseBuilder.php(1649): CodeIgniter\Database\BaseConnection->query('SELECT `anggota`.*, `users`.`id` AS `id_user`, `users`.`username` AS `username_user`
FROM `anggota`
LEFT JOIN `users` ON `users`.`id` = `anggota`.`id_anggota`
WHERE `nama_lengkap` LIKE :nama_lengkap: ESCAPE \'!\'
OR  `no_ktp` LIKE :no_ktp: ESCAPE \'!\'
 LIMIT 10', [...], false)
 4 SYSTEMPATH\Model.php(286): CodeIgniter\Database\BaseBuilder->get()
 5 SYSTEMPATH\BaseModel.php(677): CodeIgniter\Model->doFindAll(10, 0)
 6 APPPATH\Controllers\AdminDashboard.php(115): CodeIgniter\BaseModel->findAll(10)
 7 SYSTEMPATH\CodeIgniter.php(933): App\Controllers\AdminDashboard->searchAnggota()
 8 SYSTEMPATH\CodeIgniter.php(507): CodeIgniter\CodeIgniter->runController(Object(App\Controllers\AdminDashboard))
 9 SYSTEMPATH\CodeIgniter.php(354): CodeIgniter\CodeIgniter->handleRequest(null, Object(Config\Cache), false)
10 SYSTEMPATH\Boot.php(363): CodeIgniter\CodeIgniter->run()
11 SYSTEMPATH\Boot.php(68): CodeIgniter\Boot::runCodeIgniter(Object(CodeIgniter\CodeIgniter))
12 FCPATH\index.php(59): CodeIgniter\Boot::bootWeb(Object(Config\Paths))
13 SYSTEMPATH\rewrite.php(44): require_once('D:\\Kumpulan Project IT\\Project Web\\koperasi-samara\\public\\index.php')
CRITICAL - 2026-08-03 03:57:36 --> [Caused by] mysqli_sql_exception: Column 'nama_lengkap' in where clause is ambiguous
in SYSTEMPATH\Database\MySQLi\Connection.php on line 327.
 1 SYSTEMPATH\Database\MySQLi\Connection.php(327): mysqli->query('SELECT `anggota`.*, `users`.`id` AS `id_user`, `users`.`username` AS `username_user`
FROM `anggota`
LEFT JOIN `users` ON `users`.`id` = `anggota`.`id_anggota`
WHERE `nama_lengkap` LIKE \'%mi%\' ESCAPE \'!\'
OR  `no_ktp` LIKE \'%mi%\' ESCAPE \'!\'
 LIMIT 10', 0)
 2 SYSTEMPATH\Database\BaseConnection.php(729): CodeIgniter\Database\MySQLi\Connection->execute('SELECT `anggota`.*, `users`.`id` AS `id_user`, `users`.`username` AS `username_user`
FROM `anggota`
LEFT JOIN `users` ON `users`.`id` = `anggota`.`id_anggota`
WHERE `nama_lengkap` LIKE \'%mi%\' ESCAPE \'!\'
OR  `no_ktp` LIKE \'%mi%\' ESCAPE \'!\'
 LIMIT 10')
 3 SYSTEMPATH\Database\BaseConnection.php(646): CodeIgniter\Database\BaseConnection->simpleQuery('SELECT `anggota`.*, `users`.`id` AS `id_user`, `users`.`username` AS `username_user`
FROM `anggota`
LEFT JOIN `users` ON `users`.`id` = `anggota`.`id_anggota`
WHERE `nama_lengkap` LIKE \'%mi%\' ESCAPE \'!\'
OR  `no_ktp` LIKE \'%mi%\' ESCAPE \'!\'
 LIMIT 10')
 4 SYSTEMPATH\Database\BaseBuilder.php(1649): CodeIgniter\Database\BaseConnection->query('SELECT `anggota`.*, `users`.`id` AS `id_user`, `users`.`username` AS `username_user`
FROM `anggota`
LEFT JOIN `users` ON `users`.`id` = `anggota`.`id_anggota`
WHERE `nama_lengkap` LIKE :nama_lengkap: ESCAPE \'!\'
OR  `no_ktp` LIKE :no_ktp: ESCAPE \'!\'
 LIMIT 10', [...], false)
 5 SYSTEMPATH\Model.php(286): CodeIgniter\Database\BaseBuilder->get()
 6 SYSTEMPATH\BaseModel.php(677): CodeIgniter\Model->doFindAll(10, 0)
 7 APPPATH\Controllers\AdminDashboard.php(115): CodeIgniter\BaseModel->findAll(10)
 8 SYSTEMPATH\CodeIgniter.php(933): App\Controllers\AdminDashboard->searchAnggota()
 9 SYSTEMPATH\CodeIgniter.php(507): CodeIgniter\CodeIgniter->runController(Object(App\Controllers\AdminDashboard))
10 SYSTEMPATH\CodeIgniter.php(354): CodeIgniter\CodeIgniter->handleRequest(null, Object(Config\Cache), false)
11 SYSTEMPATH\Boot.php(363): CodeIgniter\CodeIgniter->run()
12 SYSTEMPATH\Boot.php(68): CodeIgniter\Boot::runCodeIgniter(Object(CodeIgniter\CodeIgniter))
13 FCPATH\index.php(59): CodeIgniter\Boot::bootWeb(Object(Config\Paths))
14 SYSTEMPATH\rewrite.php(44): require_once('D:\\Kumpulan Project IT\\Project Web\\koperasi-samara\\public\\index.php')
DEBUG - 2026-08-03 03:57:36 --> Session: Class initialized using 'CodeIgniter\Session\Handlers\FileHandler' driver.
ERROR - 2026-08-03 03:57:37 --> mysqli_sql_exception: Column 'nama_lengkap' in where clause is ambiguous in D:\Kumpulan Project IT\Project Web\koperasi-samara\system\Database\MySQLi\Connection.php:327
Stack trace:
#0 D:\Kumpulan Project IT\Project Web\koperasi-samara\system\Database\MySQLi\Connection.php(327): mysqli->query('SELECT `anggota...', 0)
#1 D:\Kumpulan Project IT\Project Web\koperasi-samara\system\Database\BaseConnection.php(729): CodeIgniter\Database\MySQLi\Connection->execute('SELECT `anggota...')
#2 D:\Kumpulan Project IT\Project Web\koperasi-samara\system\Database\BaseConnection.php(646): CodeIgniter\Database\BaseConnection->simpleQuery('SELECT `anggota...')
#3 D:\Kumpulan Project IT\Project Web\koperasi-samara\system\Database\BaseBuilder.php(1649): CodeIgniter\Database\BaseConnection->query('SELECT `anggota...', Array, false)
#4 D:\Kumpulan Project IT\Project Web\koperasi-samara\system\Model.php(286): CodeIgniter\Database\BaseBuilder->get()
#5 D:\Kumpulan Project IT\Project Web\koperasi-samara\system\BaseModel.php(677): CodeIgniter\Model->doFindAll(10, 0)
#6 D:\Kumpulan Project IT\Project Web\koperasi-samara\app\Controllers\AdminDashboard.php(115): CodeIgniter\BaseModel->findAll(10)
#7 D:\Kumpulan Project IT\Project Web\koperasi-samara\system\CodeIgniter.php(933): App\Controllers\AdminDashboard->searchAnggota()
#8 D:\Kumpulan Project IT\Project Web\koperasi-samara\system\CodeIgniter.php(507): CodeIgniter\CodeIgniter->runController(Object(App\Controllers\AdminDashboard))
#9 D:\Kumpulan Project IT\Project Web\koperasi-samara\system\CodeIgniter.php(354): CodeIgniter\CodeIgniter->handleRequest(NULL, Object(Config\Cache), false)
#10 D:\Kumpulan Project IT\Project Web\koperasi-samara\system\Boot.php(363): CodeIgniter\CodeIgniter->run()
#11 D:\Kumpulan Project IT\Project Web\koperasi-samara\system\Boot.php(68): CodeIgniter\Boot::runCodeIgniter(Object(CodeIgniter\CodeIgniter))
#12 D:\Kumpulan Project IT\Project Web\koperasi-samara\public\index.php(59): CodeIgniter\Boot::bootWeb(Object(Config\Paths))
#13 D:\Kumpulan Project IT\Project Web\koperasi-samara\system\rewrite.php(44): require_once('D:\\Kumpulan Pro...')
#14 {main}
CRITICAL - 2026-08-03 03:57:37 --> CodeIgniter\Database\Exceptions\DatabaseException: Column 'nama_lengkap' in where clause is ambiguous
[Method: GET, Route: admin/search-anggota]
in SYSTEMPATH\Database\BaseConnection.php on line 684.
 1 SYSTEMPATH\Database\BaseBuilder.php(1649): CodeIgniter\Database\BaseConnection->query('SELECT `anggota`.*, `users`.`id` AS `id_user`, `users`.`username` AS `username_user`
FROM `anggota`
LEFT JOIN `users` ON `users`.`id` = `anggota`.`id_anggota`
WHERE `nama_lengkap` LIKE :nama_lengkap: ESCAPE \'!\'
OR  `no_ktp` LIKE :no_ktp: ESCAPE \'!\'
 LIMIT 10', [...], false)
 2 SYSTEMPATH\Model.php(286): CodeIgniter\Database\BaseBuilder->get()
 3 SYSTEMPATH\BaseModel.php(677): CodeIgniter\Model->doFindAll(10, 0)
 4 APPPATH\Controllers\AdminDashboard.php(115): CodeIgniter\BaseModel->findAll(10)
 5 SYSTEMPATH\CodeIgniter.php(933): App\Controllers\AdminDashboard->searchAnggota()
 6 SYSTEMPATH\CodeIgniter.php(507): CodeIgniter\CodeIgniter->runController(Object(App\Controllers\AdminDashboard))
 7 SYSTEMPATH\CodeIgniter.php(354): CodeIgniter\CodeIgniter->handleRequest(null, Object(Config\Cache), false)
 8 SYSTEMPATH\Boot.php(363): CodeIgniter\CodeIgniter->run()
 9 SYSTEMPATH\Boot.php(68): CodeIgniter\Boot::runCodeIgniter(Object(CodeIgniter\CodeIgniter))
10 FCPATH\index.php(59): CodeIgniter\Boot::bootWeb(Object(Config\Paths))
11 SYSTEMPATH\rewrite.php(44): require_once('D:\\Kumpulan Project IT\\Project Web\\koperasi-samara\\public\\index.php')
CRITICAL - 2026-08-03 03:57:37 --> [Caused by] CodeIgniter\Database\Exceptions\DatabaseException: Column 'nama_lengkap' in where clause is ambiguous
in SYSTEMPATH\Database\MySQLi\Connection.php on line 332.
 1 SYSTEMPATH\Database\BaseConnection.php(729): CodeIgniter\Database\MySQLi\Connection->execute('SELECT `anggota`.*, `users`.`id` AS `id_user`, `users`.`username` AS `username_user`
FROM `anggota`
LEFT JOIN `users` ON `users`.`id` = `anggota`.`id_anggota`
WHERE `nama_lengkap` LIKE \'%miz%\' ESCAPE \'!\'
OR  `no_ktp` LIKE \'%miz%\' ESCAPE \'!\'
 LIMIT 10')
 2 SYSTEMPATH\Database\BaseConnection.php(646): CodeIgniter\Database\BaseConnection->simpleQuery('SELECT `anggota`.*, `users`.`id` AS `id_user`, `users`.`username` AS `username_user`
FROM `anggota`
LEFT JOIN `users` ON `users`.`id` = `anggota`.`id_anggota`
WHERE `nama_lengkap` LIKE \'%miz%\' ESCAPE \'!\'
OR  `no_ktp` LIKE \'%miz%\' ESCAPE \'!\'
 LIMIT 10')
 3 SYSTEMPATH\Database\BaseBuilder.php(1649): CodeIgniter\Database\BaseConnection->query('SELECT `anggota`.*, `users`.`id` AS `id_user`, `users`.`username` AS `username_user`
FROM `anggota`
LEFT JOIN `users` ON `users`.`id` = `anggota`.`id_anggota`
WHERE `nama_lengkap` LIKE :nama_lengkap: ESCAPE \'!\'
OR  `no_ktp` LIKE :no_ktp: ESCAPE \'!\'
 LIMIT 10', [...], false)
 4 SYSTEMPATH\Model.php(286): CodeIgniter\Database\BaseBuilder->get()
 5 SYSTEMPATH\BaseModel.php(677): CodeIgniter\Model->doFindAll(10, 0)
 6 APPPATH\Controllers\AdminDashboard.php(115): CodeIgniter\BaseModel->findAll(10)
 7 SYSTEMPATH\CodeIgniter.php(933): App\Controllers\AdminDashboard->searchAnggota()
 8 SYSTEMPATH\CodeIgniter.php(507): CodeIgniter\CodeIgniter->runController(Object(App\Controllers\AdminDashboard))
 9 SYSTEMPATH\CodeIgniter.php(354): CodeIgniter\CodeIgniter->handleRequest(null, Object(Config\Cache), false)
10 SYSTEMPATH\Boot.php(363): CodeIgniter\CodeIgniter->run()
11 SYSTEMPATH\Boot.php(68): CodeIgniter\Boot::runCodeIgniter(Object(CodeIgniter\CodeIgniter))
12 FCPATH\index.php(59): CodeIgniter\Boot::bootWeb(Object(Config\Paths))
13 SYSTEMPATH\rewrite.php(44): require_once('D:\\Kumpulan Project IT\\Project Web\\koperasi-samara\\public\\index.php')
CRITICAL - 2026-08-03 03:57:37 --> [Caused by] mysqli_sql_exception: Column 'nama_lengkap' in where clause is ambiguous
in SYSTEMPATH\Database\MySQLi\Connection.php on line 327.
 1 SYSTEMPATH\Database\MySQLi\Connection.php(327): mysqli->query('SELECT `anggota`.*, `users`.`id` AS `id_user`, `users`.`username` AS `username_user`
FROM `anggota`
LEFT JOIN `users` ON `users`.`id` = `anggota`.`id_anggota`
WHERE `nama_lengkap` LIKE \'%miz%\' ESCAPE \'!\'
OR  `no_ktp` LIKE \'%miz%\' ESCAPE \'!\'
 LIMIT 10', 0)
 2 SYSTEMPATH\Database\BaseConnection.php(729): CodeIgniter\Database\MySQLi\Connection->execute('SELECT `anggota`.*, `users`.`id` AS `id_user`, `users`.`username` AS `username_user`
FROM `anggota`
LEFT JOIN `users` ON `users`.`id` = `anggota`.`id_anggota`
WHERE `nama_lengkap` LIKE \'%miz%\' ESCAPE \'!\'
OR  `no_ktp` LIKE \'%miz%\' ESCAPE \'!\'
 LIMIT 10')
 3 SYSTEMPATH\Database\BaseConnection.php(646): CodeIgniter\Database\BaseConnection->simpleQuery('SELECT `anggota`.*, `users`.`id` AS `id_user`, `users`.`username` AS `username_user`
FROM `anggota`
LEFT JOIN `users` ON `users`.`id` = `anggota`.`id_anggota`
WHERE `nama_lengkap` LIKE \'%miz%\' ESCAPE \'!\'
OR  `no_ktp` LIKE \'%miz%\' ESCAPE \'!\'
 LIMIT 10')
 4 SYSTEMPATH\Database\BaseBuilder.php(1649): CodeIgniter\Database\BaseConnection->query('SELECT `anggota`.*, `users`.`id` AS `id_user`, `users`.`username` AS `username_user`
FROM `anggota`
LEFT JOIN `users` ON `users`.`id` = `anggota`.`id_anggota`
WHERE `nama_lengkap` LIKE :nama_lengkap: ESCAPE \'!\'
OR  `no_ktp` LIKE :no_ktp: ESCAPE \'!\'
 LIMIT 10', [...], false)
 5 SYSTEMPATH\Model.php(286): CodeIgniter\Database\BaseBuilder->get()
 6 SYSTEMPATH\BaseModel.php(677): CodeIgniter\Model->doFindAll(10, 0)
 7 APPPATH\Controllers\AdminDashboard.php(115): CodeIgniter\BaseModel->findAll(10)
 8 SYSTEMPATH\CodeIgniter.php(933): App\Controllers\AdminDashboard->searchAnggota()
 9 SYSTEMPATH\CodeIgniter.php(507): CodeIgniter\CodeIgniter->runController(Object(App\Controllers\AdminDashboard))
10 SYSTEMPATH\CodeIgniter.php(354): CodeIgniter\CodeIgniter->handleRequest(null, Object(Config\Cache), false)
11 SYSTEMPATH\Boot.php(363): CodeIgniter\CodeIgniter->run()
12 SYSTEMPATH\Boot.php(68): CodeIgniter\Boot::runCodeIgniter(Object(CodeIgniter\CodeIgniter))
13 FCPATH\index.php(59): CodeIgniter\Boot::bootWeb(Object(Config\Paths))
14 SYSTEMPATH\rewrite.php(44): require_once('D:\\Kumpulan Project IT\\Project Web\\koperasi-samara\\public\\index.php')
DEBUG - 2026-08-03 03:57:37 --> Session: Class initialized using 'CodeIgniter\Session\Handlers\FileHandler' driver.
ERROR - 2026-08-03 03:57:37 --> mysqli_sql_exception: Column 'nama_lengkap' in where clause is ambiguous in D:\Kumpulan Project IT\Project Web\koperasi-samara\system\Database\MySQLi\Connection.php:327
Stack trace:
#0 D:\Kumpulan Project IT\Project Web\koperasi-samara\system\Database\MySQLi\Connection.php(327): mysqli->query('SELECT `anggota...', 0)
#1 D:\Kumpulan Project IT\Project Web\koperasi-samara\system\Database\BaseConnection.php(729): CodeIgniter\Database\MySQLi\Connection->execute('SELECT `anggota...')
#2 D:\Kumpulan Project IT\Project Web\koperasi-samara\system\Database\BaseConnection.php(646): CodeIgniter\Database\BaseConnection->simpleQuery('SELECT `anggota...')
#3 D:\Kumpulan Project IT\Project Web\koperasi-samara\system\Database\BaseBuilder.php(1649): CodeIgniter\Database\BaseConnection->query('SELECT `anggota...', Array, false)
#4 D:\Kumpulan Project IT\Project Web\koperasi-samara\system\Model.php(286): CodeIgniter\Database\BaseBuilder->get()
#5 D:\Kumpulan Project IT\Project Web\koperasi-samara\system\BaseModel.php(677): CodeIgniter\Model->doFindAll(10, 0)
#6 D:\Kumpulan Project IT\Project Web\koperasi-samara\app\Controllers\AdminDashboard.php(115): CodeIgniter\BaseModel->findAll(10)
#7 D:\Kumpulan Project IT\Project Web\koperasi-samara\system\CodeIgniter.php(933): App\Controllers\AdminDashboard->searchAnggota()
#8 D:\Kumpulan Project IT\Project Web\koperasi-samara\system\CodeIgniter.php(507): CodeIgniter\CodeIgniter->runController(Object(App\Controllers\AdminDashboard))
#9 D:\Kumpulan Project IT\Project Web\koperasi-samara\system\CodeIgniter.php(354): CodeIgniter\CodeIgniter->handleRequest(NULL, Object(Config\Cache), false)
#10 D:\Kumpulan Project IT\Project Web\koperasi-samara\system\Boot.php(363): CodeIgniter\CodeIgniter->run()
#11 D:\Kumpulan Project IT\Project Web\koperasi-samara\system\Boot.php(68): CodeIgniter\Boot::runCodeIgniter(Object(CodeIgniter\CodeIgniter))
#12 D:\Kumpulan Project IT\Project Web\koperasi-samara\public\index.php(59): CodeIgniter\Boot::bootWeb(Object(Config\Paths))
#13 D:\Kumpulan Project IT\Project Web\koperasi-samara\system\rewrite.php(44): require_once('D:\\Kumpulan Pro...')
#14 {main}
CRITICAL - 2026-08-03 03:57:37 --> CodeIgniter\Database\Exceptions\DatabaseException: Column 'nama_lengkap' in where clause is ambiguous
[Method: GET, Route: admin/search-anggota]
in SYSTEMPATH\Database\BaseConnection.php on line 684.
 1 SYSTEMPATH\Database\BaseBuilder.php(1649): CodeIgniter\Database\BaseConnection->query('SELECT `anggota`.*, `users`.`id` AS `id_user`, `users`.`username` AS `username_user`
FROM `anggota`
LEFT JOIN `users` ON `users`.`id` = `anggota`.`id_anggota`
WHERE `nama_lengkap` LIKE :nama_lengkap: ESCAPE \'!\'
OR  `no_ktp` LIKE :no_ktp: ESCAPE \'!\'
 LIMIT 10', [...], false)
 2 SYSTEMPATH\Model.php(286): CodeIgniter\Database\BaseBuilder->get()
 3 SYSTEMPATH\BaseModel.php(677): CodeIgniter\Model->doFindAll(10, 0)
 4 APPPATH\Controllers\AdminDashboard.php(115): CodeIgniter\BaseModel->findAll(10)
 5 SYSTEMPATH\CodeIgniter.php(933): App\Controllers\AdminDashboard->searchAnggota()
 6 SYSTEMPATH\CodeIgniter.php(507): CodeIgniter\CodeIgniter->runController(Object(App\Controllers\AdminDashboard))
 7 SYSTEMPATH\CodeIgniter.php(354): CodeIgniter\CodeIgniter->handleRequest(null, Object(Config\Cache), false)
 8 SYSTEMPATH\Boot.php(363): CodeIgniter\CodeIgniter->run()
 9 SYSTEMPATH\Boot.php(68): CodeIgniter\Boot::runCodeIgniter(Object(CodeIgniter\CodeIgniter))
10 FCPATH\index.php(59): CodeIgniter\Boot::bootWeb(Object(Config\Paths))
11 SYSTEMPATH\rewrite.php(44): require_once('D:\\Kumpulan Project IT\\Project Web\\koperasi-samara\\public\\index.php')
CRITICAL - 2026-08-03 03:57:37 --> [Caused by] CodeIgniter\Database\Exceptions\DatabaseException: Column 'nama_lengkap' in where clause is ambiguous
in SYSTEMPATH\Database\MySQLi\Connection.php on line 332.
 1 SYSTEMPATH\Database\BaseConnection.php(729): CodeIgniter\Database\MySQLi\Connection->execute('SELECT `anggota`.*, `users`.`id` AS `id_user`, `users`.`username` AS `username_user`
FROM `anggota`
LEFT JOIN `users` ON `users`.`id` = `anggota`.`id_anggota`
WHERE `nama_lengkap` LIKE \'%miza%\' ESCAPE \'!\'
OR  `no_ktp` LIKE \'%miza%\' ESCAPE \'!\'
 LIMIT 10')
 2 SYSTEMPATH\Database\BaseConnection.php(646): CodeIgniter\Database\BaseConnection->simpleQuery('SELECT `anggota`.*, `users`.`id` AS `id_user`, `users`.`username` AS `username_user`
FROM `anggota`
LEFT JOIN `users` ON `users`.`id` = `anggota`.`id_anggota`
WHERE `nama_lengkap` LIKE \'%miza%\' ESCAPE \'!\'
OR  `no_ktp` LIKE \'%miza%\' ESCAPE \'!\'
 LIMIT 10')
 3 SYSTEMPATH\Database\BaseBuilder.php(1649): CodeIgniter\Database\BaseConnection->query('SELECT `anggota`.*, `users`.`id` AS `id_user`, `users`.`username` AS `username_user`
FROM `anggota`
LEFT JOIN `users` ON `users`.`id` = `anggota`.`id_anggota`
WHERE `nama_lengkap` LIKE :nama_lengkap: ESCAPE \'!\'
OR  `no_ktp` LIKE :no_ktp: ESCAPE \'!\'
 LIMIT 10', [...], false)
 4 SYSTEMPATH\Model.php(286): CodeIgniter\Database\BaseBuilder->get()
 5 SYSTEMPATH\BaseModel.php(677): CodeIgniter\Model->doFindAll(10, 0)
 6 APPPATH\Controllers\AdminDashboard.php(115): CodeIgniter\BaseModel->findAll(10)
 7 SYSTEMPATH\CodeIgniter.php(933): App\Controllers\AdminDashboard->searchAnggota()
 8 SYSTEMPATH\CodeIgniter.php(507): CodeIgniter\CodeIgniter->runController(Object(App\Controllers\AdminDashboard))
 9 SYSTEMPATH\CodeIgniter.php(354): CodeIgniter\CodeIgniter->handleRequest(null, Object(Config\Cache), false)
10 SYSTEMPATH\Boot.php(363): CodeIgniter\CodeIgniter->run()
11 SYSTEMPATH\Boot.php(68): CodeIgniter\Boot::runCodeIgniter(Object(CodeIgniter\CodeIgniter))
12 FCPATH\index.php(59): CodeIgniter\Boot::bootWeb(Object(Config\Paths))
13 SYSTEMPATH\rewrite.php(44): require_once('D:\\Kumpulan Project IT\\Project Web\\koperasi-samara\\public\\index.php')
CRITICAL - 2026-08-03 03:57:37 --> [Caused by] mysqli_sql_exception: Column 'nama_lengkap' in where clause is ambiguous
in SYSTEMPATH\Database\MySQLi\Connection.php on line 327.
 1 SYSTEMPATH\Database\MySQLi\Connection.php(327): mysqli->query('SELECT `anggota`.*, `users`.`id` AS `id_user`, `users`.`username` AS `username_user`
FROM `anggota`
LEFT JOIN `users` ON `users`.`id` = `anggota`.`id_anggota`
WHERE `nama_lengkap` LIKE \'%miza%\' ESCAPE \'!\'
OR  `no_ktp` LIKE \'%miza%\' ESCAPE \'!\'
 LIMIT 10', 0)
 2 SYSTEMPATH\Database\BaseConnection.php(729): CodeIgniter\Database\MySQLi\Connection->execute('SELECT `anggota`.*, `users`.`id` AS `id_user`, `users`.`username` AS `username_user`
FROM `anggota`
LEFT JOIN `users` ON `users`.`id` = `anggota`.`id_anggota`
WHERE `nama_lengkap` LIKE \'%miza%\' ESCAPE \'!\'
OR  `no_ktp` LIKE \'%miza%\' ESCAPE \'!\'
 LIMIT 10')
 3 SYSTEMPATH\Database\BaseConnection.php(646): CodeIgniter\Database\BaseConnection->simpleQuery('SELECT `anggota`.*, `users`.`id` AS `id_user`, `users`.`username` AS `username_user`
FROM `anggota`
LEFT JOIN `users` ON `users`.`id` = `anggota`.`id_anggota`
WHERE `nama_lengkap` LIKE \'%miza%\' ESCAPE \'!\'
OR  `no_ktp` LIKE \'%miza%\' ESCAPE \'!\'
 LIMIT 10')
 4 SYSTEMPATH\Database\BaseBuilder.php(1649): CodeIgniter\Database\BaseConnection->query('SELECT `anggota`.*, `users`.`id` AS `id_user`, `users`.`username` AS `username_user`
FROM `anggota`
LEFT JOIN `users` ON `users`.`id` = `anggota`.`id_anggota`
WHERE `nama_lengkap` LIKE :nama_lengkap: ESCAPE \'!\'
OR  `no_ktp` LIKE :no_ktp: ESCAPE \'!\'
 LIMIT 10', [...], false)
 5 SYSTEMPATH\Model.php(286): CodeIgniter\Database\BaseBuilder->get()
 6 SYSTEMPATH\BaseModel.php(677): CodeIgniter\Model->doFindAll(10, 0)
 7 APPPATH\Controllers\AdminDashboard.php(115): CodeIgniter\BaseModel->findAll(10)
 8 SYSTEMPATH\CodeIgniter.php(933): App\Controllers\AdminDashboard->searchAnggota()
 9 SYSTEMPATH\CodeIgniter.php(507): CodeIgniter\CodeIgniter->runController(Object(App\Controllers\AdminDashboard))
10 SYSTEMPATH\CodeIgniter.php(354): CodeIgniter\CodeIgniter->handleRequest(null, Object(Config\Cache), false)
11 SYSTEMPATH\Boot.php(363): CodeIgniter\CodeIgniter->run()
12 SYSTEMPATH\Boot.php(68): CodeIgniter\Boot::runCodeIgniter(Object(CodeIgniter\CodeIgniter))
13 FCPATH\index.php(59): CodeIgniter\Boot::bootWeb(Object(Config\Paths))
14 SYSTEMPATH\rewrite.php(44): require_once('D:\\Kumpulan Project IT\\Project Web\\koperasi-samara\\public\\index.php')
DEBUG - 2026-08-03 03:57:37 --> Session: Class initialized using 'CodeIgniter\Session\Handlers\FileHandler' driver.
ERROR - 2026-08-03 03:57:37 --> mysqli_sql_exception: Column 'nama_lengkap' in where clause is ambiguous in D:\Kumpulan Project IT\Project Web\koperasi-samara\system\Database\MySQLi\Connection.php:327
Stack trace:
#0 D:\Kumpulan Project IT\Project Web\koperasi-samara\system\Database\MySQLi\Connection.php(327): mysqli->query('SELECT `anggota...', 0)
#1 D:\Kumpulan Project IT\Project Web\koperasi-samara\system\Database\BaseConnection.php(729): CodeIgniter\Database\MySQLi\Connection->execute('SELECT `anggota...')
#2 D:\Kumpulan Project IT\Project Web\koperasi-samara\system\Database\BaseConnection.php(646): CodeIgniter\Database\BaseConnection->simpleQuery('SELECT `anggota...')
#3 D:\Kumpulan Project IT\Project Web\koperasi-samara\system\Database\BaseBuilder.php(1649): CodeIgniter\Database\BaseConnection->query('SELECT `anggota...', Array, false)
#4 D:\Kumpulan Project IT\Project Web\koperasi-samara\system\Model.php(286): CodeIgniter\Database\BaseBuilder->get()
#5 D:\Kumpulan Project IT\Project Web\koperasi-samara\system\BaseModel.php(677): CodeIgniter\Model->doFindAll(10, 0)
#6 D:\Kumpulan Project IT\Project Web\koperasi-samara\app\Controllers\AdminDashboard.php(115): CodeIgniter\BaseModel->findAll(10)
#7 D:\Kumpulan Project IT\Project Web\koperasi-samara\system\CodeIgniter.php(933): App\Controllers\AdminDashboard->searchAnggota()
#8 D:\Kumpulan Project IT\Project Web\koperasi-samara\system\CodeIgniter.php(507): CodeIgniter\CodeIgniter->runController(Object(App\Controllers\AdminDashboard))
#9 D:\Kumpulan Project IT\Project Web\koperasi-samara\system\CodeIgniter.php(354): CodeIgniter\CodeIgniter->handleRequest(NULL, Object(Config\Cache), false)
#10 D:\Kumpulan Project IT\Project Web\koperasi-samara\system\Boot.php(363): CodeIgniter\CodeIgniter->run()
#11 D:\Kumpulan Project IT\Project Web\koperasi-samara\system\Boot.php(68): CodeIgniter\Boot::runCodeIgniter(Object(CodeIgniter\CodeIgniter))
#12 D:\Kumpulan Project IT\Project Web\koperasi-samara\public\index.php(59): CodeIgniter\Boot::bootWeb(Object(Config\Paths))
#13 D:\Kumpulan Project IT\Project Web\koperasi-samara\system\rewrite.php(44): require_once('D:\\Kumpulan Pro...')
#14 {main}
CRITICAL - 2026-08-03 03:57:37 --> CodeIgniter\Database\Exceptions\DatabaseException: Column 'nama_lengkap' in where clause is ambiguous
[Method: GET, Route: admin/search-anggota]
in SYSTEMPATH\Database\BaseConnection.php on line 684.
 1 SYSTEMPATH\Database\BaseBuilder.php(1649): CodeIgniter\Database\BaseConnection->query('SELECT `anggota`.*, `users`.`id` AS `id_user`, `users`.`username` AS `username_user`
FROM `anggota`
LEFT JOIN `users` ON `users`.`id` = `anggota`.`id_anggota`
WHERE `nama_lengkap` LIKE :nama_lengkap: ESCAPE \'!\'
OR  `no_ktp` LIKE :no_ktp: ESCAPE \'!\'
 LIMIT 10', [...], false)
 2 SYSTEMPATH\Model.php(286): CodeIgniter\Database\BaseBuilder->get()
 3 SYSTEMPATH\BaseModel.php(677): CodeIgniter\Model->doFindAll(10, 0)
 4 APPPATH\Controllers\AdminDashboard.php(115): CodeIgniter\BaseModel->findAll(10)
 5 SYSTEMPATH\CodeIgniter.php(933): App\Controllers\AdminDashboard->searchAnggota()
 6 SYSTEMPATH\CodeIgniter.php(507): CodeIgniter\CodeIgniter->runController(Object(App\Controllers\AdminDashboard))
 7 SYSTEMPATH\CodeIgniter.php(354): CodeIgniter\CodeIgniter->handleRequest(null, Object(Config\Cache), false)
 8 SYSTEMPATH\Boot.php(363): CodeIgniter\CodeIgniter->run()
 9 SYSTEMPATH\Boot.php(68): CodeIgniter\Boot::runCodeIgniter(Object(CodeIgniter\CodeIgniter))
10 FCPATH\index.php(59): CodeIgniter\Boot::bootWeb(Object(Config\Paths))
11 SYSTEMPATH\rewrite.php(44): require_once('D:\\Kumpulan Project IT\\Project Web\\koperasi-samara\\public\\index.php')
CRITICAL - 2026-08-03 03:57:37 --> [Caused by] CodeIgniter\Database\Exceptions\DatabaseException: Column 'nama_lengkap' in where clause is ambiguous
in SYSTEMPATH\Database\MySQLi\Connection.php on line 332.
 1 SYSTEMPATH\Database\BaseConnection.php(729): CodeIgniter\Database\MySQLi\Connection->execute('SELECT `anggota`.*, `users`.`id` AS `id_user`, `users`.`username` AS `username_user`
FROM `anggota`
LEFT JOIN `users` ON `users`.`id` = `anggota`.`id_anggota`
WHERE `nama_lengkap` LIKE \'%mizan%\' ESCAPE \'!\'
OR  `no_ktp` LIKE \'%mizan%\' ESCAPE \'!\'
 LIMIT 10')
 2 SYSTEMPATH\Database\BaseConnection.php(646): CodeIgniter\Database\BaseConnection->simpleQuery('SELECT `anggota`.*, `users`.`id` AS `id_user`, `users`.`username` AS `username_user`
FROM `anggota`
LEFT JOIN `users` ON `users`.`id` = `anggota`.`id_anggota`
WHERE `nama_lengkap` LIKE \'%mizan%\' ESCAPE \'!\'
OR  `no_ktp` LIKE \'%mizan%\' ESCAPE \'!\'
 LIMIT 10')
 3 SYSTEMPATH\Database\BaseBuilder.php(1649): CodeIgniter\Database\BaseConnection->query('SELECT `anggota`.*, `users`.`id` AS `id_user`, `users`.`username` AS `username_user`
FROM `anggota`
LEFT JOIN `users` ON `users`.`id` = `anggota`.`id_anggota`
WHERE `nama_lengkap` LIKE :nama_lengkap: ESCAPE \'!\'
OR  `no_ktp` LIKE :no_ktp: ESCAPE \'!\'
 LIMIT 10', [...], false)
 4 SYSTEMPATH\Model.php(286): CodeIgniter\Database\BaseBuilder->get()
 5 SYSTEMPATH\BaseModel.php(677): CodeIgniter\Model->doFindAll(10, 0)
 6 APPPATH\Controllers\AdminDashboard.php(115): CodeIgniter\BaseModel->findAll(10)
 7 SYSTEMPATH\CodeIgniter.php(933): App\Controllers\AdminDashboard->searchAnggota()
 8 SYSTEMPATH\CodeIgniter.php(507): CodeIgniter\CodeIgniter->runController(Object(App\Controllers\AdminDashboard))
 9 SYSTEMPATH\CodeIgniter.php(354): CodeIgniter\CodeIgniter->handleRequest(null, Object(Config\Cache), false)
10 SYSTEMPATH\Boot.php(363): CodeIgniter\CodeIgniter->run()
11 SYSTEMPATH\Boot.php(68): CodeIgniter\Boot::runCodeIgniter(Object(CodeIgniter\CodeIgniter))
12 FCPATH\index.php(59): CodeIgniter\Boot::bootWeb(Object(Config\Paths))
13 SYSTEMPATH\rewrite.php(44): require_once('D:\\Kumpulan Project IT\\Project Web\\koperasi-samara\\public\\index.php')
CRITICAL - 2026-08-03 03:57:37 --> [Caused by] mysqli_sql_exception: Column 'nama_lengkap' in where clause is ambiguous
in SYSTEMPATH\Database\MySQLi\Connection.php on line 327.
 1 SYSTEMPATH\Database\MySQLi\Connection.php(327): mysqli->query('SELECT `anggota`.*, `users`.`id` AS `id_user`, `users`.`username` AS `username_user`
FROM `anggota`
LEFT JOIN `users` ON `users`.`id` = `anggota`.`id_anggota`
WHERE `nama_lengkap` LIKE \'%mizan%\' ESCAPE \'!\'
OR  `no_ktp` LIKE \'%mizan%\' ESCAPE \'!\'
 LIMIT 10', 0)
 2 SYSTEMPATH\Database\BaseConnection.php(729): CodeIgniter\Database\MySQLi\Connection->execute('SELECT `anggota`.*, `users`.`id` AS `id_user`, `users`.`username` AS `username_user`
FROM `anggota`
LEFT JOIN `users` ON `users`.`id` = `anggota`.`id_anggota`
WHERE `nama_lengkap` LIKE \'%mizan%\' ESCAPE \'!\'
OR  `no_ktp` LIKE \'%mizan%\' ESCAPE \'!\'
 LIMIT 10')
 3 SYSTEMPATH\Database\BaseConnection.php(646): CodeIgniter\Database\BaseConnection->simpleQuery('SELECT `anggota`.*, `users`.`id` AS `id_user`, `users`.`username` AS `username_user`
FROM `anggota`
LEFT JOIN `users` ON `users`.`id` = `anggota`.`id_anggota`
WHERE `nama_lengkap` LIKE \'%mizan%\' ESCAPE \'!\'
OR  `no_ktp` LIKE \'%mizan%\' ESCAPE \'!\'
 LIMIT 10')
 4 SYSTEMPATH\Database\BaseBuilder.php(1649): CodeIgniter\Database\BaseConnection->query('SELECT `anggota`.*, `users`.`id` AS `id_user`, `users`.`username` AS `username_user`
FROM `anggota`
LEFT JOIN `users` ON `users`.`id` = `anggota`.`id_anggota`
WHERE `nama_lengkap` LIKE :nama_lengkap: ESCAPE \'!\'
OR  `no_ktp` LIKE :no_ktp: ESCAPE \'!\'
 LIMIT 10', [...], false)
 5 SYSTEMPATH\Model.php(286): CodeIgniter\Database\BaseBuilder->get()
 6 SYSTEMPATH\BaseModel.php(677): CodeIgniter\Model->doFindAll(10, 0)
 7 APPPATH\Controllers\AdminDashboard.php(115): CodeIgniter\BaseModel->findAll(10)
 8 SYSTEMPATH\CodeIgniter.php(933): App\Controllers\AdminDashboard->searchAnggota()
 9 SYSTEMPATH\CodeIgniter.php(507): CodeIgniter\CodeIgniter->runController(Object(App\Controllers\AdminDashboard))
10 SYSTEMPATH\CodeIgniter.php(354): CodeIgniter\CodeIgniter->handleRequest(null, Object(Config\Cache), false)
11 SYSTEMPATH\Boot.php(363): CodeIgniter\CodeIgniter->run()
12 SYSTEMPATH\Boot.php(68): CodeIgniter\Boot::runCodeIgniter(Object(CodeIgniter\CodeIgniter))
13 FCPATH\index.php(59): CodeIgniter\Boot::bootWeb(Object(Config\Paths))
14 SYSTEMPATH\rewrite.php(44): require_once('D:\\Kumpulan Project IT\\Project Web\\koperasi-samara\\public\\index.php')
