DEBUG - 2026-07-26 20:27:51 --> Session: Class initialized using 'CodeIgniter\Session\Handlers\FileHandler' driver.
DEBUG - 2026-07-26 20:28:03 --> Session: Class initialized using 'CodeIgniter\Session\Handlers\FileHandler' driver.
DEBUG - 2026-07-26 20:28:05 --> Session: Class initialized using 'CodeIgniter\Session\Handlers\FileHandler' driver.
DEBUG - 2026-07-26 20:28:11 --> Session: Class initialized using 'CodeIgniter\Session\Handlers\FileHandler' driver.
DEBUG - 2026-07-26 20:28:15 --> Session: Class initialized using 'CodeIgniter\Session\Handlers\FileHandler' driver.
DEBUG - 2026-07-26 20:28:17 --> Session: Class initialized using 'CodeIgniter\Session\Handlers\FileHandler' driver.
DEBUG - 2026-07-26 20:28:18 --> Session: Class initialized using 'CodeIgniter\Session\Handlers\FileHandler' driver.
DEBUG - 2026-07-26 20:28:19 --> Session: Class initialized using 'CodeIgniter\Session\Handlers\FileHandler' driver.
DEBUG - 2026-07-26 20:28:20 --> Session: Class initialized using 'CodeIgniter\Session\Handlers\FileHandler' driver.
DEBUG - 2026-07-26 20:28:21 --> Session: Class initialized using 'CodeIgniter\Session\Handlers\FileHandler' driver.
DEBUG - 2026-07-26 20:28:34 --> Session: Class initialized using 'CodeIgniter\Session\Handlers\FileHandler' driver.
DEBUG - 2026-07-26 20:28:34 --> Session: Class initialized using 'CodeIgniter\Session\Handlers\FileHandler' driver.
DEBUG - 2026-07-26 20:28:35 --> Session: Class initialized using 'CodeIgniter\Session\Handlers\FileHandler' driver.
DEBUG - 2026-07-26 20:28:35 --> Session: Class initialized using 'CodeIgniter\Session\Handlers\FileHandler' driver.
DEBUG - 2026-07-26 20:29:11 --> Session: Class initialized using 'CodeIgniter\Session\Handlers\FileHandler' driver.
DEBUG - 2026-07-26 20:29:19 --> Session: Class initialized using 'CodeIgniter\Session\Handlers\FileHandler' driver.
DEBUG - 2026-07-26 20:29:22 --> Session: Class initialized using 'CodeIgniter\Session\Handlers\FileHandler' driver.
DEBUG - 2026-07-26 20:29:29 --> Session: Class initialized using 'CodeIgniter\Session\Handlers\FileHandler' driver.
ERROR - 2026-07-26 20:29:29 --> mysqli_sql_exception: Column 'id_anggota' in where clause is ambiguous in D:\Kumpulan Project IT\Project Web\koperasi-samara\system\Database\MySQLi\Connection.php:327
Stack trace:
#0 D:\Kumpulan Project IT\Project Web\koperasi-samara\system\Database\MySQLi\Connection.php(327): mysqli->query('SELECT `simpana...', 0)
#1 D:\Kumpulan Project IT\Project Web\koperasi-samara\system\Database\BaseConnection.php(729): CodeIgniter\Database\MySQLi\Connection->execute('SELECT `simpana...')
#2 D:\Kumpulan Project IT\Project Web\koperasi-samara\system\Database\BaseConnection.php(646): CodeIgniter\Database\BaseConnection->simpleQuery('SELECT `simpana...')
#3 D:\Kumpulan Project IT\Project Web\koperasi-samara\system\Database\BaseBuilder.php(1649): CodeIgniter\Database\BaseConnection->query('SELECT `simpana...', Array, false)
#4 D:\Kumpulan Project IT\Project Web\koperasi-samara\app\Controllers\AdminDashboard.php(1411): CodeIgniter\Database\BaseBuilder->get()
#5 D:\Kumpulan Project IT\Project Web\koperasi-samara\system\CodeIgniter.php(933): App\Controllers\AdminDashboard->getSimpananList()
#6 D:\Kumpulan Project IT\Project Web\koperasi-samara\system\CodeIgniter.php(507): CodeIgniter\CodeIgniter->runController(Object(App\Controllers\AdminDashboard))
#7 D:\Kumpulan Project IT\Project Web\koperasi-samara\system\CodeIgniter.php(354): CodeIgniter\CodeIgniter->handleRequest(NULL, Object(Config\Cache), false)
#8 D:\Kumpulan Project IT\Project Web\koperasi-samara\system\Boot.php(363): CodeIgniter\CodeIgniter->run()
#9 D:\Kumpulan Project IT\Project Web\koperasi-samara\system\Boot.php(68): CodeIgniter\Boot::runCodeIgniter(Object(CodeIgniter\CodeIgniter))
#10 D:\Kumpulan Project IT\Project Web\koperasi-samara\public\index.php(59): CodeIgniter\Boot::bootWeb(Object(Config\Paths))
#11 D:\Kumpulan Project IT\Project Web\koperasi-samara\system\rewrite.php(44): require_once('D:\\Kumpulan Pro...')
#12 {main}
ERROR - 2026-07-26 20:29:29 --> Error getSimpananList: Column 'id_anggota' in where clause is ambiguous
DEBUG - 2026-07-26 20:29:33 --> Session: Class initialized using 'CodeIgniter\Session\Handlers\FileHandler' driver.
ERROR - 2026-07-26 20:29:34 --> mysqli_sql_exception: Column 'id_anggota' in where clause is ambiguous in D:\Kumpulan Project IT\Project Web\koperasi-samara\system\Database\MySQLi\Connection.php:327
Stack trace:
#0 D:\Kumpulan Project IT\Project Web\koperasi-samara\system\Database\MySQLi\Connection.php(327): mysqli->query('SELECT `simpana...', 0)
#1 D:\Kumpulan Project IT\Project Web\koperasi-samara\system\Database\BaseConnection.php(729): CodeIgniter\Database\MySQLi\Connection->execute('SELECT `simpana...')
#2 D:\Kumpulan Project IT\Project Web\koperasi-samara\system\Database\BaseConnection.php(646): CodeIgniter\Database\BaseConnection->simpleQuery('SELECT `simpana...')
#3 D:\Kumpulan Project IT\Project Web\koperasi-samara\system\Database\BaseBuilder.php(1649): CodeIgniter\Database\BaseConnection->query('SELECT `simpana...', Array, false)
#4 D:\Kumpulan Project IT\Project Web\koperasi-samara\app\Controllers\AdminDashboard.php(1411): CodeIgniter\Database\BaseBuilder->get()
#5 D:\Kumpulan Project IT\Project Web\koperasi-samara\system\CodeIgniter.php(933): App\Controllers\AdminDashboard->getSimpananList()
#6 D:\Kumpulan Project IT\Project Web\koperasi-samara\system\CodeIgniter.php(507): CodeIgniter\CodeIgniter->runController(Object(App\Controllers\AdminDashboard))
#7 D:\Kumpulan Project IT\Project Web\koperasi-samara\system\CodeIgniter.php(354): CodeIgniter\CodeIgniter->handleRequest(NULL, Object(Config\Cache), false)
#8 D:\Kumpulan Project IT\Project Web\koperasi-samara\system\Boot.php(363): CodeIgniter\CodeIgniter->run()
#9 D:\Kumpulan Project IT\Project Web\koperasi-samara\system\Boot.php(68): CodeIgniter\Boot::runCodeIgniter(Object(CodeIgniter\CodeIgniter))
#10 D:\Kumpulan Project IT\Project Web\koperasi-samara\public\index.php(59): CodeIgniter\Boot::bootWeb(Object(Config\Paths))
#11 D:\Kumpulan Project IT\Project Web\koperasi-samara\system\rewrite.php(44): require_once('D:\\Kumpulan Pro...')
#12 {main}
ERROR - 2026-07-26 20:29:34 --> Error getSimpananList: Column 'id_anggota' in where clause is ambiguous
DEBUG - 2026-07-26 20:29:39 --> Session: Class initialized using 'CodeIgniter\Session\Handlers\FileHandler' driver.
ERROR - 2026-07-26 20:29:39 --> mysqli_sql_exception: Column 'id_anggota' in where clause is ambiguous in D:\Kumpulan Project IT\Project Web\koperasi-samara\system\Database\MySQLi\Connection.php:327
Stack trace:
#0 D:\Kumpulan Project IT\Project Web\koperasi-samara\system\Database\MySQLi\Connection.php(327): mysqli->query('SELECT `simpana...', 0)
#1 D:\Kumpulan Project IT\Project Web\koperasi-samara\system\Database\BaseConnection.php(729): CodeIgniter\Database\MySQLi\Connection->execute('SELECT `simpana...')
#2 D:\Kumpulan Project IT\Project Web\koperasi-samara\system\Database\BaseConnection.php(646): CodeIgniter\Database\BaseConnection->simpleQuery('SELECT `simpana...')
#3 D:\Kumpulan Project IT\Project Web\koperasi-samara\system\Database\BaseBuilder.php(1649): CodeIgniter\Database\BaseConnection->query('SELECT `simpana...', Array, false)
#4 D:\Kumpulan Project IT\Project Web\koperasi-samara\app\Controllers\AdminDashboard.php(1411): CodeIgniter\Database\BaseBuilder->get()
#5 D:\Kumpulan Project IT\Project Web\koperasi-samara\system\CodeIgniter.php(933): App\Controllers\AdminDashboard->getSimpananList()
#6 D:\Kumpulan Project IT\Project Web\koperasi-samara\system\CodeIgniter.php(507): CodeIgniter\CodeIgniter->runController(Object(App\Controllers\AdminDashboard))
#7 D:\Kumpulan Project IT\Project Web\koperasi-samara\system\CodeIgniter.php(354): CodeIgniter\CodeIgniter->handleRequest(NULL, Object(Config\Cache), false)
#8 D:\Kumpulan Project IT\Project Web\koperasi-samara\system\Boot.php(363): CodeIgniter\CodeIgniter->run()
#9 D:\Kumpulan Project IT\Project Web\koperasi-samara\system\Boot.php(68): CodeIgniter\Boot::runCodeIgniter(Object(CodeIgniter\CodeIgniter))
#10 D:\Kumpulan Project IT\Project Web\koperasi-samara\public\index.php(59): CodeIgniter\Boot::bootWeb(Object(Config\Paths))
#11 D:\Kumpulan Project IT\Project Web\koperasi-samara\system\rewrite.php(44): require_once('D:\\Kumpulan Pro...')
#12 {main}
ERROR - 2026-07-26 20:29:39 --> Error getSimpananList: Column 'id_anggota' in where clause is ambiguous
DEBUG - 2026-07-26 20:29:42 --> Session: Class initialized using 'CodeIgniter\Session\Handlers\FileHandler' driver.
DEBUG - 2026-07-26 20:29:59 --> Session: Class initialized using 'CodeIgniter\Session\Handlers\FileHandler' driver.
DEBUG - 2026-07-26 20:30:05 --> Session: Class initialized using 'CodeIgniter\Session\Handlers\FileHandler' driver.
DEBUG - 2026-07-26 20:30:05 --> === DETAIL ANGGOTA - HITUNG SISA ANGSURAN START ===
DEBUG - 2026-07-26 20:30:05 --> ID Anggota: 44
DEBUG - 2026-07-26 20:30:05 --> Qard aktif ditemukan: 0
DEBUG - 2026-07-26 20:30:05 --> Murabahah aktif ditemukan: 0
DEBUG - 2026-07-26 20:30:05 --> Mudharabah aktif ditemukan: 0
DEBUG - 2026-07-26 20:30:05 --> Tidak ada pembiayaan aktif, sisa angsuran = 0
DEBUG - 2026-07-26 20:30:05 --> Total sisa angsuran: 0
DEBUG - 2026-07-26 20:30:05 --> === DETAIL ANGGOTA - HITUNG SISA ANGSURAN END ===
DEBUG - 2026-07-26 20:30:16 --> Session: Class initialized using 'CodeIgniter\Session\Handlers\FileHandler' driver.
DEBUG - 2026-07-26 20:30:20 --> Session: Class initialized using 'CodeIgniter\Session\Handlers\FileHandler' driver.
DEBUG - 2026-07-26 20:30:23 --> Session: Class initialized using 'CodeIgniter\Session\Handlers\FileHandler' driver.
DEBUG - 2026-07-26 20:30:25 --> Session: Class initialized using 'CodeIgniter\Session\Handlers\FileHandler' driver.
DEBUG - 2026-07-26 20:30:36 --> Session: Class initialized using 'CodeIgniter\Session\Handlers\FileHandler' driver.
DEBUG - 2026-07-26 20:30:57 --> Session: Class initialized using 'CodeIgniter\Session\Handlers\FileHandler' driver.
DEBUG - 2026-07-26 20:30:57 --> Session: Class initialized using 'CodeIgniter\Session\Handlers\FileHandler' driver.
DEBUG - 2026-07-26 20:30:57 --> Session: Class initialized using 'CodeIgniter\Session\Handlers\FileHandler' driver.
DEBUG - 2026-07-26 20:30:58 --> Session: Class initialized using 'CodeIgniter\Session\Handlers\FileHandler' driver.
DEBUG - 2026-07-26 20:30:59 --> Session: Class initialized using 'CodeIgniter\Session\Handlers\FileHandler' driver.
DEBUG - 2026-07-26 20:56:01 --> Session: Class initialized using 'CodeIgniter\Session\Handlers\FileHandler' driver.
DEBUG - 2026-07-26 20:56:09 --> Session: Class initialized using 'CodeIgniter\Session\Handlers\FileHandler' driver.
DEBUG - 2026-07-26 20:56:09 --> Session: Class initialized using 'CodeIgniter\Session\Handlers\FileHandler' driver.
DEBUG - 2026-07-26 20:56:10 --> Session: Class initialized using 'CodeIgniter\Session\Handlers\FileHandler' driver.
DEBUG - 2026-07-26 20:56:14 --> Session: Class initialized using 'CodeIgniter\Session\Handlers\FileHandler' driver.
DEBUG - 2026-07-26 20:56:14 --> === DETAIL ANGGOTA - HITUNG SISA ANGSURAN START ===
DEBUG - 2026-07-26 20:56:14 --> ID Anggota: 45
DEBUG - 2026-07-26 20:56:14 --> Qard aktif ditemukan: 0
DEBUG - 2026-07-26 20:56:14 --> Murabahah aktif ditemukan: 0
DEBUG - 2026-07-26 20:56:14 --> Mudharabah aktif ditemukan: 0
DEBUG - 2026-07-26 20:56:14 --> Tidak ada pembiayaan aktif, sisa angsuran = 0
DEBUG - 2026-07-26 20:56:14 --> Total sisa angsuran: 0
DEBUG - 2026-07-26 20:56:14 --> === DETAIL ANGGOTA - HITUNG SISA ANGSURAN END ===
DEBUG - 2026-07-26 21:00:25 --> Session: Class initialized using 'CodeIgniter\Session\Handlers\FileHandler' driver.
DEBUG - 2026-07-26 21:00:26 --> === DETAIL ANGGOTA - HITUNG SISA ANGSURAN START ===
DEBUG - 2026-07-26 21:00:26 --> ID Anggota: 45
DEBUG - 2026-07-26 21:00:26 --> Qard aktif ditemukan: 0
DEBUG - 2026-07-26 21:00:26 --> Murabahah aktif ditemukan: 0
DEBUG - 2026-07-26 21:00:26 --> Mudharabah aktif ditemukan: 0
DEBUG - 2026-07-26 21:00:26 --> Tidak ada pembiayaan aktif, sisa angsuran = 0
DEBUG - 2026-07-26 21:00:26 --> Total sisa angsuran: 0
DEBUG - 2026-07-26 21:00:26 --> === DETAIL ANGGOTA - HITUNG SISA ANGSURAN END ===
DEBUG - 2026-07-26 21:01:31 --> Session: Class initialized using 'CodeIgniter\Session\Handlers\FileHandler' driver.
DEBUG - 2026-07-26 21:01:36 --> Session: Class initialized using 'CodeIgniter\Session\Handlers\FileHandler' driver.
DEBUG - 2026-07-26 21:01:39 --> Session: Class initialized using 'CodeIgniter\Session\Handlers\FileHandler' driver.
DEBUG - 2026-07-26 21:01:40 --> === DETAIL ANGGOTA - HITUNG SISA ANGSURAN START ===
DEBUG - 2026-07-26 21:01:40 --> ID Anggota: 45
DEBUG - 2026-07-26 21:01:40 --> Qard aktif ditemukan: 0
DEBUG - 2026-07-26 21:01:40 --> Murabahah aktif ditemukan: 0
DEBUG - 2026-07-26 21:01:40 --> Mudharabah aktif ditemukan: 0
DEBUG - 2026-07-26 21:01:40 --> Tidak ada pembiayaan aktif, sisa angsuran = 0
DEBUG - 2026-07-26 21:01:40 --> Total sisa angsuran: 0
DEBUG - 2026-07-26 21:01:40 --> === DETAIL ANGGOTA - HITUNG SISA ANGSURAN END ===
DEBUG - 2026-07-26 21:05:59 --> Session: Class initialized using 'CodeIgniter\Session\Handlers\FileHandler' driver.
DEBUG - 2026-07-26 21:06:02 --> === DETAIL ANGGOTA - HITUNG SISA ANGSURAN START ===
DEBUG - 2026-07-26 21:06:02 --> ID Anggota: 45
DEBUG - 2026-07-26 21:06:02 --> Qard aktif ditemukan: 0
DEBUG - 2026-07-26 21:06:02 --> Murabahah aktif ditemukan: 0
DEBUG - 2026-07-26 21:06:02 --> Mudharabah aktif ditemukan: 0
DEBUG - 2026-07-26 21:06:02 --> Tidak ada pembiayaan aktif, sisa angsuran = 0
DEBUG - 2026-07-26 21:06:02 --> Total sisa angsuran: 0
DEBUG - 2026-07-26 21:06:02 --> === DETAIL ANGGOTA - HITUNG SISA ANGSURAN END ===
DEBUG - 2026-07-26 21:12:12 --> Session: Class initialized using 'CodeIgniter\Session\Handlers\FileHandler' driver.
DEBUG - 2026-07-26 21:12:13 --> === DETAIL ANGGOTA - HITUNG SISA ANGSURAN START ===
DEBUG - 2026-07-26 21:12:13 --> ID Anggota: 45
DEBUG - 2026-07-26 21:12:13 --> Qard aktif ditemukan: 0
DEBUG - 2026-07-26 21:12:13 --> Murabahah aktif ditemukan: 0
DEBUG - 2026-07-26 21:12:13 --> Mudharabah aktif ditemukan: 0
DEBUG - 2026-07-26 21:12:13 --> Tidak ada pembiayaan aktif, sisa angsuran = 0
DEBUG - 2026-07-26 21:12:13 --> Total sisa angsuran: 0
DEBUG - 2026-07-26 21:12:13 --> === DETAIL ANGGOTA - HITUNG SISA ANGSURAN END ===
DEBUG - 2026-07-26 21:12:44 --> Session: Class initialized using 'CodeIgniter\Session\Handlers\FileHandler' driver.
DEBUG - 2026-07-26 21:12:58 --> Session: Class initialized using 'CodeIgniter\Session\Handlers\FileHandler' driver.
DEBUG - 2026-07-26 21:12:58 --> Session: Class initialized using 'CodeIgniter\Session\Handlers\FileHandler' driver.
DEBUG - 2026-07-26 21:13:01 --> Session: Class initialized using 'CodeIgniter\Session\Handlers\FileHandler' driver.
DEBUG - 2026-07-26 21:13:06 --> Session: Class initialized using 'CodeIgniter\Session\Handlers\FileHandler' driver.
DEBUG - 2026-07-26 21:13:06 --> === DETAIL ANGGOTA - HITUNG SISA ANGSURAN START ===
DEBUG - 2026-07-26 21:13:06 --> ID Anggota: 45
DEBUG - 2026-07-26 21:13:06 --> Qard aktif ditemukan: 0
DEBUG - 2026-07-26 21:13:06 --> Murabahah aktif ditemukan: 0
DEBUG - 2026-07-26 21:13:06 --> Mudharabah aktif ditemukan: 0
DEBUG - 2026-07-26 21:13:06 --> Tidak ada pembiayaan aktif, sisa angsuran = 0
DEBUG - 2026-07-26 21:13:06 --> Total sisa angsuran: 0
DEBUG - 2026-07-26 21:13:06 --> === DETAIL ANGGOTA - HITUNG SISA ANGSURAN END ===
DEBUG - 2026-07-26 21:15:16 --> Session: Class initialized using 'CodeIgniter\Session\Handlers\FileHandler' driver.
DEBUG - 2026-07-26 21:15:16 --> === DETAIL ANGGOTA - HITUNG SISA ANGSURAN START ===
DEBUG - 2026-07-26 21:15:16 --> ID Anggota: 45
DEBUG - 2026-07-26 21:15:16 --> Qard aktif ditemukan: 0
DEBUG - 2026-07-26 21:15:16 --> Murabahah aktif ditemukan: 0
DEBUG - 2026-07-26 21:15:16 --> Mudharabah aktif ditemukan: 0
DEBUG - 2026-07-26 21:15:16 --> Tidak ada pembiayaan aktif, sisa angsuran = 0
DEBUG - 2026-07-26 21:15:16 --> Total sisa angsuran: 0
DEBUG - 2026-07-26 21:15:16 --> === DETAIL ANGGOTA - HITUNG SISA ANGSURAN END ===
DEBUG - 2026-07-26 21:15:41 --> Session: Class initialized using 'CodeIgniter\Session\Handlers\FileHandler' driver.
DEBUG - 2026-07-26 21:15:45 --> Session: Class initialized using 'CodeIgniter\Session\Handlers\FileHandler' driver.
DEBUG - 2026-07-26 21:15:45 --> === DETAIL ANGGOTA - HITUNG SISA ANGSURAN START ===
DEBUG - 2026-07-26 21:15:45 --> ID Anggota: 44
DEBUG - 2026-07-26 21:15:45 --> Qard aktif ditemukan: 0
DEBUG - 2026-07-26 21:15:45 --> Murabahah aktif ditemukan: 0
DEBUG - 2026-07-26 21:15:45 --> Mudharabah aktif ditemukan: 0
DEBUG - 2026-07-26 21:15:45 --> Tidak ada pembiayaan aktif, sisa angsuran = 0
DEBUG - 2026-07-26 21:15:45 --> Total sisa angsuran: 0
DEBUG - 2026-07-26 21:15:45 --> === DETAIL ANGGOTA - HITUNG SISA ANGSURAN END ===
DEBUG - 2026-07-26 21:16:07 --> Session: Class initialized using 'CodeIgniter\Session\Handlers\FileHandler' driver.
DEBUG - 2026-07-26 21:16:08 --> Session: Class initialized using 'CodeIgniter\Session\Handlers\FileHandler' driver.
DEBUG - 2026-07-26 21:16:09 --> Session: Class initialized using 'CodeIgniter\Session\Handlers\FileHandler' driver.
DEBUG - 2026-07-26 21:16:26 --> Session: Class initialized using 'CodeIgniter\Session\Handlers\FileHandler' driver.
DEBUG - 2026-07-26 21:16:34 --> Session: Class initialized using 'CodeIgniter\Session\Handlers\FileHandler' driver.
DEBUG - 2026-07-26 21:16:39 --> Session: Class initialized using 'CodeIgniter\Session\Handlers\FileHandler' driver.
DEBUG - 2026-07-26 21:16:42 --> Session: Class initialized using 'CodeIgniter\Session\Handlers\FileHandler' driver.
DEBUG - 2026-07-26 21:16:42 --> === DETAIL ANGGOTA - HITUNG SISA ANGSURAN START ===
DEBUG - 2026-07-26 21:16:42 --> ID Anggota: 44
DEBUG - 2026-07-26 21:16:42 --> Qard aktif ditemukan: 0
DEBUG - 2026-07-26 21:16:42 --> Murabahah aktif ditemukan: 0
DEBUG - 2026-07-26 21:16:42 --> Mudharabah aktif ditemukan: 0
DEBUG - 2026-07-26 21:16:42 --> Tidak ada pembiayaan aktif, sisa angsuran = 0
DEBUG - 2026-07-26 21:16:42 --> Total sisa angsuran: 0
DEBUG - 2026-07-26 21:16:42 --> === DETAIL ANGGOTA - HITUNG SISA ANGSURAN END ===
DEBUG - 2026-07-26 21:16:45 --> Session: Class initialized using 'CodeIgniter\Session\Handlers\FileHandler' driver.
DEBUG - 2026-07-26 21:16:54 --> Session: Class initialized using 'CodeIgniter\Session\Handlers\FileHandler' driver.
DEBUG - 2026-07-26 21:16:54 --> === DETAIL ANGGOTA - HITUNG SISA ANGSURAN START ===
DEBUG - 2026-07-26 21:16:54 --> ID Anggota: 59
DEBUG - 2026-07-26 21:16:54 --> Qard aktif ditemukan: 1
DEBUG - 2026-07-26 21:16:54 --> Qard ID 23: jml_pinjam=1000000.00, jml_angsuran=3, jml_terbayar=350000.00, angsuran_per_bulan=333333.33333333, tenor_dibayar=1, sisa=2
DEBUG - 2026-07-26 21:16:54 --> Murabahah aktif ditemukan: 0
DEBUG - 2026-07-26 21:16:54 --> Mudharabah aktif ditemukan: 0
DEBUG - 2026-07-26 21:16:54 --> Total sisa angsuran: 2
DEBUG - 2026-07-26 21:16:54 --> === DETAIL ANGGOTA - HITUNG SISA ANGSURAN END ===
DEBUG - 2026-07-26 21:17:28 --> Session: Class initialized using 'CodeIgniter\Session\Handlers\FileHandler' driver.
DEBUG - 2026-07-26 21:18:04 --> Session: Class initialized using 'CodeIgniter\Session\Handlers\FileHandler' driver.
DEBUG - 2026-07-26 21:18:05 --> Session: Class initialized using 'CodeIgniter\Session\Handlers\FileHandler' driver.
DEBUG - 2026-07-26 21:18:06 --> Session: Class initialized using 'CodeIgniter\Session\Handlers\FileHandler' driver.
DEBUG - 2026-07-26 21:18:17 --> Session: Class initialized using 'CodeIgniter\Session\Handlers\FileHandler' driver.
DEBUG - 2026-07-26 21:19:26 --> Session: Class initialized using 'CodeIgniter\Session\Handlers\FileHandler' driver.
DEBUG - 2026-07-26 21:22:32 --> Session: Class initialized using 'CodeIgniter\Session\Handlers\FileHandler' driver.
DEBUG - 2026-07-26 21:22:34 --> Session: Class initialized using 'CodeIgniter\Session\Handlers\FileHandler' driver.
DEBUG - 2026-07-26 21:22:35 --> Session: Class initialized using 'CodeIgniter\Session\Handlers\FileHandler' driver.
DEBUG - 2026-07-26 21:22:38 --> Session: Class initialized using 'CodeIgniter\Session\Handlers\FileHandler' driver.
DEBUG - 2026-07-26 21:22:39 --> Session: Class initialized using 'CodeIgniter\Session\Handlers\FileHandler' driver.
DEBUG - 2026-07-26 21:22:57 --> Session: Class initialized using 'CodeIgniter\Session\Handlers\FileHandler' driver.
DEBUG - 2026-07-26 21:26:47 --> Session: Class initialized using 'CodeIgniter\Session\Handlers\FileHandler' driver.
DEBUG - 2026-07-26 21:26:52 --> Session: Class initialized using 'CodeIgniter\Session\Handlers\FileHandler' driver.
DEBUG - 2026-07-26 21:26:53 --> Session: Class initialized using 'CodeIgniter\Session\Handlers\FileHandler' driver.
DEBUG - 2026-07-26 21:26:53 --> Session: Class initialized using 'CodeIgniter\Session\Handlers\FileHandler' driver.
DEBUG - 2026-07-26 21:26:57 --> Session: Class initialized using 'CodeIgniter\Session\Handlers\FileHandler' driver.
DEBUG - 2026-07-26 21:29:17 --> Session: Class initialized using 'CodeIgniter\Session\Handlers\FileHandler' driver.
DEBUG - 2026-07-26 21:29:28 --> Session: Class initialized using 'CodeIgniter\Session\Handlers\FileHandler' driver.
DEBUG - 2026-07-26 21:29:28 --> Session: Class initialized using 'CodeIgniter\Session\Handlers\FileHandler' driver.
DEBUG - 2026-07-26 21:34:39 --> Session: Class initialized using 'CodeIgniter\Session\Handlers\FileHandler' driver.
DEBUG - 2026-07-26 21:36:33 --> Session: Class initialized using 'CodeIgniter\Session\Handlers\FileHandler' driver.
DEBUG - 2026-07-26 21:38:58 --> Session: Class initialized using 'CodeIgniter\Session\Handlers\FileHandler' driver.
DEBUG - 2026-07-26 21:39:17 --> Session: Class initialized using 'CodeIgniter\Session\Handlers\FileHandler' driver.
DEBUG - 2026-07-26 21:39:20 --> Session: Class initialized using 'CodeIgniter\Session\Handlers\FileHandler' driver.
DEBUG - 2026-07-26 21:39:21 --> Session: Class initialized using 'CodeIgniter\Session\Handlers\FileHandler' driver.
DEBUG - 2026-07-26 21:48:30 --> Session: Class initialized using 'CodeIgniter\Session\Handlers\FileHandler' driver.
DEBUG - 2026-07-26 21:48:34 --> Session: Class initialized using 'CodeIgniter\Session\Handlers\FileHandler' driver.
DEBUG - 2026-07-26 21:48:34 --> Session: Class initialized using 'CodeIgniter\Session\Handlers\FileHandler' driver.
DEBUG - 2026-07-26 21:48:35 --> Session: Class initialized using 'CodeIgniter\Session\Handlers\FileHandler' driver.
DEBUG - 2026-07-26 21:49:30 --> Session: Class initialized using 'CodeIgniter\Session\Handlers\FileHandler' driver.
DEBUG - 2026-07-26 21:50:31 --> Session: Class initialized using 'CodeIgniter\Session\Handlers\FileHandler' driver.
DEBUG - 2026-07-26 21:51:18 --> Session: Class initialized using 'CodeIgniter\Session\Handlers\FileHandler' driver.
DEBUG - 2026-07-26 21:52:01 --> Session: Class initialized using 'CodeIgniter\Session\Handlers\FileHandler' driver.
DEBUG - 2026-07-26 21:52:16 --> Session: Class initialized using 'CodeIgniter\Session\Handlers\FileHandler' driver.
DEBUG - 2026-07-26 21:52:36 --> Session: Class initialized using 'CodeIgniter\Session\Handlers\FileHandler' driver.
DEBUG - 2026-07-26 21:52:37 --> Session: Class initialized using 'CodeIgniter\Session\Handlers\FileHandler' driver.
DEBUG - 2026-07-26 21:52:38 --> Session: Class initialized using 'CodeIgniter\Session\Handlers\FileHandler' driver.
DEBUG - 2026-07-26 21:53:14 --> Session: Class initialized using 'CodeIgniter\Session\Handlers\FileHandler' driver.
DEBUG - 2026-07-26 21:53:18 --> Session: Class initialized using 'CodeIgniter\Session\Handlers\FileHandler' driver.
DEBUG - 2026-07-26 21:53:20 --> Session: Class initialized using 'CodeIgniter\Session\Handlers\FileHandler' driver.
DEBUG - 2026-07-26 21:53:47 --> Session: Class initialized using 'CodeIgniter\Session\Handlers\FileHandler' driver.
DEBUG - 2026-07-26 21:53:56 --> Session: Class initialized using 'CodeIgniter\Session\Handlers\FileHandler' driver.
DEBUG - 2026-07-26 21:54:04 --> Session: Class initialized using 'CodeIgniter\Session\Handlers\FileHandler' driver.
DEBUG - 2026-07-26 21:54:06 --> Session: Class initialized using 'CodeIgniter\Session\Handlers\FileHandler' driver.
DEBUG - 2026-07-26 21:54:07 --> Session: Class initialized using 'CodeIgniter\Session\Handlers\FileHandler' driver.
DEBUG - 2026-07-26 21:54:07 --> Session: Class initialized using 'CodeIgniter\Session\Handlers\FileHandler' driver.
DEBUG - 2026-07-26 21:54:08 --> Session: Class initialized using 'CodeIgniter\Session\Handlers\FileHandler' driver.
DEBUG - 2026-07-26 21:54:09 --> Session: Class initialized using 'CodeIgniter\Session\Handlers\FileHandler' driver.
DEBUG - 2026-07-26 21:54:10 --> Session: Class initialized using 'CodeIgniter\Session\Handlers\FileHandler' driver.
DEBUG - 2026-07-26 21:54:10 --> Session: Class initialized using 'CodeIgniter\Session\Handlers\FileHandler' driver.
DEBUG - 2026-07-26 21:54:12 --> Session: Class initialized using 'CodeIgniter\Session\Handlers\FileHandler' driver.
DEBUG - 2026-07-26 21:54:52 --> Session: Class initialized using 'CodeIgniter\Session\Handlers\FileHandler' driver.
DEBUG - 2026-07-26 21:55:05 --> Session: Class initialized using 'CodeIgniter\Session\Handlers\FileHandler' driver.
DEBUG - 2026-07-26 21:55:05 --> Session: Class initialized using 'CodeIgniter\Session\Handlers\FileHandler' driver.
DEBUG - 2026-07-26 21:55:11 --> Session: Class initialized using 'CodeIgniter\Session\Handlers\FileHandler' driver.
DEBUG - 2026-07-26 21:55:21 --> Session: Class initialized using 'CodeIgniter\Session\Handlers\FileHandler' driver.
DEBUG - 2026-07-26 21:55:35 --> Session: Class initialized using 'CodeIgniter\Session\Handlers\FileHandler' driver.
DEBUG - 2026-07-26 21:57:48 --> Session: Class initialized using 'CodeIgniter\Session\Handlers\FileHandler' driver.
DEBUG - 2026-07-26 21:59:08 --> Session: Class initialized using 'CodeIgniter\Session\Handlers\FileHandler' driver.
CRITICAL - 2026-07-26 21:59:10 --> ErrorException: Undefined variable $nomor
[Method: GET, Route: admin/dashboard_admin/financing]
in APPPATH\Views\dashboard_admin\financing.php on line 118.
 1 APPPATH\Views\dashboard_admin\financing.php(118): CodeIgniter\Debug\Exceptions->errorHandler(2, 'Undefined variable $nomor', 'D:\\Kumpulan Project IT\\Project Web\\koperasi-samara\\app\\Views\\dashboard_admin\\financing.php', 118)
 2 SYSTEMPATH\View\View.php(226): include('D:\\Kumpulan Project IT\\Project Web\\koperasi-samara\\app\\Views\\dashboard_admin\\financing.php')
 3 SYSTEMPATH\View\View.php(229): CodeIgniter\View\View->CodeIgniter\View\{closure}()
 4 SYSTEMPATH\Common.php(1167): CodeIgniter\View\View->render('dashboard_admin/financing', [], true)
 5 APPPATH\Controllers\AdminDashboard.php(1715): view('dashboard_admin/financing', [...])
 6 SYSTEMPATH\CodeIgniter.php(933): App\Controllers\AdminDashboard->financing()
 7 SYSTEMPATH\CodeIgniter.php(507): CodeIgniter\CodeIgniter->runController(Object(App\Controllers\AdminDashboard))
 8 SYSTEMPATH\CodeIgniter.php(354): CodeIgniter\CodeIgniter->handleRequest(null, Object(Config\Cache), false)
 9 SYSTEMPATH\Boot.php(363): CodeIgniter\CodeIgniter->run()
10 SYSTEMPATH\Boot.php(68): CodeIgniter\Boot::runCodeIgniter(Object(CodeIgniter\CodeIgniter))
11 FCPATH\index.php(59): CodeIgniter\Boot::bootWeb(Object(Config\Paths))
12 SYSTEMPATH\rewrite.php(44): require_once('D:\\Kumpulan Project IT\\Project Web\\koperasi-samara\\public\\index.php')
DEBUG - 2026-07-26 22:02:51 --> Session: Class initialized using 'CodeIgniter\Session\Handlers\FileHandler' driver.
DEBUG - 2026-07-26 22:03:14 --> Session: Class initialized using 'CodeIgniter\Session\Handlers\FileHandler' driver.
DEBUG - 2026-07-26 22:03:16 --> Session: Class initialized using 'CodeIgniter\Session\Handlers\FileHandler' driver.
DEBUG - 2026-07-26 22:03:18 --> Session: Class initialized using 'CodeIgniter\Session\Handlers\FileHandler' driver.
DEBUG - 2026-07-26 22:03:19 --> Session: Class initialized using 'CodeIgniter\Session\Handlers\FileHandler' driver.
DEBUG - 2026-07-26 22:03:20 --> Session: Class initialized using 'CodeIgniter\Session\Handlers\FileHandler' driver.
DEBUG - 2026-07-26 22:03:34 --> Session: Class initialized using 'CodeIgniter\Session\Handlers\FileHandler' driver.
DEBUG - 2026-07-26 22:04:02 --> Session: Class initialized using 'CodeIgniter\Session\Handlers\FileHandler' driver.
DEBUG - 2026-07-26 22:04:15 --> Session: Class initialized using 'CodeIgniter\Session\Handlers\FileHandler' driver.
DEBUG - 2026-07-26 22:04:39 --> Session: Class initialized using 'CodeIgniter\Session\Handlers\FileHandler' driver.
DEBUG - 2026-07-26 22:04:47 --> Session: Class initialized using 'CodeIgniter\Session\Handlers\FileHandler' driver.
DEBUG - 2026-07-26 22:04:49 --> Session: Class initialized using 'CodeIgniter\Session\Handlers\FileHandler' driver.
DEBUG - 2026-07-26 22:05:00 --> Session: Class initialized using 'CodeIgniter\Session\Handlers\FileHandler' driver.
DEBUG - 2026-07-26 22:05:05 --> Session: Class initialized using 'CodeIgniter\Session\Handlers\FileHandler' driver.
DEBUG - 2026-07-26 22:05:18 --> Session: Class initialized using 'CodeIgniter\Session\Handlers\FileHandler' driver.
DEBUG - 2026-07-26 22:05:19 --> === DETAIL ANGGOTA - HITUNG SISA ANGSURAN START ===
DEBUG - 2026-07-26 22:05:19 --> ID Anggota: 46
DEBUG - 2026-07-26 22:05:19 --> Qard aktif ditemukan: 0
DEBUG - 2026-07-26 22:05:19 --> Murabahah aktif ditemukan: 0
DEBUG - 2026-07-26 22:05:19 --> Mudharabah aktif ditemukan: 0
DEBUG - 2026-07-26 22:05:19 --> Tidak ada pembiayaan aktif, sisa angsuran = 0
DEBUG - 2026-07-26 22:05:19 --> Total sisa angsuran: 0
DEBUG - 2026-07-26 22:05:19 --> === DETAIL ANGGOTA - HITUNG SISA ANGSURAN END ===
DEBUG - 2026-07-26 22:05:37 --> Session: Class initialized using 'CodeIgniter\Session\Handlers\FileHandler' driver.
DEBUG - 2026-07-26 22:07:41 --> Session: Class initialized using 'CodeIgniter\Session\Handlers\FileHandler' driver.
DEBUG - 2026-07-26 22:07:41 --> === RESET PASSWORD DEBUG START ===
DEBUG - 2026-07-26 22:07:41 --> Raw POST data: {"user_id":"45","csrf_test_name":"987ad6c0a7723de64a84d4c50363fe5b"}
DEBUG - 2026-07-26 22:07:41 --> User ID from POST: 45
DEBUG - 2026-07-26 22:07:41 --> Type of User ID: string
DEBUG - 2026-07-26 22:07:41 --> User ID after trim: 45
DEBUG - 2026-07-26 22:07:41 --> Is empty: NO
DEBUG - 2026-07-26 22:07:41 --> Is null: NO
DEBUG - 2026-07-26 22:07:41 --> Equals "null": NO
DEBUG - 2026-07-26 22:07:41 --> Equals "undefined": NO
DEBUG - 2026-07-26 22:07:41 --> === RESET PASSWORD DEBUG END ===
DEBUG - 2026-07-26 22:07:41 --> User ID after int conversion: 45
DEBUG - 2026-07-26 22:07:41 --> Checking if user exists with ID: 45
DEBUG - 2026-07-26 22:07:41 --> User found: {"id":"45","nama_lengkap":"muhammad fatihah zahid","email":"zahid@gmail.com","username":"zahid","password":"$2y$10$o0lEI1EwI\/9gWw5GR5QgGuJlOahKQ2cSO0CVxQsMhtW4HZg3N1L3q","role":"anggota","created_at":"2025-10-10 14:05:45","nomor_ktp":"254747668","foto":"data:image\/png;base64,iVBORw0KGgoAAAANSUhEUgAAAoAAAAHgCAYAAAA10dzkAAAQAElEQVR4AUz9B6AuyVnfCf8rdfebT7xxRhpJCBC2JYIJa5bFGKe11wu2sVkb8C4sYNICFtEYY4xxNskmy2RskzEIISQklDUaTZ6RNBppRhPv3HjyOW\/qUN\/v6auxvzO3pvvtrnrqCf8nVNV77vW\/+vOvy7\/28z+X\/\/sv\/GL+pX\/7H\/LPf\/8P5t\/+oR\/Nf\/SzP5vf\/Auvy7\/54\/8+v\/N3fynf\/aZfzm\/7g9flP\/mD\/5zf+vqfz3\/y+l\/Nb3v9r+W3veG38tv\/8Hfye\/749\/N973hzfvA9b80PvOst+aF3vy0\/THv0ve\/Ij93znvxh2kfuvTs\/\/v73cv9u2ru4f3d+\/L735MfufVf+8P3cP0S\/h9+dH3vknfnB+96U77vvjfn9974hP\/Twm\/Kjj74pv++9v5nvftev5w8\/+ub8gfv\/KP\/3X\/+J\/Prfgs8\/+KX8Jnj6\/d\/6yfz63\/yJ\/Mbf\/an8ht\/58fzG\/\/4f82\/91x\/M\/+k\/fE1+3Y\/9w\/wT\/+Yf5P\/wvX8n\/4d\/8mX5B\/\/Rl+d\/8rVflv\/5N3x9\/qa\/86X5H\/39v59\/6T\/8YH7DL\/9w\/u3\/\/AP5Db\/2Q\/k3f\/Xf5x\/8V9+RX\/s935q\/7Gu+Mn\/lN3xj\/o7v\/r78Az\/wQ\/mnfuKX8w\/\/+5\/N\/\/GH\/nP+Ua4\/+u9\/Jv\/Ef\/rF\/CM\/+nP5X\/ybH88\/\/vO\/ln\/6v\/5O\/unfoP3Wb+f\/8uY\/yj\/z27+Zf+H3fz\/\/0u+\/Mb\/uN\/8of+e\/+tn8ld\/+Q\/mLvvr78mf+71+ZX\/P5fyf\/5b\/51flvffk35C\/9h9+c\/+E\/\/b78f33Xa\/Pf\/a5vzf\/Xd35L\/opv\/+b8Na\/95vwt3\/Ft+Vu\/7bX5e77\/+\/I\/+Tf\/Mv+jH\/zn+bX\/9l\/nr\/uBf5G\/7Du\/N3\/V9\/2b\/CX\/6J\/lv\/kt\/yx\/0Tf9s\/yl3\/Zv81d974\/nv\/mN\/zr\/3W\/9j\/kv\/N\/\/Kn\/B1\/5I\/t+\/+5fyX\/kXv57\/xk+9OX\/ju57Nf\/sPP5C\/6E0fyf\/nW5\/KX\/B7H8h\/8Q8ey3\/1jfb56fzn\/\/sH8\/91z17+i2\/4cP4Lr\/9g\/tvvvZq\/4A8\/mP\/aO57Kf\/UdT+e\/yvgvfPvH8l94xxP5C9\/+4fxX3\/ah\/Nff9GD+u2+4N3\/VH96fv\/WPP5i\/\/a2P5de+5bH8T+59Pn\/7A1fyX\/v1t+XX\/Miv5P\/lp38rf97P\/Hb+K7\/wB\/mv\/dwb8tf8wQP5S37xrfn\/\/Jk35C\/\/b+\/IX\/Hr78hf9l\/flv\/er741\/62ffX3+uz\/1+vxNv\/LO\/NpffGf+rl94d\/6OX3xPfu1v3J\/\/\/q+8I\/+t331f\/vO\/9if58\/7rW\/Jf\/a135r\/3e\/fmv\/9r785f8+v35K\/++Xfkf\/RL78vf8fN353\/8n+\/O3\/4Tb8\/f\/J\/ekr\/pJ2n\/+e35G6H3FT\/5hvyF3\/9z+R\/83B\/lr\/qVt+av\/a1356\/89bfnr\/2dd+dve\/ND+Zv\/4P35q\/7bW\/Pf\/unfyV\/wr38uf94P\/HT+rH\/8o\/mzv+OH89\/6d\/8l\/\/Xv\/Zn8F7\/1R\/KX\/sAv5b\/E9Qu\/5UfyF3zzD+e\/\/G3\/Mf+17\/rJ\/EXf+7P5b0H\/i7\/vZ\/MXf99P5y\/+Zz+ev+QHfzJ\/6b97Xf7yH\/3l\/JU\/+ev5y3\/sv+V\/8J9+M3\/bf3tn\/uZfemv+qp\/4\/fxVyPyVr3tD\/r9\/\/g\/zl77u9\/Lf+8U\/yH\/zJ38j\/\/2f+Z38\/77u9fmr\/9Pv5K\/+4d\/MX\/9jv5O\/\/XVvyl\/\/I7+Vv+6Hfz1\/D\/2\/\/1femH\/wv7wh\/9jv\/HH+kf\/2e\/nep6\/mD986yA+\/8EJ+5Pq1fPdTT+aHuT5041p+55NP5rd\/5Mn8u+99KH\/LD\/xY\/jtf8z3573\/D9+W\/+43\/OP8f\/+835S\/7tn+cv\/RbviN\/0dd\/S\/6Sb\/6u\/MVf\/+35b37Dd+Uv+trvzH\/36\/9J\/spv+v78VV\/\/Pfkr\/p9vyj\/5Mz+Xf\/oXX5f\/w3\/+sfy9P\/lv8jf\/2L\/I\/\/RXX5e\/7kd\/OH\/Jd\/\/z\/H9+0z\/N\/893\/lD+uu\/+0fw13\/Iv87d\/77\/Pv\/Ibv5c\/8MST+aNXnsuPPvNkfujZj+X7n34iP\/L8031730cfy3d\/5EP53Y89kt9039359e99R\/6NP\/7D\/Cu\/+5v5F\/7br+af+KmfyD\/1kz+ef+vXfy2\/\/vd+O\/\/O7\/96vu\/Ru\/MDj92b3\/vAu\/L9j74\/P0B7\/wPvzXe\/\/5354Q\/e\/z\/aox98kHhzd77\/\/nvzBz7wCDHnofzAg+\/n+mD+wKMP5kcevjc\/9qEH8hMfeTi\/8Nzj+fEP3puf\/PAD+bmPfaBvTz\/xSP7oh+\/PTz7xcH74A3fnBz94d370o\/fnBz\/MnI\/dkx954v58zwfekx\/m+sSVx\/KjXB\/9yH35g0880LeHH3t\/fuCD9+RHH38wP\/CBe\/NDH7o\/P\/zYA\/nBD9yXH33sIdrD+ZHHHs4Pf+hB5LiX9v78gY88lD\/40Qfy4x97KD\/2xH35iaceyh96\/P35wUfelT\/wofflR5jv2ec\/xPXu\/NjjD9Do\/6EH8wc\/9FD+wAcfyo88cn8v4733vpc4ex\/PH+T5\/fmhR+7Jj8LDY48\/mB9njg\/Bywc\/eF9\/f+9978wPPnw3fd6XH\/3QfflRZH6E9tBj9+UH7PNHH8n3o9f7aA995JF832MP5oc+8oF8L\/O9Fx0++uRj\/bP3o7974PFP3v\/H+X2Pvpux0PzQPdB8f37o0ffmBx56Nzng7djjnflR+Hnk4fflhx58b76PfPHA\/fD70Pvzo48+kO9\/4J5ejoceujc\/cP\/d+eGH3ke\/9\/DsvdjrHmz3nvzhD92d3\/ueP8wfwiYPPPCO\/IEP3M3790Db7u9hzHt4dg\/07ubZO7l\/P+1edHBfvvt99PngA\/mhR97f6+eee9+V33fPO9Hb3fnd73lLft\/7344+3puffuaD6PA98PDOfO\/73k4Oe3d+4P3vzI\/C9z3vfxt93pPvJ7+977635Xvuf3t+7\/vfmu++5635nnvflt\/57j\/K9z7wzmzvrN3zwNvyfQ+\/M9\/z4Nvz+x74k3z3\/W\/N73rfm7KNe8\/73pLf9o4\/zO+9+0\/yPfDxbvLt3Xb\/vrf1897N5\/e+nb7vfmt+H+2e9\/5Jvod399zz9nwPvBq\/77oberR3vOfN+Z3vfUt+9\/v+pG\/2\/E\/e8cZsMr737rfluxn3Xmhbe89739rLa\/dG455739HLbn162tb33W\/J72fcve9\/Rzae3v72N6L3t+b38Pw97\/7j\/O53vSm\/E97\/6I9+O7\/v7rfk+9DLe9\/95nz\/vW\/P74OHt7\/jj\/Lb3\/Em2pvz25DhHe\/84\/yOd76F9tb8znf9Ce2tt9+9k\/e0P37bG\/Jb3v6G\/Id\/\/Dv5TW\/97\/n1b\/yN\/MY3c\/\/Hv0e\/N+XX\/8Hv5N\/7\/d\/Of\/zmP8xvsfbHb8hv\/5M\/ym998x\/kP6G94y1vzG970x\/07Z1vfWN+5L735He85fX59b\/7y\/mNr\/8V2i\/nN7\/hV\/Pb3\/wb+Z53\/n5+11t\/K7\/x934xv\/WN\/4Xn9u6X8+\/99uuINb+Qf\/\/3fyH\/0q\/+UP7N3\/2J\/LM\/\/8\/zz\/\/yD+Zf+MV\/lX\/pl38o\/8ef+nf5e37ge\/Jr\/\/l357\/+FX8z\/51\/+CX5G77n\/8n\/3z\/+e\/lbv+dL89e99ovyP\/u3X5+\/9lu\/NH\/Td351\/tbv\/pb8Xd\/3Pfnrv+kb85d9xZfn1772tfn\/+5Zvyd\/y7a\/NX\/XN35i\/6V98X\/5\/\/+U\/z9\/40z+Zv+yHfyj\/je\/\/\/vwPfvhH8t\/6nu\/NX\/Jd353\/8j\/8uvxXv\/Zr8xf\/f9+Yv+qffnf+rh\/51\/mrv+db85d\/69fkr\/vef5S\/4Z9+Z\/6Kb\/2G7HPu1OVWbddqPJtoOB2r81LNs3XbKhaFUlUppFJFOVAqKjkf1XRZ667Tuqm1WC+VvVOTG63rlXxw9Mmy\/2T\/d3aXJa4O2vZJ9PcpqKhKdfRpmL\/L\/Rt5HwQBdW0nJymG2LeyrJTpMxgMtV6v5ZzXul5rtV5puVpxXWvJfQNfPiZl+BTNhUrZlZKv1OYk5wplhKzrTi1yePpwUdNkdTzvFOmfVHNfd06tHLSCYlnKpaRyNNTJYqElsu+dHOnW0QGkk3wR1bhMn6DG5BE6WtcajyfMJw0GI9lcznn54JG90Hw1h+eFqkGpcxfOKRap14cY27aNovdidrXIuWTOFpssVkt1zqnjTW06gn8XErpolbBPa8Lwrlk3vQ4nkwm2KzUcj7WEjktevX27RkygmnkCco14v1jMxSCNBpWKGLQ1m2lQFBoh+3q+6K+u6yRk3zS56kaO8R32iDnLN420qrl2ip1TGQqVqVIDn6um1Zo+qyydzJfM26mshlouVzo+PpHZ2+xbMF+IQSFGdFRqOBr11wocjiZTzTY3VYCBzPs1WljRTpYLYT4tlmvorbWGB0yAFr0a+Fg1nRz4rUOQH47koLlOUSvvlE02B0\/LpRrwln3AB4KW8Lx\/cqajxVI3j4719AtXdX1\/X2b7Dv2nopCDXo1NDBOuLDSYwd+5XdXYd8p1Rtu+eEElNuh4VjOP8V0yf4m+02isRZs1p7Wx0NpHHa7W2mPOx59\/Ti8cHeoEQU6YY45dz5BDqZTJc7asdWP\/SNf2DnQCzpbwPke3146O+jEJXtxwqBqaS6MvD0YasBfknFOLrYL3KotSpvcGWybkKfAde5diVEoB29Wq8fHgPS7s8JGsgI48NIb4QgFmUwyaETt2djYl4kAKToOq1HAw0J133AGdQrPJTDtb29rZ3FKzWkCrVfSCluR8FgN1c+8muGgU0SVMMnejFvktRpiunXc8dmqxTYzGX9LpyQk8dSqwRyoKaDnkXOuY5xY7Uky6LU9iDimE2GOtA8cdeh1jiwoddMzj6LHCv4bDCp0wK3g132RSeWRu0WN2Xi4k+OyIfbV4BMYysAf3zCXeZzk5robtGt9wzuEyDbqGPzlmkYbVSEYzQiulQqMxfso14Ysmm\/FV8Nk507nx0qHHJPOD4L08z\/sGX2vs3xkj2Sl3knO857lz2A\/MICo66BR4Jn5afNZ7p4DdIkZwnnts5oPvn3loOwct5O\/1BAHDyIo4G1NSWZa9vp1zsp8RPiX6Vjy3z845MLPW\/OyMOBKVmc\/hpxiKWFb3z2IIqsH6CqwHeZmdSuQVPy2xgosCtrJ+GaGM1xJcQFreO2zYcBXjAlMjNN4e4F9crX\/GX4yG955pOznnZXoKzGsySU4R+vbZQa+Bx4Z5nXO9fM4xB5jwwYPDup+jbWvGBJVVIfuJKYpuMpwviR8duDQdZXSR6VCCf7vaHAvit70fm9+jQ5M3cvUQMHvbtUR\/\/Xh4Nxr2vMV+Hv1EcGL8z+dzeR96mTrjz+RjXsufAZ8YjUca0MxvUpkk7+BEMlqevnVdy6Ej0Zxz4g9duPLZ88F46PCLfhD\/c453NOOnJWY0jA\/e47\/qm5fkpP6e9CezV4C\/k8OCAAAAEABJREFUAfHants4ffzHh6AAj\/axJt6YPPbeclZDTjk8PJDl9Iy9rY\/zTs5Lzomf3NvAObjv8dj1fPMCbLcK2HI6nfHRqZcTXhP6LQxTjDeaFTHJ5A7g3j7bvbWauU02m8h8I2M\/poBOBAuVqmqgum7p6rA1fuuCgidX88h78I3fBa7j0VQNicjymj33ISgyf\/CeOmCkDpmD4C+L8UGSV4PfOmgdn8w1GIy1Iq4752V65CImVYc+zJYt1yG2TUXC\/6Ka9ULNcq5hEdVRSxS+o3rpNB1V2t6caUA\/y83z09PePpsbW4rM5eQ0QCYvnDK7To1rFYeFxjsb8qNSNbw1tEAhYIXeyXwtFwcqhlNVkw11kQAokSRrLZuV1h3ODgOL9ZyAWCtDz3mcLor7TgpZlJt9C0VQRYBFdsUyqqD4WVOMLCgeLch7aJflQCkWQnIllDig+NuYbujc7vn++WxjQ3fceade+Umv1AaCJugM4Hv34jltnd\/VECAgkRqVKkc7WucB92OkpeUhQCpVpJGUo1IxkKdIbLlvcqEcRlo0UauuUO1Kna07tS7qeL7SLQqV52\/e0MeuXtETV57VM9evComFptFbpcHmRJOdTXXozgrjFhSdUEQ0daeucbJrRvBOWU88\/QQF4JmaTEAcFBpOhiqqpJAiyaVVA4ADOvbmjLSC5w1X8IIsqBSdpMFIkSJqBejmq0Y116PDU60Wa+br+rYiyLbMF6Bdm03sin3O6oUcerOWg9N0OlHJHNFJA65TgtcEJx6lpBGfZUUA84\/tc4gaYZcx15LgM0DOrbLUVEHjzmmSg7aLkabVBD0P0GlSG5OastCVgwM9\/vQz6nzUpcsv0flzlzQaTij0xnrpXXehgxJdjDQYDXTh0mU+D1VS8MWyVAFPHidu4aemdcOBhEP4yVhNjFqgg+hLioxzGlZTgom0qLNOaKfo\/TQknVWVVhRk7dambhL0r1L07q\/XOqCd4KDTnXOKOPLKJx1gg2cODvXM4ZGuYPsXuN8\/m\/f6H1Mcz7a29NJXfoJe\/qpXaby7o7S1Ibc5VYT24Pw5bb70Tu2+7C5d\/IRXqGHeEQXh9MJ5VRSxifEd9luXIy3TQItyqONYaN95PUOQfwa+brisG+p0lcL92AetUilVY7CZVCvpeIVloZGnUx3Iad9JN0gK17HJR\/cP9ByF9jWwcFSLItNpDXg8dG4nQIGThY4Iuhm7dgS4hH6KmHTrxs0+wIwnFfZzSuBjXFXgqWHMUs26lYfPGfOOsNNsY6wJfUfDqOAaWquSwmILPxwVQ13YuaBzW7saIN+WFTqSitwSFpDC07dwYmpiDNciSiGoI9A34GpOQXZAUXsdv1ssl0pFAVanOn\/+gs6fO68SP2i7LMHPnCRrAXJze0ujyUghhj45uE7w5AmCTmv8IfigATGmJeEnMOwEP8hdFEkD8FVy9U4E\/bXW4GJrZwvdtfjrWktkPz5bSqFQYQEbnTbo3trcCrEQVMCT6TlCezQcK\/rYz53AVHRBRwfHunVrXymWKuHDEsfJ0akyclhBZIXR5samKjBfIm8FT7If9GH8KmcdHhz2xa\/FSC\/f22TNok\/cK3t684zioQULSxZGHbRr8O2DZ0hHfFlpsTjjvsX3Kki2asCZd04tGBrgWxU2b9BRR+IRz0OMSvi\/XT33zlsyztrf29fNG7d0fHwswWMRIzhZaAWOV9jE8SzCUXJSzWKtpZA8hf8Mv8OiUjCesVGNrhsKjBXvLQkbfecYxNgVOEjYpawKdWCnrlcKzC\/ujw72KSxX3NayRzEECZ7NzsPBUB79F6lQC85NnqbXS9Ypi9qbt25BL\/etIR7M4fcAn1hB34qlGDyzZ3SzAgvMwXwtBUPX1Ypg3MPfCn4NJyZ\/jY7XvHfeEY8WtKUy9iqwY\/BeHfawluHPM7bpeWoUU5Tx2qHvs1PsAo8NC1mX0XEr7d3cI6lvaXtrRx461mxMgIcCfBRgZYX9jk5PtGAjpHVSg96tlYMKGw9737FCK\/PcKff68\/TLyOThJchhC8f\/8Sf4g3HZc2tFjDLeMvxXqdAQbHi6OXDVN+4TMgR8q0xJVhQX9HPeqUGviCHnnDzvJYcua3CW+2Y5yuwym23041JKCviu4NEavdR1Dbdd3xy8OXTqoWM8mp8ZvveJeT4ERjl1vHfOKQQvBjFPq03i7jlicFFEeForkOxmxOvReCCrgxbUMBY7NlikjohTISQwI62wQ4oFuojyilJn16TgC\/w6SuQ7zIhsRf9M9FmTc5xPqqqBBsSDCzs7Kn1QAU\/ReSECPDnNlw04rJVVKKURz4M6YsqUHDUZj1WR80IRJS\/qEOSHZ5f4oFa5nmt+cE3LvWtqjm6pymtNC6dzs6G2iccVBspg4ezwWJ6Y0JAf1XkVodSEWs5nlNoCVlOEg3A1GSgNCQYosYXRBQnw6o09Xbt5oCvXbunJp5\/XPoGqHI7kMTbSylqNgW18AIxrCsIWup3rMEIrU2wLwFp2BkwI6+eCI8DrNlCVAedIA2g67+Wco3kFlGUOYdcO0LU0uaBjnCOkkh2zizIjFQBxjLISSj5jNWm7QB5jrVvo+IGKaqaQJqrbgnl25MNQg8FMG5vneF6pBZnVaKyCQL1spRXjulhpjRFbl2QFxCHV+dHpXEuS5OlihcFQPMloQJKpxkMxRJFCNpSFSnZFTD8lhVkiuDUUZfv7R7q1tycD6LXr1\/TAQw+YKIqFJ0Cc6cbNq7pGUXmTJHd6cjuIJmT1OFfsnAYkiuiivAcIITJfoAgQuEtaEShOSfRLVg6SV8fngLErxhQA+PTkVMe0BcG1JKhbsX26nGuJnQaToSoS+MKCMkFhNp0oOilik0FkLgKKAwMVTjzic6LPwAdVzmuSCkWCnRWB29iuQDezVGp3ONE0Vf0O4PxkodPTBbYOWmenBfh9gR0r25Eajjfga6EFDrC1dY5kVKuG9zl6TQS0EQXSkmSwJhmt0cMSD+vA5ZL7Q5KB4NtNxwq0OBnr\/B13aswuUwbg89MlTjeS6V4+qUNna3RjO2k3SErPU1B8+IUXdAjNuXM6BVs1co23drR98ZICuzMtuhtRtIx3zmvr0ku0eelOTbjfvXSHNrbPqRpNNNve0e7Fyxqws3XcdbqFs4XNDU3uuKySQBMIOHk60aJImvEMwKoFr4kCcUjxUkB\/Bt0BBVJdDLQMhdLmtmaX71CC9sZLXtpf\/WxTV45OdAKWVlinSwNZm124pCEFa0cRGDY21HIdnrugDJ73cHYb05QDrcDxraMzjaab+FZQRLaAvGsSlydwO3Tq4F\/oIaGrBjlWy4XueulL9Gmf9hpdPH9eFvAjmFyzEOoodDwBtsZWZF61BM6j\/RuqVyfo3YnlqJ54\/EO6ee2qDsD9AvwdYfdrz1\/R4c2b2t2YaToaiHChjthR4jeGwU30lYpCDXZxzuGvI51n7kuXLsl7r5IkNwTDE+ztxQ98bxGsI8XbPgsLINaPrZu1ZuDHiom9W3vwwx8WYSbb\/GxOQF\/LkkxFzDgCCzVFYYJGS\/JtiIfH7B465xSC1xl4saJgNJ5oSLNd9wUF1brNYGD88cJwJToLJhVT0mA4lHdeJT5SFaW8nIqYVKO3zLgBNil5t0R\/J+jmgMSV0af3QQXyFynqxvXrsl3\/gO8F7zXAJzw8mUwRP8jYy8akWKjFb2qKKeeCKuKOfbZisGOuGr8sEn2w7Wq1pG+jTDx2zkn4udFbY++OjFQjewU+TQ8RHBj9E3Rh8vvg5eGDQeyyLyikVxoMBrJ+xs82dsjMYfSCd6zLBhpSeKxZyKTg0UXEZStF3tnnTexjOjH9rMFhQPYFBdntIqqWzWs28SHIeTHnkhgxV0c8sJYK\/BqeM222MUVvCds3Ct7LeDK9GK0rV14gBp3xrlMA9wldDCgKHUStIAzIGRNjiTUdOg0xyHRhBZ3RtmZ6smcNO4A12FrXK+g1sh\/rTxUAj14V8hpfqUyqwbWck4OfJfptiKOGX+M9Y2vH\/NkI0GzeM\/JaTYz26MF2449I2if4PBRUEFdH5KcVODUahluj4aFdgAub03goKI5n+NaEmDPHf33w2LrTGZhfflzHGZ8JIcg7oyw5iXvP\/5HS+OLO3tnubYc9HZ+tFehtmwXvGGzX8FEvV3LQ8lBwCFIk7GH+gx6N\/xvXb6CjtvfZGlwZv5Dv5yqglVKSc65vTKGKQmlzc0M7O9saMkfwvAOfNboTdnHcW7O4k3wgCjoFxgseInaVLF6MuSAzz3lsr2idPHoym+3t3cKfz+CpUEAHK+zIsL7PizwaHxW4XiIfxNRBaI3frrDNErlX3NuCsyMvY1IdUg8t2CALoVT0JbYaqizGSnFAkdtpTrw0WQ3nFkNLbFkSdzx+61IlX4yoMSTW6Wpy0HAyUyRm2KI3loVilbS2eio4zdFFKPkMBjsWII42CFJsFvKrM6V2rXZxomH0GtOvZMzGZKLzO7tKLqiMJYWg6323A5++BOyOYJD54LBiTcIvbNIiqc2S7SrN1y2FT9a1G\/t65rmr+vBHntAHH3tMQskWcDus6jBWhyN20JCXIpNbwWetwWnWKLrBcVt1vWOcAc4VCr0NCiaSk3cYruvUwgvkNB6PtEMS3IH5AoXJR9UoPZUjitAzPfXMc3qOY7klgS+T4OQKjBWEfWT3js8RI+ScNKhmJIQdxUTAihWyeREzkauhmPIaTMay49s5QF0BtAZeGnm1tLN5rZrdO+9LAJ25b9Riee9EEhtqi+BjCYlJ5X2EBweFCH2vqzcO9MEPf1T3PfSw7nvwQT346MN64OH7ebei31rHx\/uKvlPDkdjN6wSq4wNl5C99oICCIuelvpY887vWo6WounXowWvVCvustVzRgTez6UwF889GE80oAAoM7jopyEu8HwyGKggWLfZusYXZazCsNCChnrFFbIl6SbITdhTv1+wOOHgZgpFAQi4lbZAcRjEq8nnJsWjE4bcITLOiUgE\/LcVehS1GxZBZI3rwcoBuvLGt7fMUKxQgCoV8qEBCYgdjpevXD3QdPTUmI47saC2QmBOwTg0nYGIJT02IOsXWZ8x5xudDsHrC9ahpdAY\/drQ6QO7JeKwJOrCdlOCjJpOpRqOxBuBpQpFk2jpi27xDjpvs6s0NCPA4GE\/lU6nOJ5J6VjWaajjekOHtkILyBCdvXVIGB0sKsZpCc4UtTii8rxGoE9vruy9\/pRbQOHZe10nuTx8e6mMUQNdIbIcEklPsekJr4a9jvnYw0jHPj5HpkECxpnC\/82WfoJe84hNVjTfYcSbhpUqbFHp2lNvFQtVsU3YfGL9yUU9euabrx2eygrAYz9QhS2CXcGP3ouza+kKLutMpEWY02VBWVMAGY3jYwi6XoW24sTYgMDtsX8P7mnb96lXduHZdaxZWaqVctxpSoAxSUsJGDt0LP16fHuslF3c1HkR1rEptF5DOevKJx\/X4hz6o6wDKNHoAABAASURBVBTbJxRoJxQ6Zyxwtgn0A7CYsV+IQVN2EhOyLeGxTBU+0KmtG+FwEkmoTEljkkKHnTsw2dY172nMbwXdaDTSy9hpdc6pBKMvoXA9zw7sSymg7dhZ2akDR5aYbFE5pr\/5QwBTSxZ0i6UldGTjeSoqCX8ZjqfEoJkKirW+DztDDXa6SDE6BEsV8\/RJFRx579XAk\/HGRPLwEbzvA+2gKBWxeUaONTQyMtii2yn3Y1LwWlGYmS6GFBAD2hLcr3nW+yJ6NtpLbNCA+aOjQwXvdX73nHa3dzWlKG2hHUKCXqMCG9bYyZLMLn3Ej\/NOFQvUkgLBB6cCG9p8L7aIHm63gDnX8vBkMWKNbRmuMf7jnCPutYLtvtm7BYVFQbFqfNYkJ5PFkw8aTgsmLISDy4QS7GQ5AHmsT4xewXt0JKUQKBKHunjhIj47Umbs9va2dnd3+8Lfw4fFqQwTRVlqRXB3PqgoK3iEV\/RRo09Hv+F4rOlsg\/jYsahcqYNWxo7WrP+Mdz4GWTPMFWXUiNg3wZZ0pqd6\/XnkjNi0IAeaoDFFRca1zGP8WbErftboJoMpbvs\/3ntV0IvkT8NHib59CrJ4e0p8XcHrEh3ZYjwzwprRHqCnXbA6wQdsMTAhYW+zEDWdj4YjlalAh42qsuRIfcFO6x7F8ala4sYSH7XY\/fzzz1Icn6rCvg1FwK29m2Bq0c9iOsz4mRXDATkuXCQuhMg7Jx7LOfyPuIDb9589+s3objAY0kdyzgkzsnhZ921NXDa7nx5zrCjJSX1revy3PebtuNs7s7HXisVSiqmnEUNQg8+W6Mh029mkAIop0P2afHCsW2yCLMk9BAH46dSRk\/t7\/F70L2JUAR1buDb4rojfK3haUpyhEgn+G24MF5F5SuKGvNMWi\/SW8U997GN6+qmn4KOW\/RyxADS9v9hsMbZgQ8U5DyyyTudnSkWhCn0ckPMsLwU+j7DXzrkLusgp1WS6AWtOjtg6GW5qkMY62p8TNzNyRyVfKMWCxfFAJYVuMRhxcpr7hXkYb2iyc1FLBdlXfAr8eTCbasqJUk7kG1o1mygMKzVeKriiFQE3lfhSGZ2GyWuUooL52Rl2QWcZewQEzOB2Bs0x\/I\/RBapQsP+Rgf0IYpsbU804whmNKsUi4EBrueBU8M4BGNsmPyJRnp0tMFKjIiZt4kxm8DWB8+T4WEUqFM0oTnJeJN2RnHMosJOHUwO6Y1IzALFY5gwrnKEhoAYMZgCzACmA1wIQY7rlXQPzhyh9zX0rp+yiWp8UWeWuUdi1m4c6OJprztZd03mFNFBW1DHPDg9OdOP6nmFHQ4qUAUpfUUCAFzBjhp3LwfNoOtbZ8kyHFGPVsNAGx7ghOcUUtCBxrwGWy55i7ZSV5LwHdAePJbpZAY7nn3la99\/7fj3+4cf03HPP6rkrV\/SkPXv4EX2AZ9cpAGqA15JBW457W6r2W3vXNV8cAZolUrUalFEJnQd0NCEJFSGqo\/DGpIC9lEcmh+xoE0AuRWqUT6kH0zZby1Yob05ncgDfmu8LP6djjmaWp2caAD6HDh2VlTXh+d45rXCcGIOmk7EKrtaO9\/e1Rq4B9A1EZYwSYEoSR3YZWszrg0paFZJqnGXF7igRSYWPWuPwS3Bhui0GQznonNBnzdxHFCplOVRMlVbI17LioYOa1qnAPiGVFGCBFU\/WiQU35hXYIuLL2krSnKC7QM4jeLdmBeEpNnqBQuXZZ59jF6qmoK61IjgYhqy4sCK3xWY1eBqNR9okybTQGuAYxtuqaTVCfxWfqZXkKQIirWPBUfNgzpHf3t6R5hSBV65e14DicHP3vMYUfU1IOkbma3ashx6OkOt5Cp1DCvNT+NyDj0OKmRV+0+D8GSzu8e46drmJT1m\/JU5hO5AZWp2PurV\/qAVY3Ts80Y2DI12DnsnvGG9H6Wtsl9FLOd3oi8MBRWE129AyS1c4ijuhmDyjMI3FQD6WqkYTJXzGx0IZuzUtIQR7dMi9wlY1ycyhjyJGOWjYZ88cAp0nFLcL+OxxhX9uEfh2KaTHBNeCQY7EVs9PwMiSAjCpWS80m451joXbJYr+GUXpy+64S6\/+lFfr0z\/1M\/Rn\/tRr1HViR\/xAe8hmO2orZI0xyeaxHWvDUUuytyB\/iv\/fxLYBXkZlqQ1sVCBDBa6s2FgQ8FoC3gi\/KeEpBEcBsFAEz8F7OefkJMUQ5IOX9bHV\/h5+aYmqQqc+QN15RWg24OSMwsa+a4X5ZLgxP+nQWWD8PuPmZ2dy3qklKSV0VhToFZ\/q8HMr3hp4L5DHYprFxwULq2zYIwAPKByNNw9vw8FAmXHGmzUbu2DHrKKPzWVzO2V552jq5zNfHSPrjB204G\/z3WLHnh8Ui4no16qk8Mx8iMQS65uZZ42dl8ulnIMeY4fQuXT5MvZoZTrZofBqkKlIBfHuWNZ3OBrKQGGy2TWYXoMnXkQJ3ozmCLk2ZlN5OR51wgQy20BYA2zm6dmAkwZ\/Nj3YtUXPNo\/dWxGzgC+bKxWFnLMRTg3yOLMNzTNniJG0lZlVct737+25R5ZjO\/qERs0cZkcrkKzPBrvKzjutmV\/8OPc\/703PgtoRRYDdxxR7mTtsZTuQp2DLdoRNRpM7FfAWglJRqKxKGT\/OOTXo33ZJW\/jt0LPJsgaTvFJFPyvwtog5HfbwwRP7Vui7gadahjEbX6OPmjhhO3+36XoV2NDs5+SVwFOJLiP6d86pAutjYtnly5d04cI5CTlqcqrZqUjkaHzU8GmyGI0iJgqsE+LiUp7xXl6Jfs6hD3CR4a1B7jXYNX4EvYwsFgsMG0a3RU6jZa1ABy0+0cB3Rz9rzjk552Rj7dI36ATvwXkmn85ldCrkGKAXo+\/p7ulozcEDHZTBoMUhw5H5iFBShrciRnAdVRjf0K2R13G1nDmi+DZ81ti5YbxhaWt7ExkD\/Ahdr+XhYwjml8gr53ueOub0IahkUWF4tyLd5DV7mz2zJHvmglfD5kmC78D8ZyzIjins5QI2HrKYmCiFEryPNBluKLlSw3KsyNVRP6SQ+n7eRx0TT28S223B76uxAjmhcVEtvnoK\/2sn8t9CZyykXAKTYHrF8w1OjkxPwg4jsGFxeJe8NTX\/I4dH5JiyEDK7r\/CFCD07RVgj796tW7IWvFNMQalI8rFwsoJnOKrkKXoGw0LZtbp+6xrC1gpUlvPlKYnvlKBS905tgXebbeYlQTDK80xqmCwDhIakXHNvOwdrVnxnJDlTuLyXKRJd9n+KVBCkl\/29AdvJ9cYARzxzvXNwIwN8SYCORaUrL9zQPgVErai7H3xEz3I0XfukdQ6as1N2fLrW\/sGZ9vePdevWPlhwGCTAoV2jKhS2iQLPX7ygjZ0thSJoOBnIh05Ljq66bknhGlmROkXfqOD54c1rQkU6b9vSgHZJID\/lSMRAXAO+w\/09eYI+2xH62JMf0UOPPKiHHn1QH\/rIYzo4PVQXsubsiCzrpdYcuR6fHmn\/8CY8Xtd6daoUOwXVHI0UGuBQ5wnAO9tbcs5h45YV7aYKEneTpc55tYDNxSRhxIZqv2XuEkMOAa8laCvC2tVagfHRmqQVxfsBO6UtxYm1UkGlS4rQyjhwCkFjnOciq9CMTBEjVLyz72pVIWoJyCejoSr4i\/DgCHJeToE+Swpk\/Idps7wPCinBp\/F6u1HXSdA\/Bitn4MI5rwFF4ZCV7YoiCCQqI0\/2Udscia5w9Kc5Jnz+xk1t8HnCDseCCY6R6QZBuoGWxwGtrdEJEyoiO13UUtlvU5CJqxdys9vSgcngA+ryBNNCFnQsARuuXv6yl2mb4tmCxSlJ16dCLhbw7ym+apy+JmCeUgwvVYWkCTjscLzhYKQVVyFrGo1VjKfKFK6nyGO\/NHJI8WB0QjWUGNchX0BeT9+a+6UPeo7C\/PHnrugEOpHirJptyCPHGt2ewXfJXKYjF6JOoHdKkTbmiE1FqZvHR6qd5NGDKwu1IShivzkJ54jCvfNeHkzsnDunIbw1FHoLClSjOYdOllOm1QR6SwCWvA0DNTruwINDd+fQvcm5w07EkuJ9SQHc8D55pzIGBXVas0qfH7FjDbar4HR6uE\/Qkz7j0z9Vr\/qkT9YEuXY2dnXXpZfr3NYljasNBVcxc6mjk5U6X8hsfwyGbu4fkhRrBe9VYQOfxTxglN64oSKfC\/A8Qs9Xn31eNzjWsyKwJd5k5M4E\/JPjQ+2yak7I3hAsrZg6pSgwXy3ZjZkSs8xfOvBtreYYxTOfDx6JRcyp2WGxwk4qjAZ0zcdTioohwJsjec61RMdeWQ1zW5FTxIhcUqJPmRKhYK0O33T0Mb8RV+PFaI5HI4XIaAAbmNeeWdJv4d+SYV9ogoHbfBI7wKUVLg30CGiysfbuBLlO2HU9OjrUjRs3FOEx+ACfUVZATiZj9cmMnUTUpoYE0mFbaxkfs3ns\/ZrEcIRfWfGyDyaNVs0zh50TsozArSXggGxCjgZ\/Mlk6kvHB4YGusNjNJEWbbzadKBOPMu+8vDr6FowLxgA6Nx5MR6Zsk7VFzhodZ3SxYk7bgVmAz4PDI47p5uD+jHVn28cWgYOIf6YCvIPnG7duyr5SY\/wXxOUh8enmzZs6IValspD9ZOY0WU0fJqvJbIsLi1lWUJhNsxO3Gckk848xu28tenLOyYrmHeKDyQ780DF4RM+9rmNQwDcdNuxsNPrqmM8WFafEusj7BC4adGHN+DE92+6SczaWOIncMRYaDIfyIfS2G5O8NzY3buc95Kqxm\/HdoVfPXEwDDLLKIqoqwRr6s92sY3RWE38QRhb\/qlSAx6hMLOyIMULXXk4LcsAcHXXsEK\/Br23gWKFl9Gt8xjSx4rSuw79tPueFLU6JrY3sx7C3op99x9CKIdOfjKmPN5+CWsZaP6PpuP\/4KwVuHLqy+SwGD4h3I+JckJf5O6mSTQ\/mgWeHje1z5N2gKBW9l+nUjojN1o4BHbgbDEuV6CElrxmLziF+HvGv4IW0nVr0s6IOafGfjH3Ml1r0PhyP5UKQDwl8IS3PQooSPC7pn+HT7ouqkGEioO+b+zdlc1++4w5FfGNJrjQ5G3y3xk4teLdYaRsP0UVVaSDXBrHng3wRu3lqi6FSUQn1azLblmIpO52x4m8laYWdTqF7wMLjBTB+jP+bvoU0RjPJqyEWF+hnuX+ohnooct+xgDaMl4NKJTHG+Sgeo\/2sDtmuXbsq8zWHfA65DWdmf19QBPmY6bzG0McMaOSj44hxrfnilHk7OSw2PztRRtA777hEYB+qDFEXOV6wwmOb3Ycax43OIWQmANa6ce1aX23WrGhsJWUOZBM772U\/prQMY9aMMaFw55x88MznFWMCx50WJJ01ij1iu3mysamSpHp0QlJGujMAv6izrrIz8wy7MlcoCJ+\/flPX9w5lFfaSubM8CnA6PjmTh+aM1eCYlepsa0PnLp2XA2VNu6LwG1BsDdW2SxRFYZobBbQxrioVzmn3wOUmAAAQAElEQVQyHOji+V1tkkQm4wH8efR1qiMS4DFHWvP5Kbw7LUmGp+wm1mzDd+zTZdfq5OxQN\/ev65Dj3bZb9\/Rb5kxB8pzttwAuAM4R4K0As4FqiXMiojIGO+P9HoF+BZg7J1XwkulvAdWOlEz3FcGmQr7kQ+9ops8CWiE6FTjHkqJ1jQ4cu1MjHK\/CqapqIFuVVoOBDLxGSwSsHfQ8Akg1BVsKQRbAvSS7N8f16EMEyeQ9K5yBqFTVEaDMpg1O2bmsmqvx\/eJn4\/upp5\/S888\/Dz+FQkgye+yzu3SAPRvv1TivHKI2wFXH1Yqpm+wuL5irltOCQHaN3Re7L9kFmrGituJPLhgLWlHk3Ml2vP3W6WwyJYkX6LrBRkfq9YlzWdKZo09z3gVJR96pc04173yRuBfFXaMarK94b8nQZB2Bg8scU+2yqzWCdgeve2DyOrtTJwTETGLyFGQr9DdGf+fsO3zoN5uc6DqgcxGU18x1kzFnYLrmfm1yId8ZAcTeW1FpNIrBUBscWQwoGn0qZa3DtgvoP8tu2A0C\/hKe1\/jQAl6vk4w\/duV5NfjPnZ\/wCu1wzDNkpy4yt7NxFJU1+rPjCoduIzRXBI0zgskpSWEFLkQ\/yeOJXlZ8rpFfFAsdvGbmtRXlggVQCw6zOnVg9+hon+JiRf8K1oOeYef7Y098TB\/+0ON66IFH9KFHPqyPfeQZffChx\/TBhx\/XM0+9oMcef7L3UYWkxG5wm51WyG++OiOWePTSoZPkA0XmUg45rZBIzqszXpi\/iLG\/b9B9h\/xW2Nsvg+2c29aFi+dluLt287pa\/GROEF1QCB1TONu9FSvWLNF69GX+5r2n2KjBUY38SMc4uQzqMxbiM\/huSSJWDFkrU0LuNQuEY9UEbOecYgjEhcAY8a5Rh87sQwf\/Np9hz2LFEr9qkLdFRntfgJ0ptvLIa\/cVWLMxGU4q\/HCAf1qz4stai96tsLUY4ILreWZ6WQsRHcF7gJeS5NWPQz9nFK2WyExm2w33yFuUpex9BkOJ2DFiN2llcQd+g\/f40wrfOdQBR\/eHh4fcH8nBk3ci6Ra6DMZ2WRhPwOghpwYn4LpMBWpzGsGzB0tGt4iJ3NGpRM4YQ\/++ty\/PS\/zCYdcYo7wP6DCqJEF6H1GNk2OyxuJ4lir8KdCPF7LCbJfFsiWyhC0sz9jzjY0NsDhCJ6197MfbTQDzNmeJzMZTiy\/YGO9MIqcRBYEVB6b3l9710j7pe+9sKLhOMj6cc2C+I0Tept2\/5H\/O3e5nfQb47RY5JhVF39fmRGXyzveYQNV9\/IvwY3yYbp9+6mk9+8xz6PdYzjEHuFiwKDKqns8vXjN46tBFwrYRehkZqINksbyIhSL6s69NZMZ3H39nzybwNKwG6n2IsQndBugWMSp4j3xRGcw455Ct1gY5znTrg5f9GEZCDNxmOe\/kGdPhDxlhMj5iBUbLZyFoR9x3DHux2TNrwXuZHGar4D2LqDkbICueOfykk\/Hbwbd3tz873mRij\/ipWahykUc+K\/r3D\/apC5aS5w98GQ+O+zW5twPrgpfg1Pul1S2AT97zwIhAvyROD4ZDBeR33qtlHpPB0cd8oigL+RDkeSf48CHgJ0PZ4qQArzUxSP+jbyUba8\/WxMuOuW0m7zy6DdhmgPjMwSnS2cm8\/3z54uV+t9COjWMoJHk5+ktOjrmM3po5XPCyWFETK8zOQzDFLpIasLE4PNacHDDnOi4Hep6Tr5s3byniOyWyURZRizRsAExoY507f14XLlyQyVavV9pjN3BBLOeksKGQOeYY9RZJb0EgXqioAEbyevyJj7DKuomhUDaG\/YSX3aU72D2789IlRZRThtgfB1I\/KsB8TRHYwfh0PNE2yfnixUsGCQqgM2V3WzgghMLUO2hFoLNglAFfIvk2BNgs9EVz0M4o5WNPP9N\/5\/AAYStAbACyI5gSQyQEP2HOG6xgj0kEpxi\/BLwFwdQSrb3bJ0m\/cO1G\/31B20WxJNrCy5gz9e3dLRy\/pBV6yV2XVI1wWgDd89BJwUXtbm4rGEAI8h4dbG9NVBQB\/tfYYq05z2+x83EG+I4pmFvXqRwklF4qFU6B7YvpeKCOwm84KrWzu6mdnU0KyakiIKoIgrbD5tDbAB1UZQEgW+XglKOXKyO7PZ18mZSGJauGsWz1U6YkAYw1O6wNCdyRzAc8K4soj1Msm2W\/A7niuFnRKSZP4AmKUr\/KMsDWBPocomJZQqqlYL\/9W2YBW7pMP3uPbWbo85RdRNO7BfoFBVuHU04ILLsbG5py3aRPAf9rknPns1oKhDVzWzHYUExPNya6zOLBfmu7Iql1yvznepC2PsgKoH1WprarN2RLe2N7RxkHPaZwacFBsjHOqYUva5iELf1OZ2zD2w7ZIcmngo+OlwGHiiHK8OK57lNE3iKBHVAEr3DQNc0w0MBBF3BOJ403pgrwb7Z06Cug+0gbUWxfuLDb26uiQM\/07YwP6J4QjA9JmIcUlCtoGb+Gr1iWfRG5ICC4EGRBw2PnNQF8ic1cisrey\/paH2tn0LHVnxV0J7boIbgqgQXmGnPUZwWhB\/Mt9I6Z7xQ6hzjwApoNOLIVY4MsHTLssRg5Ao9Hq4WOubdiNoSk4AI4dGrYTl4RkFo+2yJq3Tq5VMnFUg26q9GhFSolfB7t39LmZKwLJHoPFhrmq+FtDu5bLwldtVg7e+kIPe\/tHegWu+\/HrEyn4035XCjXTifszF99\/rqeePIZPXflmpbrFv8xFDgFeIOkBO7kApqEmASfNYmpFWIRCOfw3vC003kWYjP8t2EHzzDnvOP9Qjdv3tCNWzfUuU4XLl\/Q7oVzKrGfxx+ckzr4t1hjMlhbY5+GmOGDU8A\/HFdBKyK3fRacOFgZElCrqgRPlQJ9tjlWGgwr2fsARhxjWvw3gNfBYESyGNEvMp9Uk4gNm+fPX1TLvXNeEXlTUdDH6xT\/rbGl+EnMW2BzK\/JGo5FKYkGA906dSrA3moxkyc7mNb6tqA3MvwU\/4\/EQfyBOW1\/GUWXpDH86IjY65xTgzYpAWwjhQkr0cfBtf6VUi5+XyOecU0pJMcR+p8KJHxztHAuyDXxySlxP4NjTb+\/GLV1hMZc89gITFvetmdBW3B6wCO9I6A6H6cDToBpomwWNjTe6Tk4VePbOKzNHzWK+L\/SIu\/ZOAMLLq2C+GjuZLNbPnpkegwsUVDU6bdS\/Z8dkix3yAr0uKPgz4ztaDEFFKljgT+ThdU3c4rGc8wo+yn6bPcOn5MDPLS0XK3memx5W5BbbvDhjR8\/ksuaR3fiwnTObd0X8OSWumG479JCwofixdzZXTYzokC8wt8luu14mm9B5zYJ1gf1L+LMY2+ttH\/9hJ1OMKSO2cPAJb7bDk9k2Yr8Cf2r6hVGHD7W05IIqEv+wGil37uNNQMDJ6JgNrGC0+0jfBrxleB2DMdvQ8NYN\/JbkjgpczNHlHrtPJo9zvJSUc0fL0KQpg49KNs7oMCMcZnp1\/TXwgj8K3muD2GUUTEeG85Z5MvHXFhov6kf9KGfs9bFyYmOwW8s8t6lKDfoynNovtly9fl32vbzMJB3+af1ssb7GXg1YEbzWxKeOXNRQFwyoM\/zH5WiR2zkn5xzzZbXw0vt7jAo0H4KqwUghJPrEvil7MDTQbLrVf7bNqEM2LnwI8sHLFOG4Gh8F+jM5PbIH\/Mh4btjRPKNoOzpgAYUvXCYWeOwUaNFFrTgOdsSGBE8efgofVJP3BK8pBA2LUh354YS46sFvQIdDeL2AP01HIxXgZMDGWAIDDVgecuqza3Ua9dpsa0sVMXAOPfsuqvmDtWxxD\/36ovAcGZxoOCrlgigE99VQ6LgYdQSwn6ayPCXRlCS1KQGoTBH91lqxorRfvV8t5ya\/HMTMqBWOvn9wiBKHKlB8jfAlq0FLgi3Cy3l6OhSfZUoSP3btCFz7rDRXGIwXGo7HGnD8MN3Y0ObmFkXauHd0M2iZEkVMLftukB0bWAFgO0kvUAEfcVx2BghWOFBEKSvmtF3BPQrBp59\/Qddu7ekWxcAt5jrhCKsl5Y2mQwX00MLDqRmK5HV2utCTH\/2YDjkWKdGFA0xDHCSzsyfX6HRxIsKPCnTiOX6wROzKQtV4pMTVOamIQSl4DatC5zlKGA6qPqibsxsgV+xKzDnKsStKpW\/o9WjvPHM2APk6jihonLtwHh2MVBRJtrt1jgJpWAzULtEDwLrOkdgRx9HRO1VlJPGsdUryb20HksJ0OBlrk6PlCYHcAIn2kdbJhSBUpCVFxynBaA3AzG4DgGXO16DHU8BTAaIK\/i0QrChA7BhoSfAL3sueTcYjxeixZpZzUohBMcWeZ08fYfUW0F1nK7oFwMEHNYC1ZcQUkNp38ebMvaAtCZoVuwo2d02fBfZc82wTwL\/kpS+VD0EtfI3AiPU5BZ9rgpolt2sEh+scidn3gSI4GcBXKgp82Mvx2ebL3kvQWMOHHbea3bN3lDGdLOCbbJZETA4fnMypLfkuORqxorwO0tpJbQr9taZjx3gP\/QF6Mz5swWIrxhV6RUStkaFGtjn4bHB2ySGH1xzHNvk6aPgi9UXvEfL0WMbHYlniCxPZ+xUyZvqNJlOdv3xJA46r7Lm1KbsOmxRpDXo+BVf7FGNXKYjsmpF3AEYLkvwK\/+roY7JX+FdJa52HflDnI77vKMxamR7N3hfO7epPv+qT9eo\/86f1OZ\/z2brA4s+K1VPksV\/MGbLg8tC1FWdm\/GS6qa2t8+ymb2tn54LuuPxSbXLUMRlMtDXb0ogdv93NnX6HKGKD4L2Cx0co3h182IrXh4B9OyX0MZmMCbxTTcBDkYo+BhxR1DTo4umnn1Yk+E0IeC0JwuKH6dnuD\/DxBbjtCKi38Sc55E741dwSOr5lz4siyq419MT7CIYtiQd48NjesG19BhR8RZkggn6Q3cZsbm1y5LyrQN\/bpxjiPupFGSCsNbi1QsRsHuC1SKWc87KEbbwaf0WCbhZx1GkFHlr8xJ7b1eZfEmMXFDUheBXoJOBb09mYmD3o44n1Nd7tufVfg9MO+TLyGF8dujGd1ODdoesQI+Mq9FvI+yDjI8bUF0kDYnWEfr87ANYSvDXEvgGxfHNjQ+bnDl4tlm3NNhS8Z+HI5gE6eZEP45FKAf9uZfOZvPP5Utev32BxsNcnXntmvtHi33ZvOgveawROg\/dyzsnTnPuf+g7Yo0a2OX7hkO1F\/DQmF\/3MRqYnk6csi368FWABm3tomn5afM8+my5OKZBN3855jUcjDfGFCjlNXnu+oogwvb5oB7u3okjoNgQv+3lRZu+k8Xgkzzwmiz03\/gpiT4eM1oZgfILPZhK74Tcw6Nzujs6RGybIPeOd8W26RVQ2stAfk0CaXBIl7CjiXgnNhoLZ7h2fXXayQvDF48cW+h3PvQ+yYneBH\/R5koX72vwfn+h4UWMz69sX3shk81jzcjLezeZ2zfQNPa0skyt4j09OwFBBs6tjCAAAEABJREFUz9w3XqifjHldloyGyWi\/CWwxL4Ij73wvjdldjPr\/bz4EGU+Z5yvipMW0jE1b7JydNJlOZfFrTP6yesLev5inUlHoxZ8Ku0\/HYzUWd9FXEaPMZiYDDKoFK\/bZ+ptsHlmsFUWS417O9bGnZHHiPs7vgkL9xs09nouW8e91z6tha8FuvtHK\/M8HL2sndlqKEgbkTMezlnrKcHX+\/Hn8PvWbZndeuNhvnFQh6hz1zSYxfQr+EnpOjJmBpSE8bCLvdDju6x37RbwMlqx4dJ3EbFqT\/xtqrD\/7Zz9Lr3jFK9WwuL9JobhYrLViU8h8bo\/PS3LCCXFzzTXjz8IPOvTsm2ahxepMtqsUou+T4A2O2Y45Gup\/yxHiU460RgRg+35DALT2HZiW1XemeLIWkhRTUCoKJZjeOXeBFX6tqzi8JR\/nSSzQWcNQC4PKXiOE3eY4zRzNgtSSwBcxQiwK2SrXnpkyzXAWkIL3yhx9VKzUZ6NKi+NDtSTKloKtJrgkFGnHKOgFeVYIX5PUnJYIasmpJEmcYEg7Kn7m6lU9deWK9jkSqqZDTbam7ECtdEQBdKv\/61qOdXg0R7mNWnZKRhS1tgvyirvu1KVL57S5QyDcmmnMTl65uaGOoFGnQv1RJdWUU1CHvJkVm7gOilIzQFkR\/D2yd\/TBT5TlZLsz4q7FKGZ4nyXvHA4IcLk\/Q77egUnoHfpbYZcRO59VrFR4FI8+V\/S5\/b2OWqafMjrBAGB0KijaGugvSSp2dNq6ICuOYUsOnXkC\/yG7Z3IOUEu2u7PCcZYEEUvwp+ulrPmqkMM+Ch75tzWaUpCzw7dsVjJ7rSgKg\/cUsZ4uHker0d1ahwd7JO2VpgQ3A699v8uuBfOaA0m3522l3l4rEuYRu41nFEoVei\/Q2QpnNuysAawFkwp9uiw9w+7wAUdPBUVSHyC4tsp9UXWKTlwIKsDjYDTqg7vHueYUrUvoNciHoil2anWMMUe+xeLgFa94hYYkQVv139q7pVQUFFqjXvZcROUqyoO\/tem4TOirg0aDPyGBd0o8s0BmK9GAbGWMKkPSIBbaBIPTwQgltwR0nmFHm2tOgM709cwl+ilEHbIw2GMhJXRqybslcHlstAePC3RT0DelhJ4bTjg6rfEfC+jRh9ufCe4mo0tRrZd8GfGFFcVkxQckJoKUYMN0k70Tm4CyoArwtEY3NYHmFH+wncDFao5PzXWdxUgJjtfO68wwDP9uOFa1sQX9gRyYXENoicOdnq31yAc+rCc43nqSdswO\/rioVIofgmZivLBnpvk+wXiZry9JumaLBrya\/UNIPJeS4YW+mXHDwVhAlB2lXVXlUGv8osbXMpmiBdjHhyean5xpxW5Ohxy2o1Wir+C9YgxmdqFKheCgjS6IK8E78UmdyQ4PjSVK7s0vP\/bUx7TPsdOaZ8bXGcXYPgtIs9sZMWhN8dji0IZbw6j3kfjTkChWiqnQDnHO+pTg2frZwkn81B9P4iN2GM12GRopRZlwa+wZvCdODvqdvOefe1YvcMQ\/Z3fGeLP+wXsZ\/o8I7Et4Ho6GCujJ8O19UAWOZxsbMj8w2kLCIpUUmWs1xEXTb848xZ52H3xEHzyQZHKZPYRv1NA+IVbaXGcUTaa3AUX\/jF1z47cgLhRloZJnsQjgqJNLQStOdNbo0HKAYatA\/uF4IjlsLcFDY7eyYrFih9Njjw5bSJ0aCr01u9gm69bWhmy+FTGmwQ8StDMFi\/WHlFrmcU4q4SEGL\/EueKeILgP2Fj9WlPkQZEWE2aKjTw1vop\/Z9BS92hwtxdHR0aHmLJ6HJHCjaQ2ismbz2lyecQXxYMICxY5LrViyXa41PDp0FpmLLj3fRUInyGX8r8zXKQg8ASwRQxyynp0cKdI5I8egTCx2hiqLxHRdP6fNZy0iy3BYoa6sCH1hPMSmX0YM7vjsvccfatnV\/DukKLO\/C14XOYGxX\/KxmGhWbvCNM3afVmCtBQ\/mKxkMMqnKRLznpiEeW27N0M7mdDyzRcKAYraI4IVnDnkz+nyRhu2cWnP4Y4NfrvHbFAulAprOKyRk45rBYwddm9KajHfsaxtQDXaw1iGWfT5ls6YmJtTkyd1z5z5Oy6nG95xzStB0Dk4g1CFLn0ez+jjbQRP1oiOpt6XjBXqvqWGsOSBjzfogHv6x0il4sDjUoiMfghy8tchq751zCj6g\/tw3771i9PJGAFpLcuYa\/F64dFGT2URz4sUaLI\/HA+zmiNULvZQduoTeahajAd2VzBHQhcXCF5t9LpyX1R\/NupXpUPIKqZRcZDF1qFvstK9WjZa0s7MVGxhznXLUfO3qDT3+ocd17cp1tYwN0LFNo1FVqfBBO+yy3smRsK9J4D5kHR7tawXTEeCVBA77e+saigvHRMNq1CfwIkYtrbpFcQnwVmVS4OpQKPRRRidTWh88MO54MmWFfE4+eFqQR3ENRhQ\/psw5KzmhhIzgHQavSEixCDKwHuEUprjeYPSxCnaFc7UYs4BeFUL\/yw0dxZ99IbIj2DuC\/xln4scUccdcD\/YPe2ewoJOKQh7+GwCyAtTyXomA9bFnntFHnnxSZxQGh+wS7u2f6Iji7+xkqdWy0QE7gFZcRfoX6OYcx0+f+MmfpC\/4y39Jn\/sX\/oIanFIodcIqbmP3vGxHxTmvF\/+L3GeSVpkqTYYTOUUA0PVtyo5IiIUi4BX0TSeNgZdeZcRJuG9JbsEFTSkeOuisKGKPj051gyOYQ2T0Pkr0z8jVYJczCoeagF2kANiTLClMKODt6HCPHd1bR8eiplUsS+1s7xJMDJAr2bwb7MQlHLuWdAAwb50cy44b7ZcOTkjaDc879F6QsATPHXaw4nBFcDugb4sdvekYGzvnwEYkOHe0VpawhuBqzEKiQf\/7tw4oVDI7ChMlZLXV8ZDiyECeUilrI4qL8WiiGGI\/fg5PQE0lthyPRzrPrqjJ130cO4G5xbyGwSVBza5rAobp1cOr4czw0xA0Vry3FrDfAJmtz5qiyca4ELTBjtpkY0MLdNrLjT5XBI0Fsh3j0Gc4+a3DA\/zRyxYeViwdkYjPKM46AoVzTgV8DqE9IPE53daz90EBeUwXM5xwc3tb49lUsSzZsV3IcBApcCvGmWyecVYQJHgK4jVJy0N\/79p1HXBUlMHInKRsK17DSiZgpRBlu8yz2YYK6Db0P2DB1HAUL98JFgQ5PfPs0zo43Oez15riprNAVBbAuWSl29I6nRAI9yh2blFoWyK3X1JpHTLvnNPFu16u3TteotHGjhYUfbOtXU03dtXkoDlBZ9VJh9iswT7mxxldLllsHN+4KYeuI5hNyFTAryNZmG5uXL\/FvFmOOQLPzyhCDfMNiQQyKooKv6zBa9Z4sqGOcbZCn+P\/ISSt8ZeXw9crXvYK3XHpssbDkTLyG\/7M\/qZ3j20iCgjeg0HkJKYE7xW8l3eSvUspgttGNqYiTliBIt5Z\/DJdVSTiSJ8OzAt6M7DiQ+jjn+ncFiQlccHwlYqif260fPCC5T7BFGWSvW9NMGjXYDVjA\/tcY48jCpEFWLvjjsu6zM6rHacNoDnG\/wr8j3Qn2zEb8bkDF\/Z9slOwYBiv0XVgrgaaNfEgxsDCplKHrx5iTzt12Gehb\/e2qNq7ZXpve3kb9OHRRSpSHz9CCL1uzG8sDif8zDknG7vGjtbXBy\/bVasomiLjGnRuzXa4V2C06bLWXB02tcZHRWTwPsh8eUBsMBsZ7z44lVWhsizUoQ\/nUI7LMr8SP1ZwOQzVgfUaX3YOTdBv0RdXGRk6MNT11w7dms1arpmxqYAmvFnBO2P3OuFr5u8tz1bofEmcCyGoYOF427Qe87q+6eM\/mRfWnHMy2haXjJcUk8oiKaGfF3V1Sly0+wx\/RQoqCnCFfs0uQ+xmzzts4pGvJv+uVwv1V2zW8lzKMh10xB7D02A0lA9eBZjs4CP2OvToMsroFUUhw6tDPzW2tz4OfRqwLbbZkb\/JucJu9tn015pdnNeLP865Hq8Wy5xz\/WMPHiQHL9IJGDvCj1uMOAP3zgd5H+WcV0AHQ+J2RSwvqyH66ZCnRQqnhK4tP8RUQCfzrrltJ6Yw24i5zDfs3q6HxNMAbvvnUt\/XaguLa5YTFuRs493iXYS\/AbEhg4kgp5I57LnFRAeffYNwDEHZPkPPbG05wDDtnJNDZzyW+YP9fb0NPmX6C2A2xiTnvFzfnHX7Hy1jh+C9SmKtcw4\/G8jorqlXLN6Mx0Mt2cV\/5hn7q2dWCFKrA2u75OUJ\/rxgZ\/YAX7RC1eQwGayAdWASWACBTBG5UECmGbuFVs+0KKgYDNGj2arWITWB7bLHUMhOFyr6jtD\/BjXYmBjo6G+xY8bnEnxGOZU+yBdl6Jk7OTsGVEm3Fe4pgo4VXNSkGmlK0rZzaI8T2dFvdE4eQFP0QqaDiVYekDUkR2HqzDvnnKqylCncHLtBYLHr4FFyQ9E5J7GsAXkHTSsg5aVyUEgAfTSqZH9bt9ER\/c0Ia8BsRsgoO2PAIbRraCxQHJlTy5v7Ort2S\/XBicT2p7OEQTIoU2L3bXSbT3MoeLOkIue1po8ljieeeqb\/bpLt+p2drnV0eKbr0Oq\/x0K1lHzUilXMGbtKbfby7HysAZIVf6941av0kpe\/TJ\/0qk\/Rqz\/1U\/XKV36itjieHeDcgT4Fhogevboo7wu1jQNgtRbzVouzFjZKEqbXKYHHmjktCpU3ILdZw1QqyssMWDBvTJU6F9itnGsB\/wKYkQKjQa4jHMaC+pKkYQFlQJCw4sa2zV0sdcTu4QEFypygKWhcIkFmglHLTkQJnxO2my3Jd\/C9MjumpMZ7nREscpF0RIC1ncGPPvuMrqL3A3Y\/XFWpYHt+SMEUCf4uRUhHVYCuhC9z+oADHbGDWVP4BcC3YgfumF2+Y3aFHLY0+aILSjGpM7npPySAAA3s5lTBu8nfEai8cxIY6HDOCvnG45ECQaJDfsOGvbeCLMF7R7+WfkdHhwzpFIPpMauIUSccEd7kuBhq7NBs98WkkPt5jqgX6MeK3BIb2vfsnrp6Rc\/fvK59iut95DhlG31JAWnzlehtjH9kbNXRLCjV2MUhg5zXyvQr9dc5emzRayxL0VVCtw3yWxuwS2n66pB\/BRYCktuW\/4I51xRRiXHnCLaX2U26zGKj4v2Sna4R8xtGKnBiDh9cYDbX+67sx0mdWjVgv2PnIaaglNCDy5pOBjq3uy3DindUaxSIDb55jL4Mg6Y\/48kzRyAhEizYReyUQ9IKAdJgLF+MwEcnFyueOXaXpZwqDTcpbCluL931Ur3ikz9Rm+yYY1xd3N7SZ77mNRqnpEiAi9kpIEuAb4dvnZ4uZEWgFXyr5apPHo53awrKNf68WNTa3z9WwbxlNWbhtqaw6FTDj+nd0\/cIXFmMaLCjtbIoZdhyzoGDTOvww5ZrRszbzfzO4lcAGwNwHHzAPF4FuN+0hVFMcs4ppdg\/i2Augzkbs2QxYLKkQvkAABAASURBVG1KIZ\/KBD\/r\/ruIJ8SnNYWYfVfP7k8Xp+xOzwWLimUU4qpzWSsS\/4p+1nc4GSoUUT54jcYjVNbp8OBQVvxYALdiL\/e4bmQ8i58lyQXJsKMUguAvYtuRIgEaMlowb8duve2q1euFmmYJvVqbmxPt7mzp3Pmd3j4ZfFhMXoJvK0JasNvhP0yhmKIGw0r2Y\/M77yhiz\/jo0ItXC44dk1uMqpusJTFlMt3Qpct3KqC7CIas0Y3+AR1E5G50TPI7tZjEZsAaPRhd7z10hSwefYN85BU\/ZtPgQ\/89PVTfzxnBonOehLumkVzhqyhLkevV2TjeNciw6v21U0dQmVt8DL63v4211oFDuqljYJZjYTqloBrLMX5N7DeZrcEG4zq7yEOjv+F\/GYacc+gp8UnsYNbYw6ntMbjuFxq81jb4N0yFEPrCdzqd9Ho1vZuujc7+\/p7O2IHMUIItWathrsaHPbpsIQR6tSInLsirHry44HosJXCVyoQcrYxm4Llz8NE2sr\/WaDGfyzmnl+CXE+J2KgsV+DZTqSH2eB94b\/p3+h\/3zvMsSHJyLijL6ybHiqfkk2N2mzoDsou8jrwLamHYB6M7VKQoS+QB5z382NaCUyqKXk9r+Bf2klfPu7jPUOhoOXNHs3ho9yidHCgN4DVCqyMXuBYNgTXPNuGooBgiPpwRExfEEIuHRSzQewdxUa84WYizlkLUsBoynZMVgR1GX4CJBpr9XJIC\/o2aFO0Kfw7ePPNac87JuduNrgrew17ubV2mUiMKYMtnt3PrUpNBBR8NvrxmTvV9M7q2umJjMtOKTSw7rQg+aMyGx0vuvFObxHqM2Pc1MYeTsUqK\/8F4IsH\/ynh1AV1WFOsrHR+dqGUDLIagINe3cVWppK83PZKTDtgQs+8hPv\/s87r+wjU98+TH5PdZ2fvgNZ6MBGtqAUpE2CJGRQglJpkMhko+wLxT8J6r+Mk6I8B1AP\/EkhQBzCeP8VulIqlkBbekAm547jCogdHoO7MAnwv6xIjiuDflok91AHxFMD2F3smpBfnYzzMgIJcYPkSA3UpwoNJHOQw+yNImzwscPFKgDdFWhbCBLdGW7e2a4GK\/ZGGF65qCRQS10aDEWGsdsoMTSUQDio2aMZZ8luz6nRzPdYhCz1hhjHCSWJaqSVbPX72uZ557QTfZdj0+JTkBPCv2Lvar86mqstD21qbuuHxR9hvDIwuYBByT34DVUADNAWduHQCcKHcBfTsJWWCbxFGrQf8hINN0rF2S5tbGVEMAJBJFAIzmay06s1+KqKYkCHQ4R8f7HNHsHR2S6jPkInRagWt12A2DaI2CG8DgKJqUImAa8L6TJZU7L1\/WmGRjc3vvZU2OKxjwtAIgOcZacWjHwwFbLLtOLXTOkO+AVeseO8MnFPT2\/TCHPTLYaQD5giTewIjdC9o1z8bjqTrG1xREgX4lckUsbb+F7PicYgH\/HQmu0QKbCgCX8GHfiShToodIPqe6fv0aW97H6LCBXquYoiqwEj5+LZHVudt9rTBew58PHnKdJpOxZuwAiB+HjqazDVU42BB7NzybE1hNFrteuXFDz75wVS\/cuK4lAT3DgfNOFXqxZHnl+edVFEklgW04HMl0ZgHbvtu3Bm9mmxo\/cfAl5LCrp\/8a3Qk6u+fPa0gBaH\/FwQge5qywUwgqU9KKovuMXQQUIkGrgsaoLLUFn+cosIRux6MxCX+qErskxszB\/D4718cUqw1jMroeoxenTksSrYOXhkJAFHzL5ZkOD29pNCpVJK+OoDyBl4scDxRFqYxuDijWT9lhs1YTeKpqKMdz23k7YBe6I+Bbu8bu3R4B2DAX4WkHXOVUaEnycsgzI9m99I47CYiMB\/Abo4mGLGqqYoBGPUmzlXdBH3n8o+p4n8DRBqvkLktMSEwZaADdja1tJRKL5Pud8DVxoMF\/l\/BY2nP6r4kHpocOvDlJLbquwZt9XpPQz9CDfd9zYfpll3E4GPQFhI05Rl7zV8GVc14tMtsY8ZOw34ydW257mkbX7hcU7R36hSUJm1bEmBADfTr8ek0xN1RMoD042VcmLG6itr5vK3wWXFqCr83\/GVcQPwPXEt9PxBXPe\/scuK6Rw+zaYluLqTs72yrAU0W\/xByRmHBMPLDdJNhnh3oiB29nLPJhTYXRTRHfx+ZF5F2m0F6p5QjS6JTQsWYFphVO4qdmrpYE432QxeECrFXkBbOLfDAJtGaxbHGzQ7CI3U+Jv0fo0mFTKxC9j0C4o6+D35KYM5Xp32g36HgKpk23Jfhmyv5Pjb+FgN6cVwOOTlkM2dX4qCpww3PCg1rGm16MX+eQFnsHbGW0xuDZ0S+GqOCh1VMWrpMVU9KSBankuC9kY+zeaC6JXXNksHvj3a5dlxVCQQwRc2ZCaSl7BmsqipLPBbFlqhnxZHf3nHZ3d2UYNn5xO83Bm81pfW1D4cW5M\/OPJ1MNhiPw0vY8GaZsHFPKoQOLJafksAZ\/7iRZ\/JiTY4VREzazHNEid4MPd1yt1cQxh8bXxD6LVRG7J5pzyA8mxLuOawATZxSdJ+TeBgxiQhnNWCQ579UhfI2QxgsPlIh94nl2QfK3m0O\/2TnhutjKcN\/IcFJgzxaerWX4Loqij3dmv4xSMjwY7ox\/hyweGh59WBFk9xH69tkxNoUge2aFoF2twF6SIw73D8jpDTm4UnCePp6r9fVCPEi7\/pmXV5nKPrcE+DX9+hDkuRc\/xo\/VG0PisA9eCflDCBI8ZidIoXnPDc2wMgRbMRVyzuPjE+yfVBUlcxTM5NQSa4KcxmwmjLCt5TMHNcOiRxkNCyVmV3SR\/kFrYtgecXRxckYM7FSWhTwxI1XwjK4OybO3OLUx27fwFHlvfjOk1oAlZsr4d9QG+W2L\/HaOBX5RBLXtmvi6Is4PoJl0QnzIxEZv4LXf8BrhTA0gaWkCANsEuYQhGlaDxmiFw4eQesOaw2YAsaKvAceaQ1k+BnYaWi0o4mxHcTAsFQlIzmFiirs5BWNDILFnG5tTBQLVmlVfQ+BxCGOKEdcVoLYAdkp\/A\/GIoJ87pyWr\/zMKqPnJQpNyqAJbDLLX1EeVBOCC\/lOAvwnfJc5bU\/EuWT3POfI4Iokf37qpmtVwch25b6kyOiX4toRXkohsDttGXVGodZhjhA4iMmQUOCfoHh6f6ZlnruqB+z6g977r\/Xrs0cd18+PGOqGYvMqRWmClPWUn844Lu\/qkV7xML7\/rJbrICvvc9qbsb8UflIUukVwvnrsgA+Ka5CUXlIpCEceMyZOI5hqOC73yE1+mP\/tZn6rP+dzP1Etf\/hI1uda6XeL4S9Va6aye63h9qoP5kdooDWYTNYBrSTDc4zj7yq093SQA7xM05hh7DZCOKNbCqNSIvocnhzhooRX2WpEwE0A3\/hYE2TlFx5yxGacvAficZz3Y4TORLEsK1Dk2PcJ+B2DkCqvWZ9g9e+HmLT175YX+r+E5oIieE1xZpGm+rCnaVmr4kJ3D9qGXtyABDdHJksBTMb8IFDEG+jWy75wu4b2GN+PDVjKJPh0YEpHIE4DKsoROkOPeFjEevHl0aEl2BW+Gr6JIqnAQS6YueGU8pSCx7p4\/x\/OhViSZW9hvBd018lrhZva2YtcTLHbOX+CYdqaAHjrw6aHRos8Ygm43TzIbaffcrlJRENyG6n0htxQ\/jaz4s6PkY1aZNSHEl0mBBN9A6wzd3aCwfPKJJ2V\/HcTVF17AUdckmE6j4VDnz53TJtv+Hf52yK7lnOJuQPCtaDMWBxYYfIrCPWQFxBJdtfhAhXwpMo9zSt5rhP8mSQscP7qsEkw7lgvr5akiDu659zx3zJNInAlZQ0g6Yzf9jEXR0emyt2GKhYbMXUJ7QeHUYF8LWsFFbNaxK9GBQQc2a13H9\/bpc4jP2m8bDyYzzOYUobtg1ZtiKSvk7LMIXYnA6X3QCbtCLXYwmWtLZupUDEpNWVz19nOSsGGN3YxOJuP0Rz3QoKsG5YBAXMg5Lx98X6jHEJmrkOmG0fAQP96CQgzYbKTgA7637q8NPpSJL2sC+PVrNwiJrfbZ9Thgd\/EUXziiuF4Qc6YULTY+o7cM4QI8OnizZG082vwxJdmz7CTnnOzaKSuE23MviXdrFnEjFmFWIBgdw+jS5CPGrkji1ueUorUmNrf4HRmNgmulGL2Ojg7lvFQUCbmjAvNnmG\/Bgede3Gf8ym7HLASKFJE9aMkC9xT7mO9bs1xQwr\/4Md0HDyoY57g2FH+4nGIq1Zq+O2kDXMoH+Vj0jS6ytjbdyasaDBXAkpjYOYfuu\/6z43PAHkv0NxqPVYA106NQjO122qaE8WItoCPYkb0rikIbGxvICK6hm2JSgz7smc2zJHka\/1ZotPAAnBnXCbWrSoldICghT5EKfKymNbKiyLCWoDeGlxASnVyPQUvWppeEfJJXCCVFs\/E70HAw02y6De2kGAbIMFDHwr6us1b4S4csTz75FDFvidwZvRXw2rFpspRtNMzRfc2iRQparTudsJuWqqFcKDhBsjhS8byW4a3LkvfombYghnTIkIiZuxSXQwoVw6MdlzbEL+PXe6kqEzyWXAutwFeHHwWeR3LeaDyAjxPZZ4fvr4n\/DTl4Mhlhs0KOfjV4NIwviSfD8ViOzoZZi5sWb4qqVEhJDlvKgWlJsCm79\/RdEXtPKVYctCIYpYsMk\/bZeq6ga4tdu\/JCfR8oGE4tBhlZ0pU6crEj1sImRRLEUMYeOcZD0EnyPiDfiml5h84L8BnAVsLGclLgfohfuRDkHH3k5Lh6HynYptrY3JSnD\/+TxVLzr464XaLfVCRZHhHDMq3B78wHPfFC3oH1lvjIjjr2yPJqAH9F7CmLUrgcT4IsNnX2nEVu14qFVie5gF0G4Ab65MMCmw9475mkox6owfEtYs4tTqjW1B2hiHIpEKFbTgrPtGbhvrm7pY3tDZXUGpPZWLsUejFCml51vSAmHLC7fqAVNULg+Yh64vyFbeJc0nQ2JF8NVZSF\/NbmDknmAmAZUa02CigxysmS8QaKi6CpJQgOceYBAG1gGHsoFpXslz3kvAKOmRkj+g5IWgFODg4PZd8r6ZA6ow27Bu9lVyex8pvz\/9t\/WgiaIdE2SoMexkkxqUVxDe3slL5kuJZjII+TZRxsEisNFVU10gSFjiVVBMwRiWNgzm9jbPVGoulwtgRwAsGi5bhkCTAzAE\/BC4ZkX\/6HRUVA45kXklryvnEYqwgcg0oOMLTIiI8Re4PMYPvX93R080A32E698vSzuskuUUdCLABlkRIrwbHuuOOy7J+ounjpgu688w7ZsWVKEbU5ANSpht9ofWczjDPsx4h5FwuOV7g2VO4dBt\/Ymuplr3iJPuGTXqbLL7mgjd2pxhsDzbanunTXHTp350VVAGFB31OO8RbIekbiuH6wr1OcrUbpK2xRkyFr3s3Z+dncnPUBsEP\/Gf0gpZbozPg\/zy7LzuYGOIgEzkywJBjpU0QnAAAQAElEQVSxW2xB25zCbFzD+yGF4hHF2xK5V+BkTRuAFVvN2q\/zD9nta8HUus0y\/cWy1Bkrtooi0hKUHTdG7\/SaP\/0purC7owGBRRlOeObg2QLegoRrX4idUHhkCwg4XJmSNk1ng0rBe5nHHYC5OQHS6NrRWotRE\/SmyLFz4ZxGFEwFAdMxtiZhP3\/1mpbQa7g\/JhFev3Wr\/813++ULWwR4cLyze07b2zvYZaoxCxGPbRes4m2H6RaBaMQKcIf3G9OZipjgxcm5240bVvxzueBlwdLHcNvm2GFO8ptDx5r34InEHGO0IbKjGfGzoFi3scPxUAuC+DF63see9h0cw4xjXIeMDfRQsSxYm10YqgIZS+hZ0SzzB\/oU6LQIDnt2WuEHmUDXgq\/hsFQMXmaHTD+0qSJECUw4gtKaVeop+rF\/+mmJXzX4U0NhPu8XVjf7f23GCsGCwDfA\/x1jG8YeU6zOKfwPWIw8f\/WGrt\/c08eefVYf+vCH1fHejstXBLuGRBh9UhkroSnZnMEFCRyswG5MEb01OqTQWVIQNeB3hT5CDL2cLfIZhkcWn4gBNU7agE27WhI\/OjqiWFrLOxIVti7B4IzVsV3FTwMGjijsrAjZ2NhQRHctGAvQn2BX6+ecBwfbunzpco+FDjoO3DXwYn0XFPILbGp9YVvO3caA0bhNr5UVGvKOGUWx0PU8ZeiEEGTj7GqffQiM9709vQ9KRaEXx9Uk8hJMb+OfhpdjCvpT4llgTIdvr3lfw5MPHn0dEejH6sDImlgwm23omEWd6arF5+1IMCGrze19hJ9aklOBn4UQ5UKQ8T4A46fYu3NOLfwKuU3mJT7fYsc1+lvh9wG8DQZDxZhUwLND1hY8CUN6+AnRqyY2ic8dyTSAxaJICrwTPyb7GUVuhI6NN74yvJvejJbRNvnt3oo1u8\/GD2Ot7xbHq845nYHVYwr0NcnT3pt97WrNG+\/o54yY0qCrFqxkeGx5tmBuiyOtYQccDYkVQ2SPqZBzAZ+pFULBbF6JZyfs0qzwDdOlvV+TvDvinBV3dj8cjiU53K+Tc\/g+uWzJxoTpLMaCYqCVXcU7e7\/gXUOfAeMc+rd3JXEyYqPsHFpzkPMSeg28X8O\/yWQ6tqv6nyyT0dOnKJI6ZFvjKxk9NmCgRq4VPrXimXNOzjmZ\/rmA64lmxNTZbEpxNFLE78RPg25sztJwgQ2tr43P4C3wGYfFrrVu89Ghmyibr8ZXC3wIVnSb+6yzkxOtmN\/eD5AN8lpjpxoMZbDkeJCxqV2dvBp8u0avzgWJz9bss+m5xN8TdhhxLJrlZDgcEH92z52XD0EddFr8GLKyWC7n5XjufJDZdIpvDwYjmU2Mhwa72+5fRU6xa\/C+l2NBLl5RJDOcHD3om3NIRLM51mDf4kzG9i38mhyG4Y657V2KhWJIsvtjTndq4l0HUwV+kvHD5KL6vxKm9aKnZtVIW+OZSsbYaVCGzgCeYpmU8ZkRmzez7Q0RminwVto\/2NPJ6ZHOiAMNhXyLb83J78c8u3brqhY1RWO70AvXntGVq0+j\/zNkKFVRPHr66vjwTGdHCzVLjKeoyif9mVe9SudwqF1WefvsJNlfYuh4Z1hoYbTqQZpUI7QwTgc3Xecp7Or+t1CKUKqkGm45FgAnCL+WBSEDoDnuerlWg2Gjj5jO9UbIWQrMfYPCqmElpRwUXMEx2Fo1zuGbll0\/pzEKG1AIDohXFQVpiRJ3CDybBMZIUGrYeWpIOkN4cuxgiOYx0qQoFTDy8d6eTkkKNU4wx+ktWNgX3Q8IGi1uFoqo1nc6mp\/omB3DJasZ2xUyB50TCDMydyS2BH27NuyOhMZrlEZ69snndO3KDdlv4Tz73BU9y\/HgmiATy1IzCpGX3vVSWQGVWYmFKskqe4RGj43MwUoMPSTwmHPfYlfN2h7XOdvzRem1sTnWuYtbFIN36JWf8nJ90p9+pV5OUXjprsvavnROxWwkDZLu\/MSXK40Hst0mXyR1TrIiossdNpor4gjndnZZoXQ6I6kvSepzAtqSosR+9XxYlirkVeAEUZJHx7Y7PKZQGRDcK2huTCb98yU7Nik77Uw3dX6HgonkZE5cDUayAioZDqDROiePwx4TfOneO1dLELOGO2mBLdYEjRp9Z+xUEIBsZ3qCU1cxKTmvgiaChccprCi8vTIMKuE3E+w6+PQhSMxltszcD0j2a+90hL2PoX+GkwAdBcbsk\/gxJwVGxxCvATxvc7RasSNegJcVSX1JIRPQRVVWigSPJUVLDXYzTmxF0TUK\/5vsMJ+QjFsCbEugLdHPiqKgIbilEHSBY147EkrQtEBgwcY5RyHQyoLNEJsnHNxW1oYBXExz+D2i6DtmZ9swYi1Ad0EAddCU96iiUYcuvPM64BikA2umk8y1CF4Be7cEr6hOgQVFVUYSz0LR3qET8WOLu6Io1DLmDB\/YmIwZl1UwxyY23iTAbtE2SIYT+m2im02uBT61gTz2zEiVZUESGctodfgqUxILznRr76DfEX7siY\/pqeev6MqNm\/hAUIvi18SBBTuEmTiRXCTCBNl\/Ht93xJOE3Z1zWqPHmkVZTIGiZiQpy9FiDOSf3OM4cN8QoBbofYUN7HMqCnlkdc7JY7vgveyzxaECXYYYCYgrAugJMWjZY3KF3jN6s\/EOwSowf4IdOgJUAy5X8OIcdKC3JN54aA7RzQq79AkHe8QQoJX7BBa8V4qFIrKYncSP6chkWxPXrK+HluSwTdOPsfsC3TrmKVKpsqjkQxBs4ScLVSTjmeEa\/3HBy5GIbxdnTh16WcCX8WJaOiQeZvDbou\/OeYm51iQhe2bzOBfgrYDmUIk5+wZ984+CJH2Mv7oUdHB8SBF\/Xba4WuAXFqNccGpZdC7R+YziIXjHjvVMG\/BmJz\/WOnvPYqam+DPuxFJQjuUgQK2I2Z4xNXI0+GWksInYpOGz4Vr8NOCyQ\/A5idgKxJp+B4d7LK7OtAYTZ8TGBH+ZPkv4Go1HeslLX6IGLDTg0HRVlCVayfCKv+FrMxaDKUVlFkGbmzOVZRJsyPiPwasoir4NiQcderPvTx1TPB+w6DkjHti9YdJ8xuJAQKct\/Zzzva2dgiQPptZy3NfErJL4YUVHkQp55Fxi+xv4gugxIH8pO3w549MtthhoAKYK+I7wuSauxCLKJ\/wGfC2JYzZ\/KlJfrJXocQXmzebOORbZc3YPD9ltPFUJjRG7eCXz1\/hsR9xyzIXwxB9QAO8Jnta8W4EbW6B3xNGAHlbEjgMKjI7YarqyPHR2eiw7LVix2Da9T6djBfBn+rdWw1syrOIrHXa0GGSnibYYrYqCXL5Uh02Pib3mAwXPWuwUQpJzt\/XWGX8evMsTB9eq0W0W71zEhp7P0ooNIXvWtk6OcTElRfDrQmTMipieZUel+ywc5+S14WRM4TOSLSTPKMTsKyA2r7LUYB913EjKXJfkwxo\/txMok7kFZ574uQmuq7KQyZnblsW0bjfGWf85vnLEyYfFAsMepBSKpBI\/cvBVo9eacSEGldjljDplRi1VCrnOVnLLFsEaWa0zxl4NuaYBJ9PpBHlarViwW3vh+jVd5eToiA0Yk+M56oz9w0P00sh8dbgx0WA27lscQNvVSpUj5i4VU1ZZRTlqHO9yUgoDqYsIktSxVZQpvoap1IWdHY0JfsE72SqiA3hZTktAcu36TT1\/5ZoWFEItBijKgWIo1FKQ1auWoBwUHZNgwA7jzSYzDasho13\/27AFAdHxiZjaO0zA+PgvAbAliUyZr5GNW7Aj1ZEcAnSIF4oMCNA7Zjehw0glQBkCDLsm5rbv\/Z1hgCJLSVLJHEuKPduxqFC6gdD+sek9ikDb+TPDF4Dm+vUbsn+lwnZXbOdgDXDnVNH9leC1wrkShuxwBNPFKaA6ZMfo7OhYC46Gbdu2ZmdyMV\/p5s19Xb++r2OOqhfo4uR0pfm8RlcN4HUaTzdUAggPPy542XzHJN4TwGPgUAjah+fHPvJRPfrBD+uJJ5+WFZO3OIKyQNKZorzU8Z+BwYrUNUF2tDnRZ\/9v\/4s+7ws\/X9V0oDvvulN3veylijhnC\/9rHNbDP0bSuCoVvVeF7NPxRMF7Hjc450pH7PSt2KXrcFKz4OZkKofto\/PaoCDYmNnnrCGOu80qams81c5sQyMwMKNvTSBZANoVQWvO9YSAWQN8H5OseLEglbGjoBmcw7JZcxwygLOM3h3ypeDBY77NI1gp0Ml0NJIVJKOygv+ByhBlRWHAxg5PCwSMRBAoSV6JJu7nyHCd492aeWondkMXsuPdbPThx\/S9JHEHaI0IkrYDVEDfOdfrw3TQEZxy2zJf0oBEPMVhB\/Sx+xIaDqzZLrntjrXIbEHjgEWTjbMFjkfCAl0NzebMuyAY1QSXjJwlzxMJz4JKREbnnAwTBcGhQT8ZnVjx3tBX3isg0wkFoeEyxKBDcGIB4BT9zTiOXCFLhF6ZCpltC\/zK7OYsytGMh85kAcvBB6WY+gLolJV5A+9j\/F1gZDoZ6i\/++c\/X5\/+vf07\/+1\/6Qn3B532uPuWVr9DL7rikP\/dnP11\/\/nM+W5\/A7val7S29\/I479Gf+1Ku0SVKtSRgNrQBzHnyKZB9T0IgkUQxLlaOBNhkzYzFk\/MeU+oLOOy\/vnBI6mLODc0br5TA9wFfkub1L6M\/4u33tNCMwOu8kZHPWPDZmJVwyboI+LDFiHnXgreO9XU1HZoMT\/G3Eru4dd96pBhu\/eOTV+zm8r\/GZOT4DcQ0pGgJ6bSgqLA6+yNtwMFSBD42GI\/DSErfW8uCxwK4eedbYw3zb5jMZ7F2fdMBrge5tvH1e4ScWi6wAymb3j783Xs+wrfHgnLcLxSqFDzpBJHls2GBPOa8GH8tCh\/BjPpa4mrwbG5tq2Fk6Pj1TS+y0nZPA3BWFfOSaoWp2yIy9uXeL+L5SKgvJOxnuJuw4nLtwXrvnd7W1s60GHVjrwMl4PNIcPTYUZUt2lW\/t3WTx+wLx7yqxfNU3UWStiaGGjWpQyJFIre8S3dpzK\/aMBmyoYgHc4LMd8tscznv5YLI17M4faYq9q0HZ37fEvBI+HWoZ4Ftn+IUV9sZTTRzZAGMtPL64iDaZOvwoBEfyLXQGTiCvExZumZ0Qw48VpDbefMF0H1PEvoU8HSeTce8vxucSH\/bOKYJf+2xYsc+d2c4MIyfTbwkO7V2DjeydfbYF5hRspqJQIO7YOHtvGOkYm0128Ji5d86hw6YvOBYUt9bM950Xc0cl+Ave855YGaOcczxLSkWpwOeC6wCMJuzMS54lGeYcBGoWAR14iCHhUlk3b9xiwXYqi2fGZ4sdCuTzEn7p5Z14lyV06KXbn\/GpEhus4c2e25g+tiHvCFvWPLdYaTHI8ncKQRN8LoPVJe+cc1BC85A1fSEy9JGHoIfpFODN8JrFjC7Ioa8lu67AWZBQS\/7vjEIICqnQKXnr6Wee0ZqCznQpOZkvWIxnClneX9DH04essgAAEABJREFUZu2Q33iK0E1GF37sRMJ4MN3HGNB9rRK6KXgZThdgfY2vElBUUwctoWVfybG46p1TPy5FeWziDWdg1WJHKlKPOesj9Gex2eYegdsSGQvki9g9kxdqaCIpuaYUFpXNccomi2HEZDAZbUOqob\/pRj4QQ6e9XVMsFGOSc062cLW5ffD4faM1hXlm7sDnVEZEaMmxbcEEmZtKm9Pz2pjuCv9Wn7ycVwANZQqAKqjEeQP3K5zdlD2mqOvMAJ2UYsVxzEDBFxpWY5Q2UG6cBqnSkMJgd3tXVSplW50FyjaFd1jRgp7RGrDL40Iw3WjIqssCqnfMyRjihVyX+wTcWnGBo3snyZwNQ994\/ipHsfu3afso4TwCPSk4CtqlrOgpMciCJLdkpWrAWBFAW7S5oICt2HKdUsQM4BNxtaBgyQAYbLPKWCrzcDhCNpKasJpVzkOS2QjjZgLNkkBWw4e1s7MlAbShtTo9q7W\/d6bHHntK73\/\/w7r\/\/g9QzD0HSFcSsq0wthnDI4wVgQdU8PadMJSpFjkW6OeI3ZEFq4Ljo6VeuLKnZ56+qutXD3Tj5mFfYB4BjGN2zuwXQY4oWJ+7foWxnV7z6a\/Rp336q\/Vpr\/5TumRB21bJ6MQDgqH3mlAgJeeUQfumfbeK+wLgDqsBes3orZHQAaLLy1GUTwDZWC26tZ3CDjs4+BuGQuNioMInRWRqcCpzzDXvFzjKmv5DCswJhSJTkSzm4GyGrVA+OkvQdvTZowC\/8vTTytjFAcA1Nl6R+GqO8DP9Av26\/iqJ\/oHhiflqFgH2yz1rroaNhj6n2G9FH+G4uUjyFGs1w5658oLW8JehtcR5a+aJyMxHOWxgslmwKMqit7klEcPLmh2hhkS+Yve3I\/gMoDsFo5PhEF46bSDfFvLtbm0p+aCGPkIJhnsrEvudw5AUeNcRVDO49fDjUciYgguYsgt\/ZGzQhzdgfY\/FxTGLAuMnEoQ7bNFiP+cAPs3s5pyXc06pKDSiQJlQnO\/u7uqOy3cQbEqlWMqwvXvuomIqZTaxYqBGB+tVQ8G2SZFYyeHDtuLtoN8HDDD+pz7lk3THpV3ddcdFir6L+uRXvFSf+1mfTkH4Ofok7s9vb3C9S3\/x8z9Pf\/bTXo3MC3zea2Myog1olXa2x3rpSy\/ozpeeVxp4Faw6UxEViqAhBebmzpbOXzqvcxzP757fwaw1skRt8zym0N+L4qEGsxV2Mj+24Gg+5yjQOpL25uYm\/ZJEkDhmh+qQnaFTErtEQiTONOjS4osnGa7xVWFn02eF3iM05xQtZmfzASsY7Bjxtg6C+u+j7e3LMWY4GsnHoKIs+4JZ\/BjWOuwMK7CJz+APHbotUwkOYh\/AB0WpiN0z\/cxvany+iFExhN7WiXsZj0IiMOu4P2Mn3vBsiSZj97IslFKSc07yXi1B\/Bi\/b+ifYqGCGOtcEC8FtFRVQ\/x1qgH4nJNMKny6xAesjZDDria7oOegZ\/Kbbjroej4b5tbo\/AY7DAt23YzHBr80OgG+18gQ0IXp2Np4PFSMnmS5ZM6SODFUSnxmIdCRK4SCkE5LdB2Dt2nZcVkLpcFvqwStDuw558DoWi0yWzz09EWrPS54peC9Nrc2UIGT6QQCwjScEC20t39LC2K78eLpd3h02PeZziY8n6uoCor4gaxQNDkXxOyiSEr4sj2zAryFhwaMmN81xAbzsRZ\/7cDZlN2UKYuYgJwr4oHHaa1\/4Gr3Df3ksoym8ZXRZYxR9rzFTivix4jCx3g0fC7h1fqMRgPFZHjw\/dXGGp0WvdXsOtk4o1kNql5nthsX4cHGpxRlPOjFnyx0FBRC4okj1i4UuDfsR8OPD2CF2NYJPTda2u4SeA0+UljPZLHDyVEI3tALzz2PeVoFiUJnKTsZKEIgh6de5yQOWSyz7+M99cST\/f0Q30Ad\/Xuzi3NOAdt6rgk9m794edlP8EHe8YmriD+YXAcHR4jveQ0XLuiInWuLVSmWsjadbsB\/qYBeBZ+ZJmhkWutAGM2eDcC4+XJJcdURYw23o\/GYQv8YvHXamM2QoxTKI27V3Bfoaq4j5q+Ji50VBujIIb2DtvdBjqv5tn1tpcNHndTzb8X8gFzqnEMlLU+znHcgvoN8q4JTvhb8FEUUk7NxUclOVDyOesri\/TyLYU+MszprvZpj46VW+MkJsV\/MUxDba\/xtnzjUMcaFqJLFZkHNYt8ZbTkp6bqg4AttTLdUsUHRcDp1cnis04PjfnOqYxMq5qg1m1DH+yfY9qqeeuppLZjP01dZST5UGk82aDPFUMiOk9as2lLwKhITcA0Ab4Czb7EzaDssBQq+4867tL19DqBnBJaqcqgBbQiDLnvZryefsM15gABOjuJuqI5g2AI8c7qYCnbAai1xEOQVWFCW6aqTd4zIkimgw4k6nCwB5JbxERB84is\/kUCbZAIXrmR3MMr+tYGWYHXCqm6Nk5XwPCySWugv2VUgt8n+rUar2I8wADpFeQEZS22xUjalO0nOeS1Y5VkS6IHrfW\/UCSvQGUcGQxy3gK459CF0TgjIBsSQSjlfIBMOaL+0QhG4pIDzxl8c4Hgtuj3SDXZQLTAMCMyT8RgHnKoASAVB22H0NKGInkwlHHj\/4IT++7rJruIzTz2vp558Vi88e41C8Bb6naNPp0QRFqLNm\/vdQtvJ9D7Iy+ll7HDYd\/oGgGdCkTsmIYxIEg4ZA8\/6ft7LFN8RBEfwsLO9DQ6iEu87dG\/9xxQ9Gd2vCRxLjo1XNGHH\/igcx7HnLcWP70Sd7AggHUFmIfuxOVrs1+HpA3YfHYovgldJS\/A5Q147Jh1WlRJ8RfhJITB\/kAWKhGyHHBkcsuO6wr5rCj3PuCWFnBV8tnvTmgCeeRmfedcy8QreM7Suc9RidpxjU9sxO6NoPqOgq5B1OB7LaPkYcIoFiWJIotkECggCzQBNw01mTkvoQZ6gCGYp9oeDIXgfyBxviE4vnr+gi+cu6BxH4QV+lAlAHl5s1fmMrUxx5gg9x3OTdYj9rZjut\/rRa2a3u4XnAXQvXbqkAizYZ1stezk+J03GI3lHsiQRjQYDFTHd5oci2ApHS+AbFKNz3psOEE4+RiRx\/bVkTtPpmuPXFpkQVIAbGmvoCl9uhOrp36qsgqazoWYbY43HFTtuFBfTge64fF6f9ZmfposXd\/UJFIT\/6+d+tj7zM16jP\/0pr9RrXv0qffZnvYZi8bP0uX\/u07l\/tT71NZ+sP\/PqT9Ydd55TjFmDgdGtmKfVcnmMX5yIWkl33XWZYrbQZDYinjS8W+Dfa04iKCpgKjiRH7MyOBIcBh4U2K0kGc6mY4rQpBP8sQEje+xkL1jVN\/StSeypKGQ\/Cb8NIaAWL+ecbIfGdFajizmYsMS4Il7MSBSXL1\/SFD\/sDPc8u8lRP3keG4xJSrFPKrZ7WqaEbuzkYqWWuSuSofm2rfSj80oeeccT5Bj19jL7WeKwfmUqelrRO20w59bGBvq9JItT5o8R25n9rfAyPIUQZQXSmuBd4s8D\/NKTrMqiYu4OfbUqiEP27JgkusJHSvgxHLbIIX4aMHbMkab5gu2amS5X4IVXJLJOhrloOpLXGXHTPptOvZwCsnj0NgR7VohMJmPZzlmDfxfoFnFVlQX8b9DXQzqjmwmxf9DH8pZ+FsdjSsidVIJHu1+zaHQO+shnnwkRYNG82sn430AvN1gozlngiZ\/gPbxmmd2M14sXLvSfj44OZXHmCByYfGP8O4IPu79BUQtDYKtVQD7TZwQ\/AR2vsK8d8dpues6mg4ZF\/KkairGUArQ72fUCC5YdFtWZxG0F420befhYy8Y6R+wnvhwc7Mt0EqBvtj6zRS1zrIkBRp9uYG8F3VaAWgLPHnxb44PGI\/O5kSzxR3i1ZxMwdO7cOZU4i9HIJE3DtmPQgEWNyWF47rDzcGg+1MqeOcZb7krYpUO2Fba2Qts5JzvSPiV\/RfRe4CMzFrMjxmb8ZszCckxBZfa0uB2YJ3iQRTObeMZnYtmIfsZHS+GMQOKxPLIYzRUyW64vUiHBr\/2LJYYBxJX1NbnMBuZndi85xZhkmwbJxsi6ZTXwY3M6B2EGmxwe\/zfZ6QLprrer8eODV1kmnbIY3N7eVFEk2bAS+RO2Dow75fg0Y0N7NyYP2D8lOBwMFXyAnFPLfMZH8FEpljphYWa1huWRDv2aTUvozVlMNGCkQ68kPoXoFZm\/5dmQwr0soibYZoe6QWD\/4OZNPffUU3LoakwuLMFHkTxxr2IBVWjGSd7OuS1VbDIZrYZ+GV4yczoKJOOnxldWi7U6Fp2OOsv3zUGzow4SGywSQUKO\/GytCsQYJVVpqOl4QxuzDZXECw+32gJQNUY8YbVoxa9DOW2uVRRBpkQT0hR5HeexXZNWGINC4ZRgKe81hliWl2iDaqDgo7zjM8Xbih22kuIkd07m0M45tplPlFLSDoVkSWBiYP\/HdtocihND7YGBpGOeDqUtmMtB0wL1CduwIRUAZEMdz7wvUITUcXRt\/0blgsLEdlesqq5S1KgsZEXguKo0xhCbHGHOKOSGBLAJ4G4JhguMaIHQwJrRRQKA21s7sr89O7rQF4OII4+xrKWikPFqiVXOq9cF1xFb+y5Eddkpdx57k+wqHJkkYrKWRQk4glIIhhVZsWNFQGTMcDxWSevgucF71uh5jdE7+LFVagpJNfocxAojJ3Y9j3V4\/UiHN050cjDX8rSR2qQiDtnFbPT8s1d17YVrYnMEHQw0KobaGG1oAAgKbFINxgqplP3SQ4dwnaQGoFmzQOZ9AEMNga3BZqfQnMuKvCCnBc5g319wAMYxuED2AsN5PkcIlWCggl\/blTtlNWO7aB20M\/bswczV\/ikp+76hR04HzQosmAOK+8D4yXiqCbtaRVUqlqWEzY8pkhrsYf9msP0l1Q47jDc3tE1QnrGaivTNwamG\/gonWVIAHO4faAW2o\/NKjC2w7QAsFAQFzKQVR30KXkLnoYias\/CxgvKUgG3jzeGD5z18bbJIML7WJFXDtHC89bolOMy1d+tAp8dnsqIqU8h14MoKw2Pkv\/LCFdlvNx5TxBre1uyOtiTw6XCsiG+UCvLgt\/AJezltb+6QNDcpLoesCJfgJdLog53GgyG9Rb9Og6LEqZMivC3xC6N7\/fo13dzb0zG7vjcP9\/XEM0\/J\/qJu08spfcqykuhvBWDwnqKpkOnE8NWBN14plEk5SItmqcOzo\/46oCibbk3x9zFtpFA4VaOk8aTSnXec16e86hUUga\/WZ\/3Z1+gzPu1P959fdtcFfcLLL+vPfc6n8vxP6Qv+\/Gfr0z\/tkygOSgKR13DQqUhrfGKlna2BPvlVd+nzv+DPqRokzeG\/JfhZ8rhJ4je9xRBkMSFnxsWgBbvEHfYbwO8ALFTEFSGDfZ3DEm2FnS1Ae7A8pnCO+NY+ifn45KinY\/Y9o6AYoNMFi4Ml+LLg6gBGYMyKInmP4\/wl8WcJhmwhcOOa+QZbcOQAABAASURBVFTWEKxNRkPs4vuCZ0nSX4O3o6ND1ST5FfennDosGNdQFJosNQsk0\/tNFoArCnabQ+Af6KGDoBMWrseHBzo6PARPN9US4E9IzlbkBHzC5LjMDu8uC4wtFmkhRlnynlOkGeYiPAv\/8\/CfQpThzz7bPMF7ZO7knKOAzsDdy+Kc9RuAoxnFhd2bP5v80+GEeDmSjTf6toNZ4oNTi1H4sul3bT5Ggi\/QvdlE\/Oyxe71Gfuc8bhV6fI3AeUmswWw8izI5CBuytkI39jnLKYSkiEymJ\/O7kgI38kxCx9UIvbbqmqwiFjwJxFgpYfM1vrS\/fyjTlXO+jxsBfIywuWHAitgbFO\/2l8dH9BLQk40zLIkf55y2WDTdyWL5zjvvUEnOaIkhHsMY5hI8FWVUUURi5BqI1RqzGZLV9vctuzxTYv90OpEPnn5J9nlIYVESu0IIzJIVvOcqeeimFLiaTVpZ7mnAcc3O64gxawq0M7BtBV+Rit4GFX6bYqGrz78gi2m2qWILlgMWOkWRNKYQL6pCaxY71uy+Gg7gt1ZMoS82OwqepquVMUSAzw7jrplzjb26rpPjvwCvkQZKZH\/Zt11TilrBUwPt4WAgz1gXAjl4qh1OHTJSNeRpu5psfOz\/OP6fyV\/O5X5Om8PyQB9n4EFgX7yzBcRsYwavps8soxW8l6c558BJp6OjA1lsy4xbEaOZHm6N57a\/ZmRzluxoS3bRrGYZUEQ9\/8JzWtlfe8Xz0ahSiE6Q1Nb2hgp26FwQ9ooqi6jhoNKEmkDoIgNOD8pM71Yw3XnnSyjQhixKl4x32L3VGT5vdYsHa5Y7zKZbW7O+mBsOStXwGZFxRdytQtSdFy8owv82ONmmDhlXle64eB6sjOV8Vs1\/XUSeUqpmpSabI126fF67O5vEeNGcPPFNFHa2aeDJtxX+EeVk38VviCl3nNvVpe1tTctKFfmpJJCPyf0jNuZ2t3aJx6\/U+e0L+PZUfkWSaiUNRmOoB0WAP97YkAPwO+fPkwxX2tja7t8fny108+BArXP0jeq4njHhMcVA5j7DRGPMeVNOlpnGx6QGRRpYHMa0PkLjZwTbludDlO18RJ4ONTmVgwFGD1TuJFIzAsoyYJszZabtaMcofUliaINXR3MEnwNWus9T7Fy5ep15pQpDGmjBFvhyCi5qxpH1bDzTZDDW5nRDW7QNnnmIVhREMRSazVgtpEoxlBpWY8CA4nlOLCDQlEpUzSaiyb0mOHcouCgJki7Bf9R0skW\/obxS3+p1RxAnWTDneDRVQFYxxui1JPwjdveOD08IAK1iKuRC1BHB\/ISk1GXG4cC7FMqXLlzQZfunZbDTcr5SvWzk2qDSD5mpVDPPWp01Oj1c6NrzN\/XYox\/RE48\/pVvXKASgbyuE6JNs7iW7dSt4Z3oKpU4WgDGFLAhY8efRaWbuDiYzL2qCfIdzWzFnjjGjmJ2xShxWQ0VwkqwRICqwY4mkQo5RWaLnobZnGxpj05bg1kHP+mZsanO12NACzQAnWJIsFxRFEbx4H+ScV1UN0EeAZa8TkuiSpCNsbX+nof2dg6cELVchO3jzPF8Zj1hhSUJqua95DyUl51Si1wF8TYcj3cEu3ZSENIK+yWWJeG1j4MeS9fXr1xVTYpdqqM3NLWzTSHKy37y0ArUkkW1tbuvihUs8dexyrvrEs6JYsORuhZ2H\/xFzVeBQ\/Bi9LZxyPMbPMmbAcTOJrKUgOOHo4QK76NtgL7nA6s3d\/qfMOP4+PjjEpicynQZoOuRjNEcWZ1rhQxmdePykJABtkYDOg5UdjvRXLGjKMhGs5loS\/OzL3AEdFCR62OmTsrDtZDRR7zCdUG2hFYXtMUXLLZLKMQXYslkpRyeXglYE\/5sHe7p+64YOjg\/772F1BN2Go6qa476yiIr0Tckr+Aye5krB4RMDTcYV10qz6VCf8el\/Rv\/HX\/9L+st\/6fP1RX\/jr+hL\/vbf0Bd\/8V\/TF\/7F\/02X77ygVAbizlwueHmwMGERYHEhgjGLAc455gnyDkmY3+aOzvf6WIKTIpXIUhKzRjI8D\/Chokj4YauGYsN2NMajMQkpy+w9Go7EB5X4dknQLMCSBXwrFAyjthOXYup1tskCoOS97e4YZoL3skR9i1V98F6mC9spqUmqENVoONTGxlQV\/tAROFbgbAnWd9hBsuLAxjXsPNr8wXtlbGnymmij0QgfqBhPTMJuIcbePkcc7+wTh2\/evNXjzmR4UU8BfQ3xN48+arBltG1ek8laCR8ZuwfvZX5XIJeXVwsPJXpLISi6ILKb7F2ZCi2JRYaVAM0Ehs6IT0ZXoN9Dp8bX1sQIx3t7N0SfS3zZjrF6PqC9z4LEihUnKUDD+pouXtytqvDFIbqyq72LMaKzCgzVsmO3moQXQ1KJfYbQ7\/Af8eO8k0dm043lkoL3MSXZvdEhjMnejfC7Cf5husr2UCZiJ+e8OvRhvByg0xeuvKBnn32WOReCtBKYW3KSdHh0KPv+2K29mxoMK+yw1Lpe8j4oePRH7DB721xLcmJARlu0++CxaVYm5tl7u1YWs\/ClE\/xsRhFgz8\/YqYIMvAb4aWR2ssJuBVbEWFucmOs7+C7A3+bGhgrkzOBlAL47+jQf56ElzoYYtGDsHkfjh+yEmt+s8VM79luBTStaSvjYIV7MoBVDQF6vGJMcOomMH+MjYwpo5xy4bpB5pQ7drbB1TdzpmHMJLZvP+B1T1AyxocnuEMbsEHq6xrX6H+ecHHfBewXvubv9Z02sPmFHLngv07vpSSbwx1skrvggFUVknDQeDVQWAVotrYNIy7jM1e5vt0xs8BAzfQfGO5fVsCuXXUfeW6vhvf1CU4U9ZazA2IKCzYo6s2NCv9Y8E59R+zRgkAn4k+Wcw\/axvzc+M7RbFgE1NjgEKyuK5dp0g67W+IIDY8JWEd2eR+dD\/LClTxnBB1jIjIsp9PwtWXTnAK\/Qa2imC6NVYJPEvKNUaICdKnRbY2OcV8bJiDx68fyu1jxbLs7U4ZfCXhbfF+QSR93RUI8cUQ+sORa2r+j5SNI+5CigRXgXo5YwYruBaTjSmQlMMdS4qBwqlRRP4nMXojqUAlpk\/27wGdV2SEkNwDsl8RyxcjmrV1qy0nBlVEsymBP4CpzcWz\/UdoZSjgksVrgJWp3zygoodYASch\/YOhTWUKAakArAukZRrcu68xNepoptUj8Z6KheaH9xqgGrh3I8kSsKKSYMbArMarPnY6kQCoyWUFSh6WBDqSvULTo1HNFWoUShlabDmapirNWy04Ji6vhwrtPjFZ+zGvs+43CqwcDeN7p167D\/Dl7XRS1XnZyv0HWh05OVFqdr5cZTeEYVcSgxq3JQVY3oV8JHocy4OXMTQ7Cfx1heKVZqO6mmQGsI3h2rWjN4lSKJay0LqC36cOhKGMy1XvXZWmUuZf+ZTDU0T\/ZOZef9I2TpaqfDvWNFXxAUJzqlSDE9zQCh2dr+VQuz15wgV+PUzjmtccYO4KywWYdNA04ks07wKtBv5l1FkqkIPKK\/B7jmSGYfc4SevaZBrjWS4yxgysA4pBjy0Di1BMJ7629OmKHRYmsx0O499ksE8sBcTZYwnhBDHqyuXNYxSpvD1xl4sL\/qxn6p45gVlnWtSTYdOorQGhelZvA5YRdhNhiq4lk0BVPkNOzodGAQVGhSVRqAy+iCCuYuSYSWyBCTQosgH0tsU4opZYHAEl6Nb9hug\/29kaaPIfOMRkPFEGlJIQRZsed8UIiJcXOZPkvkGhNYK3jKJLFnn35Gtqtqx8F98cx4c24P\/Y5Cv3KR3etSVSxYjIAf52RFwwtXX9CVK1fY4b0Cz8yFDJkiWwR53zWKrtMYn9nZnOr89qail2wOk9Fnx\/tgGVAiMAUfVBOoEnOsuVrCXXHN6KtjvgLZXIyyLx5brLAFg+na7Gc4OWGndIEua3TfgCE7Ws9yOmUn\/oAdT9Njh96H2OCA3diaIiwQzEajgYoykVBLTWZjDcYD2feLz8CiLRBd8LL5E3JE+p1gs1SW8ozNkjoweXJ6LEvQNm+N3eWQhbmeeuZZffCxD6lGHxFbeOe0YLzgq4HPFTt9Dj2Y3XBG3i1kRVpKER8+0QnJ2eJPQDfix3BfoeMG3G6QMO0rEi33ZtNtdp43bRcaPdu7yWR824cAjA8O3JCk0H\/g3hayGxSRhhnbkVrjayUyOXRtekqpIAZk1ciQ5WTvTHcderUxJoslfHsevO\/nafAv2+1oSG4tc+6xY2nFij133sH9\/\/wzGo4U0GuN7zgmtCNqK\/7WxIUGXoK8ss3NfB3y1djVZcmwadg2GxuPA2wZwERVDSlyx0yAnGCpBN+7u+c0Zfc++KCEXxnfznmZ\/iKfTc9rYovRNX5Mj9YwpyzejPGPzc1NzTgON\/2Yn3loHRweyjniEzi3v7XBhahUFBIypiIpYjtra\/BlGLSYssTXraWi1ISFa0S\/JoMVqLf5i\/AuBe97XofDgSL3wXsVRaEUAjx1\/bsEffFju2Itujb9mq+YDwR4qQYVhclIZhu69X88\/DrvejtZP7OPydjio+PxUCU7dmVZKAb0bjGQosTwnFKQxRPrZ18zOqE4WpNTIacAT4YBo+sZF7FDg70OKfTW2KwBD7GIMv+5dMdljafgkbFr9NaCD7N9Kgo1jJn3C6aCvhG6UVU16HltsaXQwYBFyIjieY1OnQ\/oOCmViVdeJo8PQY5+o\/GoLzhPicM182Oovm\/E3nbvnFew8ejJOSeBPf6PfqNsUWY+OWcsLyQ8+38010o00KUxhVpFPbFes7BMPMEGXVdDqhGfBHCl\/zE2y6ZB9bLWUay2vFsTD+xq+cpaa6DzXi38EA40p3hqsEOGkrWO5y2fbSHYQcM5p4xuPHo3uxVFAieJxWXNfI4aqFE\/IeNXYM90bM3BRIdfmZwtcWpN8ddQIDb4QYU+A+9jCOi\/UkH+6cgNNTpPKSkErzNyZnReiflbxtyO7TONOSlZnB0TvxfwEbDdSmcUfwVY7KB5Qixd4OtLYl7Tid3hjg2LWguOj+fkFx9SoTOEPiY4WtvnuOqEzyu0cZUt9VOKkGfYVduDgYPThVwxUI6VulCqcYAGh88+yiYQxs2A0QHqRDIMOFPGaaygrFHaCTsWawRzsdCQnbfA2Go40pxgvKLgGeL4dn\/KPEuOOlfMbUH9mILygKORNQZY4SCL3MiNK4WNkV75Ga\/RJ3\/mp+nVn\/s5+swv+Hxd\/IRP0GhnV64aKqdKcThRorCLg6myK+XDgIAc1TVBmdZRWWxv7Go23tZ6lVF0ra5LqingFnw+XTTsPq0BRtMXffYbvqf2z99QgFVppOAKRV8p+YEa+u9xJHvr2oFaisioQqNqouloU4t5rZvXORqij6dc2926pDsu3tWPi3wOSlLnVaDXFEttb2zTtjTGIVfozbb8z3CQmJKc8zhvpsD0FA81ba16Uat0BcXMRJvjTZ3fPK\/JYKIqVsLbIpVQAAAQAElEQVRQ8i4IE6hBh0scJ7PyWLZrNTjFYDLSCsdIRYJuA5hvt+A9wFoJxMtJCgDU2opAsobGmmCyVtYaJzkFzCerOTvE7Eqwms3YKRMIVgDQ+E+A2OgEQGnOVDAXhPu5GgA6QE5LDGfgzALCAcd0H\/3IR3RyeqLxZCI7lq3h3cWgNYHrmN2pU4B+RGA8BBsW\/KwImbLKv3TpkgZVpZIgV6ZCg9L0uakyJQ25X4H1jENEnMm+KmCJaEBB5n3QYDDSZLqBrpwidljixC2KCzFpRYK0nRf7PmGfvNGDBdMVDhngK0tyyGdHjraKtGBjK8oOXSxYGJ1RKAV0OKCgSin2slmwGc8mOmVXO\/LMbFBwzQTyGj80fm1nr0xJIhAJXhL3M5LZDFlH+FiQ+mLbxkxZgVuQqPBFK2qnzOUIPB7mRujY4dcn7JbfZMfKApP99RYdNO1+hawFiTLgwxb0B9AaMw9xQ2v4aZl\/QlK259Y\/xaSyKtHZUM55JcaiABLBqm\/b+GE\/nrltbI3dRuwSGL0FstlvhJ9ixwYcndkvMHFMHpB9MB6qHJSKZQG6JIfOrM02N3o+avojBqrIqpDPeDV69GSRM8Z3G+ZfynbxSnjyzqksSxJN0xfhxmsGszFEWZE+m2FvaHbgq+NqtsRhmGsNnUVvpwwnzjv54BXRf4suCmhWPc5KitBlXzSu2AntoG27DmLeBh\/o8LEO2hF9OecoeAeS8zSnkvFn4NH0G4tCpiOj7UOQDwF\/bLW3v9dfPf5otok8N\/4D\/F\/glOZlL3sZR0jTfn7x44OTFQ9DdGN9A9hssd8a\/Np34OyKKPj2Wh1yNCSalqSEiLho7v3EbCvDhfkJ8wUfZMXiAAx57iUn0Vpsap+d87I+RSpYNM1lRVYH7k6J3cbrcDTUaDiSc06n+IHNVaK\/AfIbD4ZpB1MN9G7u3dILV6\/q2eeeU0DGDQruNb5mfAMlLcHpEFreew0oRD38oHJZq5Gzsxvn8deGhFjLij17luX6Qu6UGGP8OfqYTYLJB+aD9yTfQhsU6GNyUfBBkpNhyGSxe\/Ezx15mB5M1MNZ498g1Z0PjmPy5BNsm0xEFmeGyhSfTgfUxu7RgokXf1qfGJobDCTHOaHbonClkdHdtN4f39tkKrIAunHeylnlYYgsuyLckqS\/VojvDjuHZWgGeFuRWw2vDfDa+11fw8j7oDH6Pjo51zAaQ6cNim\/G5Ip4ZHbOFFd9L9B1Swbxe\/E+me6PpQ8Dnk1p8ZkFBMyeGNchmvungU87J7s3fjV95jydkmY3sc28T\/ML0K2WFAH2uds9QOT625IYOmlDCf2vV5JkEnhvwYM+qsjBXld07B3uMt6kzdA0QPOK9I1eqv+rjP8ZXCzfG+yl8D4YDjoS3tMnpicd\/bIDR8xCzq3OuHx+8V8mcNu8KmU\/B9xobBXjfY7fVPi\/Rn\/lxKpPM90zWtckBb4JTZ4LJEYvWsIi\/lWXfz3hIpmcX1DQdNl3J8qHZwOKMNdhQTTEf4WuXhae1\/q8xIl4uiD3XOJ2p8ekSec5xYjhmh9lsV+OLnTyLgZla5j7i1HaBXb2LhQas1ja2drR17rwmHHmdERDOTMEUaDOenUFwkWGdouqQwmzeSHEwVaqmqnMkObdaslWzRrCWAN4BvKWTTqFzwk7CgsmL8Vg5UFjhnNkHBWh3MHR4fKojmvcRgWsd7B3JKSmGSrYTl9KAID+mcHGyanaJEpcua5mC1sNCO594l87\/qVfqKGY9TyUcWDlu3\/UyzS7dKTdC2DTUSQMz1URtHOqUeubolGJu70zZVdCeYdAZSnU6s90zdu\/kK\/liKCscPce71tatdGv\/SIcc2Z6dLFXC35A+dp2gh3E5kauDtHaaDdieh3ZLEXh6eKarz1\/XLQrD+UlNsSZ1a+TPlWbDbQ3SSNPhhmajTe6H2phuaVAONcC5tzgS3NzY0g62sd\/QuuOOl+j8xUuacfxYYosAWCqC\/JpV+sq2qCmiS\/S4yU7tiOJ34AtNyhG8FmoNUAQmH518cthrIUVpvDGRrYSGFIEBnYbgFXEw4UBOWSkEee8VuMaUFGLU1HZbKQ5sB\/HZmzd0Hb2fAasMCCf2XYVBoRXF5ZqWKX6KGDQAEyUBzByzoXjsukYG3i1oOfAxJUHMwMiaQsmKslFZaovAb+OKxJwUDhX0LcDMKRoywa4jOVnfYIiBP9uJOSaYHdt3pgh4a94vwd8SHMo72b\/UUbI4CdFrBj2j21D4WhHnGO9jUkTvxXCkzZ3zsoXNEN8wuY\/ZEcqSiqpUyepqPBn3AWOG\/uquJld2apBrQRFcd2t8qpL9azg3bl3X6eJEs42xhsNKNU66ZgczFEFjdr26IHbal7qyd13XDm6KjeL++WBYonMpYi\/Tkxf0CX5D+L9E0t\/lCNH+Sp4JiWrBAqFeMSc+5TrJ4YvDVGkQCyUXVaVS9jWHJccANTuLU3DVWQTErit045zTZDyBv6HEveN5gb2cc\/AQSKJrWXLp8N2InkJvR\/HjSPYLNdjPdLQAh0Z3QBHNIy3BY0yFLNC09LagWA6HKsBsZg4r5DyYEvZwMYLFqZboZw4GbBfE7JzKqGN2+Q4OD9DnGXMRfOArlmAafI4pgiNF3hp72zwrgnHH5A5jWcGbeV7DV\/KRBd5KwQeax+fRSfBQgDEnrrmnXZNsKoJnTAFEdzLfiGVSA15LbO9JDqcscA6ODnTM4sO+12mJ8wV2ZM+wg+lon8VLa\/4D5oqylLWAfGuSwBqM2C7DnOQxmW1I9FnxvHNSLAtVo1F\/DWDeeS8fggboTPRricMFdrEG1\/I8A3iWqyjaCo3oF5GpxqZD7q3oMsmsdfBTgx9rgXGoUCaLvbMkaDv3ggfzz542Hcym3ntZIWnXFYnN\/C93mTh4pMxivlk3WrN7WKaS+L0iSWNpMNiixwXxJobYF6fOgRXsajTMPj54OedZ\/C9U48sNNgNeslbhg5vEuPFkKh+CCvRu88pLI2KE3XvGt4w7wddvF00wLyfE7JvH3sb\/Er+AXRbgS3hr5H2Q\/RgPDYWZRxcvytwx+ZpnDby0DMpGzxq8O8fk+EwghxXIakdpa2S3+WrijNE1ee0Xj4y+NaPbQi9hy2pQ9ZibItPtojMKc5Jz5hSqNfhzMrlLfMMWTgWF8S12ctfYElbAwEglzxz8p6KU6cauQ\/Cytb0DxqqeXk28sxhoXw+wq8loPLbYymTy6MU504HNVymlJMNmRvYM04Zdi4URnrMcPtHJ5jf5stABusi0KX63u7uj8WisIhUsPk57Howf69sxdoVelsY\/dFtrzOGClycfCL0LOiFELcDFZDwCZ8ZPUOAdf7DXmncLOcaaHDW+bXwWMcn02oAxw8Mcv1uBTXuXeGcMt8xri94iRkXvxYmqcGI5hPHMC0lZf8O++fPVa1d1ysLACkt77xyzEkQclmmZRyjR7q3Z\/Sm+f\/PGdR0fHfa8tMQZm9d8rwGXllNCSvJF7Nua8ewZKeDjJYuWkvy9BmcWB9uP66UFEDXx2XDVcA0uqqbeOmHBbtgsyB+TzZkSOeDg+FDXb15n826hEUXecDbRijlcUcg24Q5ZZO3D24g8ZzoP2HP73I5mFI1D+l++6yXauXhe3oqJi5fvlLWtnXMKgOvchYt62Ss\/UZ\/2mZ+pL\/wrf0V\/7vM+X5\/+mZ+lV3\/6Z2hr5wK7PKe6tneiYwqctUot2DGbt16H7ELdPFnokIBwggBHJIATBDjlvPmIyiv7gmTY6oACyj43inJxoJ1zd+DY28KGAGpLXRNxCqejo6U+9tQLevwjz7ALV6tlh8uVI\/nxTKtY6IA5njk81rMk\/RWOkCn+buAAZ7xboeCaI9eGtsJhz1Dm3CctXNKSNt69oNHWrsrJphx9q+mmNs9d1PbFyxoRfIrRlJ0tp4CxJhTF49mGhoDddopmkylHHBMNCVTR08fRgGlwHlx7AmOnFcHvjKKhXi3lJd4KQDe9QRenS51QSNbztS7Cxzn4uHzhki5fuEyBUOMAQcPBSEVRUqhs6iI8vfzlr9RlCsDd3fOy4DiFnwl8jJF7C7l3trY0oP+gIPHTWJZJneSz6+kZQMeTsUqKKGOoFS4JYzUJaUXS7Y8YSBBlkZibYJUi41tVZZLHETLgEs6wZvVxxCrXduQcfSoAtof+D1gVO4AZCNaWNFsm7yj+bEyMAR4cdKReX5LmrJy6ptGwLDVkjAC\/bYcXMcq2xjNOtAFQJ\/B8zA5fZv4KcJcpyQrFS+fO6dLuri6B2TvB67ntXXS7pliptSThOx8Q3sOFceBkv+hyCo+2Oss4nDm+BY0ldrIjlmJQidJCR6wGbx4eah8HN\/k6ZD7ifolujuBjj92YDl5GY3BIMVCgr00rYunXosu2Mfs5dfA\/wGFD5J7iIaaoMboK6KJj\/oSuNs9t907YeGlJn2OKx1OKw9qquMRD6AMp1RSpxxQch8zdkNAqdIZ0yvCR0FeF3cfDEboN\/XcHLSG3+EGNH5Yh9QuAMhTq6k4r+34SuhmRSGNMCiGoGg7xwV34G0vY2oK7c47g3\/Z\/mWxNMO35R+bBcKCIDWys96HXt2GLgVrB25p5G4JshKcaHVhRZEVmhwesCXgNdl7zvEVf2Tv5CI3\/H1f\/9WRLdp15gt9W7keHvDJvSqhMQhAgCVAVm1VdPaLHbMam52HM5j+cp3koq1Y1JZosFskCyQIBglAJpM6rQ8fRLub3+c2k1fTJu9PPcd++9hLfEnv5iQhwYD1nZJHPI5ffu9BY0aUQr1JV8BqBdTes30LLCeqa6xv4s\/2OKIorsLTHBtbRnvgT4MXHHcFlhv9WyGzaCd73JKgOfpZ01mNC36xdsFOpCoXJSiEECvcDjcGGzy3BxgY6I3RwREywDueLhUpV6cHDh2wITpg7UcqZ+LWT7RwwoDseTmAO8P7pfPPYoAPz6fcO0NbDilixZePtQtG49H09sseYlBN+gZw7cNiDnx6+AQA638pdvZcvX+qSInlHkqzriksdSfla7qB3dGgyejZWxxQYIQSFwED\/YozZfOWSZT4IFxThO+3hLyGHeb4gkSzxHfN2i9\/u4PEAzMOaWs+LETJBh3SHe2wXQpDjUgEnDcnz8uJy4NMyWN++r2AH+5+7UBEdwZAy5yxWLhVTwoC\/HlmtO04QG3fkhCumRpmWYHYP3mxHlpVHilkV2IsccyrMK5KVqKA1ccF6XSwOVGPTAN81Mdz61Rcvr+fpxkNCZ5bf+A7oySNjh5iSrK+CfNa39ZpyVCmJInyszPtD9FNKhhf0GgQfCey2X\/AfXukNOogn66QDz2INy3IDHo0z8wF8JfgMYGAHXm2HhmLDclh\/nr\/F76xD0xI6ScjtY+0NYYjQN6WouhqzbqcYzVOUC85SlYGvuq40m03JwzM9ePhAFff2EjbolXJRRG7roqGQ9Hob1vQP3bz\/61+zQbuVeTLeXcy06skuHp2+\/Oychd99BQAAEABJREFU0MVX53KNTZA1MGIK8gZjC\/aHR8AYMXC\/R5WzDtwZRf4IpiLHEIJ2+MGKOBZD1JpN7REd2\/F4SujiLvTo81WuZFuNqpFSSIrct8c3bK8dOBCKDSFgs6IK\/62Jqb7ueWJ9D0IhGkD+GIYj0xWC30s1+jql8H7rzbd0dHg40D8mJhyArRTROXIoShEMWfY9TYKGfIh55G5pBju2nX3dG+GQorbEwQ2+dUshuoHHgHwjin7PFTw4dlq30\/kMO03Jaee6psawj\/XwNZ3PVeHf9t0tcWpPrCjo0P7f4ofPnz+ns\/5YkbXmzD0w3\/coOgKA6PoAICZ65ytf0xtvvqN79x5qjjBm4q233tTXv\/Y1vfuNd\/Uv\/vm\/1Ne+\/k2t95HORVZXHWgbJ3pBV+3z85Ve3uz0+csbPT1fkkxb3SxbKutWT55e6aOPX+j8cgc4xtyfdXXb6ZZW4ZqO2HIVtG8qXV+\/mp\/iDLBWurludHa2JhHtSdATXa6kM2i+oFv33GPVaj9a6PDtr+r06+9q8dbbmr7+uu5SwN79yle1JSG0FElUUiokiMXrj\/Twt97To2\/+luaPHimfHClTVR9x\/q1vvqev\/\/a39ZXfepfxnr7\/x3+k9779Lflvxi4ODnSXHc87b7+przIePbyvQ7o68+lI02mlxcGEZDEdxoJH05NZIaHWunuPAu7hqebzWnUVVREc6pwkkpS7XQmwcUqOXkuqduv7a1\/7BjZ4W9Voqmo8BUS12i6ww94xLajkSlMMvZhPB+eZEsAXgGKOA6cQtcM5E0HACW8ymbL2XAsS1YhgN13MVU\/H0CzQ7GSnWxPUUbYESERAD47CvM\/wdsT8w8VMgSRSlagOEN+6A0KXI6Wk8XiiGbrZct8LCqfnFClP6Qpe8vjDASMh64L76yrr6vJcInj5EawLmSsSww7AhxBwMGH\/BqdNanEEsXbLmgb3lqLTR3eFSgyqQ1KimJnEIo8Fm4IZwU10vgI4DjHxtteu7dg4bHRJl+DF2RkOc6Gm65VKpa2DCI+nxevNt95STUJoWPPGBSG22VM6LrdraOxV4eyz2URVVcDyLYloq0Kwd+I9e\/lCe+6JRN86ZY1L0WI6VZUi2xvpcL6QeXLA6hXUcd5jjYyPeQybWPf4\/j1V2NJjGzo9vTzTzReF4BZeLtBryUVTbJnR+ZoA4Q1Ghy5728rBRgIf6yHR1qWAtUoZPXV0fverrcRmKfB+QkBh6oCH7HkEvhsKXBfZHh20gJAckCK8uujx9602BJRIMPHR93mn74RqmRroJvCW4bFDhx4zcDNGD7muoZXQphRi5KrkwkcBXaCzgD1dLDfYo4KfFBP6klJIiiEq8F+Bth\/n9tiOW5Ri1iA210JK2oChCM4SjmQeXZzNpnMt0dMa2UdgI\/QRbBWllNHNSE5YPcTWq7W8fhT\/wZPP+0v8TsojeI8xDgHbWLZcW9ayDnbYJXCtEF9SVbQH\/\/5cod+MHA2fW\/C7JQj3MGvfm+Oje+7PKaL\/ufwDBWLNhF4dsJ8+eardF0nK62Vk8+cVHRLzGEJQipE5W6UUZL8\/IX6dEtfu3b+re+BowqZjNK7lVwsPIaBBRkpp8Pee9yEm7SgmGpJ5hw7Mb4gBnTRSQA\/w04kXa43YHFinAZ49+iD1XOrASc+7yH3b3QbarXbI6p\/OXK1utKRYPjhYyDq2DE7GUzYdJVeKrD9xMV7VSryv8McYoqwzKQxJ3e+nk6k86qriOJFp2KaeO5vMNIee39u\/AvaNITGnqOSajc5WlxfX+Cz3Tmecq1RKUQ\/9GT7pYVs3xDnbSbzMS49cDTZyrHFstLS5ZMUYVRMHDE7PyWCtFOtxI1Qr4bcC5TF28BCkvpE3zjFF7YhfezZxHXiwLXt0PgInIQSF8Gpsidkt\/tzBofkB6jKWIrgOIaBfWyQMMlifxkpPfBtRqHXYkaVVUkbfgs8RzYopPGc1+GYIUQk9s6wQT5H3nT9gO78Xry0yN\/BnXLvI3FJYtzARYoSjIIWo2o0S4n2IWbcUqR4jPjsHTOYztdA0\/8ZIS55oYcpFn0eLfnoKwKZ3ZG3Vh1Z0J2T9J3QpYZkoeK9k+a0zhZ51pQQeY0qwEBVj0h7sZmJCjIXNzwstlxt8mLmCVy8OFhLXQ0ha2b+Rg38q4M3nUi6SAuSDhO4S99WlJiXvYaPnvAZdhhBkW3FSr4bEKc7ZFhpexvkNDZA99uMCeCvDSNjNXfWGpkCvVjEFJeTcN1ud8ajYY4yves4G\/0lVVqBZ0KIzv3c+CjGItK8Fmwnnpufcd3lzpQCdXCEbccFflbqmIZNZ74RGUInQId5EYwM8bCgQN+T3mutVzkoKuiLvfvrxx\/r0408UXejdf\/BIh0enevjaGyplDKOVjvicc60Nu+gljxfXdBNuOKZ6rON7r2l++kDnPAv+hX8x8dVWV9tAYdaQvNacb7Vqk5a7oIvrHUXfZigAP\/\/8AoPd6Be\/+Fg\/+\/mH+vuf\/Eo\/\/Nt\/1H\/+m5\/qb3\/0c\/3wb\/5BP\/7JL\/XZZy8p\/LZarzuK0kM9ePiOxtMTvThb6cPPXuiXdAU\/\/IyEziPVPY9ar3bSc7qKlxQFS4zeUTTN6Kgd0DH79h\/+kX7nT\/9Ur\/\/WNzV77ZHG7NTD0aFuUU5HghqfnOrB21\/RGxS4pw8eqOCYEUUdHB4SpBc6RKl3eQz+kPvefPNNvfboNbmVekL35g3aqF\/\/5jf0LuP1t17T2199Q9\/9ve\/oD\/\/ZD\/Tf\/R\/\/hb77O9\/S\/\/P\/9T\/o\/\/zf\/wv94R9+T9\/\/\/rf1g9\/\/rr717Xf1re\/8lt756lu6\/9o9Hd850V0Kyu\/87u\/qqxTZIwJUGc\/UpaIRnchOmXbvBYGkV0qVxqOJJgTA6XSuA4qvKYFwRFdiRFE4tkyTiUYUFhXJacLnGdX+Kd2yBUl57mAYgQEgWdI93d8sNUlJBxSHCdD0JPrt7Q3xa6fGwLQTAuKqBLX7Lc7RaFxnipyJqhQVCRpZorvU6PL8XB2FzZ2TEx3OZ4pEm4ad3VDo8n5WFRUcPbN2YN6WJNGTpCrOR2iJa4FRUpLPtwQlB82e+S2J0V3DG8Bbw3+DY29v2A3wbD4Q5MTo7cxcGyFL5OgOihM5JOXPrwJ+qxE29vv9fq+cizLrbZH7Gue6oQj3dykcmFq6ci2ypxiUJM3Q6Z3jI\/SwG374YonjXV9eDjJnAqWLqxkBMQcCEQVXg+\/MweIEn8khUdi2ciDaIrs7Yy2MuVj2dxsring\/JrhFXxfof43sPt+gnwC9GXZbzOYSNrIukoICeokE3YDcVc7qSCCRCJWQPXCPdbihCKpi1hhfLpwzDZ+\/JTA4YDXoYEmAsPwOdi00\/FjN64r59XgsY4mwKJ9zobOD\/4DOxvDkTsEU\/B3gJ6WukSgMxdDt0DHay0HX8zr4HDrHBC0nsB3rrphzC3+maxsUZDD\/5iPFqA5ZC\/apSqVbgqw\/py9lQ5EbCu9cF41nYwr1nZ48f8qG81axoJ0YCP4raPT4ygRRew1YUJBfewo4f0erJqmHELjWKnBPD05bioIRshgfXqMh4bTgvOOa783w2SNPxzCO4hc8hRB1fn4hfy5Vhak6JfRUQ6vn3jWPqgr3mqaxblrW+xg8+r1xGUNQigm+QQf03VWb4s\/muoZmCEHmT8jv73E+fvyEDfKZWmzy7OlTkuGKDeB2kHeM7WazqSx3C44q7s\/Evcr8SLIObsG7eej5DOMKMYr\/MYK2+Jzn+FrKictJfplPD8vkz7aL1\/\/ys8+VktWixxCC5sQf23iJrVswW1O0VKXG7\/Iga1XVCiFKndSCv9USGcg31rtH6IPm0zldxflwT4Ah69A\/UOT50feyqGVDzdoQG7yW+cqpDPdYDn+eQccyW3emcQv2bceYIvZq5R8+MbktftgM\/EMYVKcUKDx2bLA2w3G9XmpHfJxMx8NnMUcWgNGT8FerW3Uws6MoNo468POlfoz\/Lz9\/qaMIfRed5tHD+PPK5tFjR0HWg4e6Gmk6neqIrpcUBn1V2DWBq9ForPlsAV973d6uhqPva4iNAaEGXXKMHoO8nUIM8hOQHl4FyKynFfqzfy5oAI2JZx1Y61nbsaLFJ\/15TQfOhViMSSFgO2mgZVk36M44svweLbQ9pUM39qMeXQXWlY+s6aN4RWOPcz3zPc9rcXrAso8euRTVyOm4Yz0t5oeK8NDAV6\/I3YzA4H0IiXqmVkQ3rWVQkO\/3\/ECR6M1xT9Mg8n4EHsfoFqOpB6OW1Xx4hBAU4ZeDvuSVN\/zr0X8zHKfEwBF+HMIrXZSqUgiBmNlo5ThVZRolFMlgoxoVBZLm8JO+FMp7hlJUqov83fy+SqpnE4k45sfGgWOH7hp8\/OrySo8\/e6wXz1+KU8oQiviH43tWUMX6kXzgHOl4H5BlVCq0AX1fg6cdtnv54qXOeWoQb2mhdiigpdQ8O7+m03ajGx7jjsdzhJMaFNRynXymajIXdZ42KHx2574+fXmppxdLPX55redX66Hou20SReBGLyj8LunUbdsi0SHs+5qA3Mp\/GeOCQu7i5Uqr25Zznc4vVjrn\/u0+aMNj5fW6Aby9yIFqKSSJQwQj6fJ6ox30d\/ukPowV01Q7OpFn57cE\/wu9vFyqL2Mt0dr5eqsLnOaFhYXATYzaUSQtCX6f4RwvuXa5peK30QkSK+YvKXADypyT2Aoq2\/G53zdDt+3k+FiLw0Mdstu+\/\/pruv\/mIx0\/vKfFnWPNTw\/VsPO73S01mtV68vIxZt7pB3\/0uzo8nujBoyP9wR9\/V\/\/sT39Pv\/cH39EP\/vh39PY33tRXvvlVfeVb39DXvvtNfeW3v6lyMNclvPoRuh+fjw9OeK6f1ISiyQyg51oHixPGsaaT+asxP1RFQVjhqBXyHZwc6fjuiU7u3dUpYwSQZuzE5wThEwqzA4A6r2pptVZkLLDlSTXWCUH5kPMzAn3BAasgCoxWtzx6HAHA3fpW7XalcQmaAtC78FpRIBUSaU2gFMm8Z1fYkeBr7p1C5858pnnJakgygaBwQLKdhl6n8FTYISeAPxnXOjo+JHHd0iG8VN\/jxoA0EuS7XaM9dtnCZ4cdWnZZNQXBFF5nyDzFaetYlLqgHZ2eiO2SkhzgckryWCDv8eGh3ImbTaYUlp1qMLCE12bfDonF8xN6aMDEjq5fwLNikLKkCcHjYDzSnGLaOpkQgKaMrF5zdnBjdOZH\/TW8jCn0HHCvcNKWoDtGr6NcywXYlGtJUQ1yjAhgEYd3MHJB1SFzCFGKUT2y1xSNhTkj+J1Q9M2mM+JDVsCxXegCNY1I5KFptaQgDui\/xw4NDjObThVCoAOy1pKE678jyZ2aWmeTqRzg9mBsR8HrH84JyGjdJAU1FNNDt5Hg5eB+TXKcTGaasSHZcM8KX+qYb363yBHRTWJuy3ob1k7Yd8T6IwqWLboMCaohyoHa3cKIzPfu3dfp6ake3L8P3fnQKXLiux7o8wcAABAASURBVLy6ZMO3UghBEVskaIcQhs8FffcE8AMSUl0q4sJWDYX5ZDrS7fIakVr01mlBJ39Kt7kaj4euoPmoeX9NB3gLlsx3D7b3dGOsq4TK52B0Oh3jQxXrckJizTi897otQbcGLwmeuraTZQghDDhNKQ1ze+zXEWid\/HzcoasWm0TmiVdMiTi1V7PfD5vKNT6yoCNvuiv8xvN6aBfmpRhlGV0ApBjl9X3dn0dgrcXmoQ\/ag13\/\/j8X606UISTlXNTAbwP2Sskq6K1Dbx3Fh9c0nwERG2xl3zDdwj2wyDqtfK5DPx1+3UInqOd8MxSUGbz1FJErirMamyeUd3BwyBpZmbVCCDKuJ+MJnysFFjKPpt+gizU+3HC\/u6stx2HAZ1XVbGjHskxSUIWMs+kcXrJc4D17+lz+3Zoe9XDNvpDUI5fXsw5HJN4CD5a9h39YUYqROS20a\/DXQr9XDNKeguyMxCfsVYNX69z62HG+Jx5VVZFpjPD3u3fvCDJKKcjXtxR8\/lxKktfo0Kvnp5yGe1hEHeuLdVxUGWee62F9peR5rVqwa16Ffk1nz8Y6QthFjwv+Bpy0+PMYHqpc4L+T7eHYsWYT0YBl62qPD26HQrlVyZXG4ynF3Aa\/X3GPhpFTReG8gP9Gni8z90+j5\/x22Ag02GhGnLlDo8B8FuxNGCRe9urRdVUq9eD82ZMnQ2yZEJ+GjQt69GZyzyPLEhN85KE4neNXAYV7JPQXETSyrnEUJC3mC83YnAh99eixG0Y38BhTRN6WWeJy\/0\/HHj6sg4EW9EKAYgzq4MHxxTEHSKHVyAhq4ddU9vhWRI8BHUMCvSATsTR22LGNyn3WhLrBI4esHiLeHFrX4sVSCqyj0KkHI0IxPvbwLlbKYM\/HjvU6zrXwY556wVuvIcbt8Sk\/Bg6pVzUpWjdrnV9fyEVgrBLHIMfPFmx5XO\/Xutqt5K8DrcHHHjwESSPyjHks1ARHsyP4nuju4o5yExS3nWpFTZF1RE1TMwryTOqJAjVc5FrkOJtM9RrNrvvE4rgl6HuEWKkhkfYQDqnWcr1TG5I6CNysdtp33E4S8S\/gnR6eUORcqItFkcS2bjqtDMo8UkCRuZ7pliLuerXXXlnbNmgFc\/smqIMBbI0ig3KqCIgEERJlgFbD+lsCW6+kLfRWJP\/NtqGLuORx8VqwOvDYcX1Pt89zlgSkrgfIBKwlj\/RWBF\/\/2PNzkvBnPGJ7yqPIXc7aYaRlL90AhksKiQvuu+Xox1vPeWT5gop4T0FYF3gi6S4Ys\/FEdS4oTwTBnRoCV0jxlaGCMOJ2GNfs9uaHC7nLdsvOcEYSOqdw+vTTj7Xe3moyLUq50WxR6eBootnhWBerSz27fKFdbLUWMsL7CwqlXUwKGKzNtTqc2j95fXm7VuDzCjtkAHB4fKrZ\/ABQmm6lUo1UYYfM\/BAi57Ebsq6tCwLbioTj4BIlHZF4vvPue3rr7n09OjrRMfdOFdRe32p\/da1I4q6Yt7q+Ft6olt3LFQGzIVEtLy80K0UFPSQAKTp4UxziAd2rt+mMvUNiLwSC5uJC8xA0IqhMcIhAsbWGRoKPTCG4SEF35hONE\/zMpwoA4vb6SkseRdYE04g9I\/wHjjkGrncakXRaeAskQO9sDglWlmVKcvb8zH0OmAu6nC0BdEuxsoXnFZ2uHUEzx6g5AfL0+IQOwUYJbC8oKDL23hhnJKiH6OThnbuq0GGHHDswMsb+B5OJinrN4GGGs54upnr93h312KzZrBSQ0Y+Ldqwr1qlGY2YHOSj5cbwLwxF6LkNQ7bWiMFMn8J\/hI2qPXAW9Zq4XbOjA4\/v85d8n7Pau6dQGIlfF9SolJfSyRi5u1CiGga9RiOgz64hCPxCAGrC9R26hL+u3ygkro1Q4iykqwmepKjl5tk0nr9tD95pO2xldLH9XrSD7iOL3iI3DIUW0WCtzzwY5vau9wf63rBFL1jVdS3dPV3x2APQQK67BzwYMbik47T8XYOgSnzwHI+5sjdFtRnYXEyEE+f4N94QQ5GtjfDAhd8QvOnw3wrevNyRRy7ECUzf434jNT81mwn73+ZPHcmE9nc8VkLtBHx0Kd5wIMRB7enymyI9MWzDq4MppVVXBJgmuNcypwIYLmhCC\/Eopyuf8foWcLr6W+Kz1Zto7\/M36rNCRdTcFo5nYc4msG+ZHeE8xKsVEEt2wgZuox5ec2Dw\/so6vDTTQ\/aukvx8Kx2t807\/axVjZgE0nmJOTUz0gkB\/SDTIfCT3V+IPxcwvGlvjdnmKvAQMtumtZK4SA7JUSevEo2G6LT3rMSdodiWrH54SP5pQksB0DEnNs8PkaHVWlaAsPl9jSBaHAjXVgPdruFfIzXfYJn3fxenR0OOh2gp324Mf334BhH188fyEXER182k+9bkdMsO4fPXxN1uMWPHtD47Xd2czwb3uVqgInY1mOhsJ+TfzNOWoyqTWfT1XXlRKy1PBtmisw6zgxmYyUEMzFmM+DCgupy8tzpRQRqVMLNoS+WniJnIsxyjpL0HeMr\/GNHkGtuz167tHDjiMBYeDJdkzwad6MO69jOiwkz\/G1lBJLsDp0UkzwPcHejS7AjL+r1oPdFCOuF4QxlGLUFl\/yCCGIvcBw\/8ef8DiPa7VzNDj0Zn88nsi48lzbZo4\/VOjLdMxT5H7Hy7ffflOHBwsaP9dycew1a+a9KkQbdeTWHWv6WBVyCxgZ1UVzNnuTMbq3DOplDl0Umq5\/VVWLPTXwn\/CtSvYF8eqJZe7AXl5coWfuC1GBwSU+C5yUYX4IQSEGn\/6noz\/Y13z0sE2kV3P+6RiiNJzz+UCY3CMy76k9RtQaJRX1Ta8dcX9PAZ1DVpUqtcTBAWfkAn91yjgLIajFb4zlG3Kifct2Fi8fN8Sqa843zOmxoQVYk3emFFkL9P3wtYc6pCmzw3dWNFDq6Uhd6lUmtSqG49OY\/FmNKhlPx3dOVc+muiauXYHVHdhbo\/sUkob\/KFpzXzQuU50e3tG8nunZp0\/1+W8+1bNPHmvHE70Gnvw0zr+w\/vzsnKbahrGFY3BN3okxa0SNYXbjDgQluikdJ8ezA9V0lqrpXFdWjrISn4XSIjds0OP1stGSa5cEpICiQwiazGYaIbANgw+olEouSERAaiR56QpnnJ8eSzjPeDbWW2+\/oYd00GqA1FNExBQ1mUOHoNlB85KCZE1iDKUoVyNhGyAWIZkVAXrOQSl0ms9GmlJRn54s9PobD3T3wSm81BSse3VBdOYwYMoK4wkFVdGOArMhGAZFHI3gStBgOZ1SwLz28IHsOAcUV3fv3tWjR6\/T\/ZsxM8nJ2cD1T9Y85lHTSwLF9e013cszXV1dDgoOGCnnkVKq1VH0fv75E7U4TykZXDSsvVbMvcbTWoen7hr22lPpPKNYfHJxphck0XPAs0tJQuYLCr9CB6bHNpt9oxG6uSXwnlMQbK2QmNRhvwYw77etUqwUKeBH1URSIACvtITeLcPJKaBBFw\/TCgfDMZ\/+5gOdffypmqsb9YC+Qi\/R64QoFxSJzw3nN9iiYp0JfFw+fq7rpy908+SpAgANgH9Kgr+HXdPFuSp0MnJhdPZCPQnC1x8Q9E8IhIFHrM35S9W7tb7zzlv6g+98S5MEJOgGBhL6Ej1enZ0JpSmqE5fkhDAe1cNxDp0A37d+7MquKIdeVYmKHAvH6Yzg2Wyx61Z7OnlJUp0zXcS1Ohz9mqB6dXZB8t2q5FqD3sDD2ctzPX\/8TB0bgElAh5tGty\/O1fm7JTifi+GILuY46aJKmtMFPaii3vvKG\/raW69pNq6GTpQLIGG7Ap9+fJtIPoXuxJgiBxZ5JC5V6HBLZ9mA7tjkNPDlYm2Uq+Ga+Z1RQEYctcHWk6rWlBHZsSZs2uETGxJnTzfigILnn\/3g+\/r217+quxT2b967rw1+ubq41JY5Lfd34LtBJyMwV0ZFZ5cvZUYKGEjoZsIjozkFBMvphuBRsVbX9YiRVapKLtb2BK+nbJJW2NU\/qOBg9uT5My0panb+SW+Em1F49+gbmCiCywz9kKK2JMSeoDAlqB0cHGgPvkzPeDQ2HWSn06nqutYEfLckjZb1X2CTFUW8Hzf7Uf5oPAG9QUOgZZ2YEtjvFVkjhKANdor28xDVgpErNhMF3ISStAVfe2LMnoQ+ImHlktUgkwuqDTINvFAwXVGYdtzr7sQhm4MEXSe0AD8spsh\/OLIcBxIyWhYXuC3YuMInO+ZN4DPDh+d3+P4WvgI8jSwf16wLj0sw7G6Gv9sYLA9rReZd4TP+bo7vq0ulDn300E8pqaoqhRAUY1TXtTIdv\/cQL18fgZ3RaDTMaUlKLrCcpDrkmoDDjM17Ir+H0OiWYs\/FiHXicwFbpRg51avFdh00UmQ9jj006lJ0iZ+viFUthUaEn6CgjH938GldhhDgRgOGrN81MWRPAQfTSjGqIMuOde3XS+jUVSGG47sUhnvPg7+CDufgoUJmyzefz3TLXBe1PTya92s2jXtij5fb4Q+ZGFAYO86J+DEaVXSVl2CrKOWgL8+NKdycdzLncsnotWhkrMQwxPIVcc2+seTYgJkVydix3oVgB92O9Y23Pfz6vefmqijmpB06MX\/mmQVlnQxzYvRH5E8KIcgYCSGikh47SrPZXCnlQca6rmRbJejVVTXoK3N\/lbMi9\/boR9jOR\/OQkCEzFKQWfq2zPbbjFuSO4hbiHfemoI579\/Btu68oljuKudlkBG8dtHv4bSDdac2mao9OHVs9euLzjgImRSmx9h4dt\/h+DBroc0rm0Xh14WjbJXGxE7F4D72NvFmIitoQl66IUy3+0vO5c6JmbghJgRFj1hHNCWM1oKMQgkJgeDFJKSb+\/+pfjy0KsrvgqquiDLYQU5H5iXvVihyAP1D8uROW+yT6LWooZvznTEVctY12xNUteukUVOMnEJBjWadejndbcNmQc0uplVJh8aiEPexrNb4dOGM6kWMDBj79+CN98vHHev\/9X0GhV6mzFmyCenJHn6P8uNex6RZseYMs+M3IYWxWFXLUtSbE5h5tR2WNq6lSl4cR26gicMHY02hbX9Mcu6HK2vVy3iAcy081\/P3CntWNW8cpx9MNOW5MI8Q636z3NHwIMI+fPdMZBrkh4LrAoLmmLcK2KNDvR4CzUdBzgvLf\/+SnOju\/1MHBEaQDgJJCCEoxAuReflkhVo44tyQAbgDlltm3gHLP8WvvfUPf\/Z3f1u\/94","nomor_hp":"0868683532","nomor_hp_keluarga":null,"status":"verified"}
DEBUG - 2026-07-26 22:07:41 --> Attempting to update password for user ID: 45
INFO - 2026-07-26 22:07:41 --> Password user ID 45 (zahid@gmail.com) berhasil direset oleh admin
DEBUG - 2026-07-26 22:08:24 --> Session: Class initialized using 'CodeIgniter\Session\Handlers\FileHandler' driver.
DEBUG - 2026-07-26 22:08:33 --> Session: Class initialized using 'CodeIgniter\Session\Handlers\FileHandler' driver.
DEBUG - 2026-07-26 22:08:34 --> Session: Class initialized using 'CodeIgniter\Session\Handlers\FileHandler' driver.
DEBUG - 2026-07-26 22:11:11 --> Session: Class initialized using 'CodeIgniter\Session\Handlers\FileHandler' driver.
DEBUG - 2026-07-26 22:11:31 --> Session: Class initialized using 'CodeIgniter\Session\Handlers\FileHandler' driver.
DEBUG - 2026-07-26 22:11:40 --> Session: Class initialized using 'CodeIgniter\Session\Handlers\FileHandler' driver.
ERROR - 2026-07-26 22:11:41 --> mysqli_sql_exception: Table 'koperasi-samara.user_pin' doesn't exist in D:\Kumpulan Project IT\Project Web\koperasi-samara\system\Database\MySQLi\Connection.php:327
Stack trace:
#0 D:\Kumpulan Project IT\Project Web\koperasi-samara\system\Database\MySQLi\Connection.php(327): mysqli->query('SELECT *\nFROM `...', 0)
#1 D:\Kumpulan Project IT\Project Web\koperasi-samara\system\Database\BaseConnection.php(729): CodeIgniter\Database\MySQLi\Connection->execute('SELECT *\nFROM `...')
#2 D:\Kumpulan Project IT\Project Web\koperasi-samara\system\Database\BaseConnection.php(646): CodeIgniter\Database\BaseConnection->simpleQuery('SELECT *\nFROM `...')
#3 D:\Kumpulan Project IT\Project Web\koperasi-samara\system\Database\BaseBuilder.php(1649): CodeIgniter\Database\BaseConnection->query('SELECT *\nFROM `...', Array, false)
#4 D:\Kumpulan Project IT\Project Web\koperasi-samara\app\Controllers\Pinjaman.php(45): CodeIgniter\Database\BaseBuilder->get()
#5 D:\Kumpulan Project IT\Project Web\koperasi-samara\system\CodeIgniter.php(933): App\Controllers\Pinjaman->index()
#6 D:\Kumpulan Project IT\Project Web\koperasi-samara\system\CodeIgniter.php(507): CodeIgniter\CodeIgniter->runController(Object(App\Controllers\Pinjaman))
#7 D:\Kumpulan Project IT\Project Web\koperasi-samara\system\CodeIgniter.php(354): CodeIgniter\CodeIgniter->handleRequest(NULL, Object(Config\Cache), false)
#8 D:\Kumpulan Project IT\Project Web\koperasi-samara\system\Boot.php(363): CodeIgniter\CodeIgniter->run()
#9 D:\Kumpulan Project IT\Project Web\koperasi-samara\system\Boot.php(68): CodeIgniter\Boot::runCodeIgniter(Object(CodeIgniter\CodeIgniter))
#10 D:\Kumpulan Project IT\Project Web\koperasi-samara\public\index.php(59): CodeIgniter\Boot::bootWeb(Object(Config\Paths))
#11 D:\Kumpulan Project IT\Project Web\koperasi-samara\system\rewrite.php(44): require_once('D:\\Kumpulan Pro...')
#12 {main}
CRITICAL - 2026-07-26 22:11:41 --> CodeIgniter\Database\Exceptions\DatabaseException: Table 'koperasi-samara.user_pin' doesn't exist
[Method: GET, Route: anggota/pinjaman]
in SYSTEMPATH\Database\BaseConnection.php on line 684.
 1 SYSTEMPATH\Database\BaseBuilder.php(1649): CodeIgniter\Database\BaseConnection->query('SELECT *
FROM `user_pin`
WHERE `user_id` = :user_id:', [...], false)
 2 APPPATH\Controllers\Pinjaman.php(45): CodeIgniter\Database\BaseBuilder->get()
 3 SYSTEMPATH\CodeIgniter.php(933): App\Controllers\Pinjaman->index()
 4 SYSTEMPATH\CodeIgniter.php(507): CodeIgniter\CodeIgniter->runController(Object(App\Controllers\Pinjaman))
 5 SYSTEMPATH\CodeIgniter.php(354): CodeIgniter\CodeIgniter->handleRequest(null, Object(Config\Cache), false)
 6 SYSTEMPATH\Boot.php(363): CodeIgniter\CodeIgniter->run()
 7 SYSTEMPATH\Boot.php(68): CodeIgniter\Boot::runCodeIgniter(Object(CodeIgniter\CodeIgniter))
 8 FCPATH\index.php(59): CodeIgniter\Boot::bootWeb(Object(Config\Paths))
 9 SYSTEMPATH\rewrite.php(44): require_once('D:\\Kumpulan Project IT\\Project Web\\koperasi-samara\\public\\index.php')
CRITICAL - 2026-07-26 22:11:41 --> [Caused by] CodeIgniter\Database\Exceptions\DatabaseException: Table 'koperasi-samara.user_pin' doesn't exist
in SYSTEMPATH\Database\MySQLi\Connection.php on line 332.
 1 SYSTEMPATH\Database\BaseConnection.php(729): CodeIgniter\Database\MySQLi\Connection->execute('SELECT *
FROM `user_pin`
WHERE `user_id` = \'45\'')
 2 SYSTEMPATH\Database\BaseConnection.php(646): CodeIgniter\Database\BaseConnection->simpleQuery('SELECT *
FROM `user_pin`
WHERE `user_id` = \'45\'')
 3 SYSTEMPATH\Database\BaseBuilder.php(1649): CodeIgniter\Database\BaseConnection->query('SELECT *
FROM `user_pin`
WHERE `user_id` = :user_id:', [...], false)
 4 APPPATH\Controllers\Pinjaman.php(45): CodeIgniter\Database\BaseBuilder->get()
 5 SYSTEMPATH\CodeIgniter.php(933): App\Controllers\Pinjaman->index()
 6 SYSTEMPATH\CodeIgniter.php(507): CodeIgniter\CodeIgniter->runController(Object(App\Controllers\Pinjaman))
 7 SYSTEMPATH\CodeIgniter.php(354): CodeIgniter\CodeIgniter->handleRequest(null, Object(Config\Cache), false)
 8 SYSTEMPATH\Boot.php(363): CodeIgniter\CodeIgniter->run()
 9 SYSTEMPATH\Boot.php(68): CodeIgniter\Boot::runCodeIgniter(Object(CodeIgniter\CodeIgniter))
10 FCPATH\index.php(59): CodeIgniter\Boot::bootWeb(Object(Config\Paths))
11 SYSTEMPATH\rewrite.php(44): require_once('D:\\Kumpulan Project IT\\Project Web\\koperasi-samara\\public\\index.php')
CRITICAL - 2026-07-26 22:11:41 --> [Caused by] mysqli_sql_exception: Table 'koperasi-samara.user_pin' doesn't exist
in SYSTEMPATH\Database\MySQLi\Connection.php on line 327.
 1 SYSTEMPATH\Database\MySQLi\Connection.php(327): mysqli->query('SELECT *
FROM `user_pin`
WHERE `user_id` = \'45\'', 0)
 2 SYSTEMPATH\Database\BaseConnection.php(729): CodeIgniter\Database\MySQLi\Connection->execute('SELECT *
FROM `user_pin`
WHERE `user_id` = \'45\'')
 3 SYSTEMPATH\Database\BaseConnection.php(646): CodeIgniter\Database\BaseConnection->simpleQuery('SELECT *
FROM `user_pin`
WHERE `user_id` = \'45\'')
 4 SYSTEMPATH\Database\BaseBuilder.php(1649): CodeIgniter\Database\BaseConnection->query('SELECT *
FROM `user_pin`
WHERE `user_id` = :user_id:', [...], false)
 5 APPPATH\Controllers\Pinjaman.php(45): CodeIgniter\Database\BaseBuilder->get()
 6 SYSTEMPATH\CodeIgniter.php(933): App\Controllers\Pinjaman->index()
 7 SYSTEMPATH\CodeIgniter.php(507): CodeIgniter\CodeIgniter->runController(Object(App\Controllers\Pinjaman))
 8 SYSTEMPATH\CodeIgniter.php(354): CodeIgniter\CodeIgniter->handleRequest(null, Object(Config\Cache), false)
 9 SYSTEMPATH\Boot.php(363): CodeIgniter\CodeIgniter->run()
10 SYSTEMPATH\Boot.php(68): CodeIgniter\Boot::runCodeIgniter(Object(CodeIgniter\CodeIgniter))
11 FCPATH\index.php(59): CodeIgniter\Boot::bootWeb(Object(Config\Paths))
12 SYSTEMPATH\rewrite.php(44): require_once('D:\\Kumpulan Project IT\\Project Web\\koperasi-samara\\public\\index.php')
DEBUG - 2026-07-26 22:11:55 --> Session: Class initialized using 'CodeIgniter\Session\Handlers\FileHandler' driver.
DEBUG - 2026-07-26 22:11:55 --> === DEBUG DETAIL: MENGAMBIL PINJAMAN AKTIF ===
DEBUG - 2026-07-26 22:11:55 --> ID Anggota: 45
DEBUG - 2026-07-26 22:11:55 --> Jumlah Qard aktif ditemukan: 0
DEBUG - 2026-07-26 22:11:55 --> Jumlah Murabahah aktif ditemukan: 0
DEBUG - 2026-07-26 22:11:55 --> Jumlah Mudharabah aktif ditemukan: 0
DEBUG - 2026-07-26 22:11:55 --> === TOTAL SEMUA PINJAMAN AKTIF: 0 ===
DEBUG - 2026-07-26 22:11:55 --> === MENGAMBIL PINJAMAN LUNAS DARI 3 TABEL ===
DEBUG - 2026-07-26 22:11:55 --> Data Qard lunas: 0
DEBUG - 2026-07-26 22:11:55 --> Data Murabahah lunas: 0
DEBUG - 2026-07-26 22:11:55 --> Data Mudharabah lunas: 0
DEBUG - 2026-07-26 22:11:55 --> Total semua pinjaman lunas: 0
DEBUG - 2026-07-26 22:11:55 --> === MENGHITUNG SUMMARY CICILAN ===
DEBUG - 2026-07-26 22:11:55 --> Total pinjaman aktif: 0
DEBUG - 2026-07-26 22:11:55 --> Summary result: Array
(
    [total_pinjaman_aktif] => 0
    [total_angsuran_bulanan] => 0
    [jatuh_tempo_terdekat] => 
    [total_qard] => 0
    [total_murabahah] => 0
    [total_mudharabah] => 0
)

DEBUG - 2026-07-26 22:12:03 --> Session: Class initialized using 'CodeIgniter\Session\Handlers\FileHandler' driver.
DEBUG - 2026-07-26 22:12:21 --> Session: Class initialized using 'CodeIgniter\Session\Handlers\FileHandler' driver.
ERROR - 2026-07-26 22:12:21 --> mysqli_sql_exception: Table 'koperasi-samara.user_pin' doesn't exist in D:\Kumpulan Project IT\Project Web\koperasi-samara\system\Database\MySQLi\Connection.php:327
Stack trace:
#0 D:\Kumpulan Project IT\Project Web\koperasi-samara\system\Database\MySQLi\Connection.php(327): mysqli->query('SELECT *\nFROM `...', 0)
#1 D:\Kumpulan Project IT\Project Web\koperasi-samara\system\Database\BaseConnection.php(729): CodeIgniter\Database\MySQLi\Connection->execute('SELECT *\nFROM `...')
#2 D:\Kumpulan Project IT\Project Web\koperasi-samara\system\Database\BaseConnection.php(646): CodeIgniter\Database\BaseConnection->simpleQuery('SELECT *\nFROM `...')
#3 D:\Kumpulan Project IT\Project Web\koperasi-samara\system\Database\BaseBuilder.php(1649): CodeIgniter\Database\BaseConnection->query('SELECT *\nFROM `...', Array, false)
#4 D:\Kumpulan Project IT\Project Web\koperasi-samara\app\Controllers\Profil.php(22): CodeIgniter\Database\BaseBuilder->get()
#5 D:\Kumpulan Project IT\Project Web\koperasi-samara\system\CodeIgniter.php(933): App\Controllers\Profil->index()
#6 D:\Kumpulan Project IT\Project Web\koperasi-samara\system\CodeIgniter.php(507): CodeIgniter\CodeIgniter->runController(Object(App\Controllers\Profil))
#7 D:\Kumpulan Project IT\Project Web\koperasi-samara\system\CodeIgniter.php(354): CodeIgniter\CodeIgniter->handleRequest(NULL, Object(Config\Cache), false)
#8 D:\Kumpulan Project IT\Project Web\koperasi-samara\system\Boot.php(363): CodeIgniter\CodeIgniter->run()
#9 D:\Kumpulan Project IT\Project Web\koperasi-samara\system\Boot.php(68): CodeIgniter\Boot::runCodeIgniter(Object(CodeIgniter\CodeIgniter))
#10 D:\Kumpulan Project IT\Project Web\koperasi-samara\public\index.php(59): CodeIgniter\Boot::bootWeb(Object(Config\Paths))
#11 D:\Kumpulan Project IT\Project Web\koperasi-samara\system\rewrite.php(44): require_once('D:\\Kumpulan Pro...')
#12 {main}
CRITICAL - 2026-07-26 22:12:21 --> CodeIgniter\Database\Exceptions\DatabaseException: Table 'koperasi-samara.user_pin' doesn't exist
[Method: GET, Route: anggota/profil]
in SYSTEMPATH\Database\BaseConnection.php on line 684.
 1 SYSTEMPATH\Database\BaseBuilder.php(1649): CodeIgniter\Database\BaseConnection->query('SELECT *
FROM `user_pin`
WHERE `user_id` = :user_id:', [...], false)
 2 APPPATH\Controllers\Profil.php(22): CodeIgniter\Database\BaseBuilder->get()
 3 SYSTEMPATH\CodeIgniter.php(933): App\Controllers\Profil->index()
 4 SYSTEMPATH\CodeIgniter.php(507): CodeIgniter\CodeIgniter->runController(Object(App\Controllers\Profil))
 5 SYSTEMPATH\CodeIgniter.php(354): CodeIgniter\CodeIgniter->handleRequest(null, Object(Config\Cache), false)
 6 SYSTEMPATH\Boot.php(363): CodeIgniter\CodeIgniter->run()
 7 SYSTEMPATH\Boot.php(68): CodeIgniter\Boot::runCodeIgniter(Object(CodeIgniter\CodeIgniter))
 8 FCPATH\index.php(59): CodeIgniter\Boot::bootWeb(Object(Config\Paths))
 9 SYSTEMPATH\rewrite.php(44): require_once('D:\\Kumpulan Project IT\\Project Web\\koperasi-samara\\public\\index.php')
CRITICAL - 2026-07-26 22:12:21 --> [Caused by] CodeIgniter\Database\Exceptions\DatabaseException: Table 'koperasi-samara.user_pin' doesn't exist
in SYSTEMPATH\Database\MySQLi\Connection.php on line 332.
 1 SYSTEMPATH\Database\BaseConnection.php(729): CodeIgniter\Database\MySQLi\Connection->execute('SELECT *
FROM `user_pin`
WHERE `user_id` = \'45\'')
 2 SYSTEMPATH\Database\BaseConnection.php(646): CodeIgniter\Database\BaseConnection->simpleQuery('SELECT *
FROM `user_pin`
WHERE `user_id` = \'45\'')
 3 SYSTEMPATH\Database\BaseBuilder.php(1649): CodeIgniter\Database\BaseConnection->query('SELECT *
FROM `user_pin`
WHERE `user_id` = :user_id:', [...], false)
 4 APPPATH\Controllers\Profil.php(22): CodeIgniter\Database\BaseBuilder->get()
 5 SYSTEMPATH\CodeIgniter.php(933): App\Controllers\Profil->index()
 6 SYSTEMPATH\CodeIgniter.php(507): CodeIgniter\CodeIgniter->runController(Object(App\Controllers\Profil))
 7 SYSTEMPATH\CodeIgniter.php(354): CodeIgniter\CodeIgniter->handleRequest(null, Object(Config\Cache), false)
 8 SYSTEMPATH\Boot.php(363): CodeIgniter\CodeIgniter->run()
 9 SYSTEMPATH\Boot.php(68): CodeIgniter\Boot::runCodeIgniter(Object(CodeIgniter\CodeIgniter))
10 FCPATH\index.php(59): CodeIgniter\Boot::bootWeb(Object(Config\Paths))
11 SYSTEMPATH\rewrite.php(44): require_once('D:\\Kumpulan Project IT\\Project Web\\koperasi-samara\\public\\index.php')
CRITICAL - 2026-07-26 22:12:21 --> [Caused by] mysqli_sql_exception: Table 'koperasi-samara.user_pin' doesn't exist
in SYSTEMPATH\Database\MySQLi\Connection.php on line 327.
 1 SYSTEMPATH\Database\MySQLi\Connection.php(327): mysqli->query('SELECT *
FROM `user_pin`
WHERE `user_id` = \'45\'', 0)
 2 SYSTEMPATH\Database\BaseConnection.php(729): CodeIgniter\Database\MySQLi\Connection->execute('SELECT *
FROM `user_pin`
WHERE `user_id` = \'45\'')
 3 SYSTEMPATH\Database\BaseConnection.php(646): CodeIgniter\Database\BaseConnection->simpleQuery('SELECT *
FROM `user_pin`
WHERE `user_id` = \'45\'')
 4 SYSTEMPATH\Database\BaseBuilder.php(1649): CodeIgniter\Database\BaseConnection->query('SELECT *
FROM `user_pin`
WHERE `user_id` = :user_id:', [...], false)
 5 APPPATH\Controllers\Profil.php(22): CodeIgniter\Database\BaseBuilder->get()
 6 SYSTEMPATH\CodeIgniter.php(933): App\Controllers\Profil->index()
 7 SYSTEMPATH\CodeIgniter.php(507): CodeIgniter\CodeIgniter->runController(Object(App\Controllers\Profil))
 8 SYSTEMPATH\CodeIgniter.php(354): CodeIgniter\CodeIgniter->handleRequest(null, Object(Config\Cache), false)
 9 SYSTEMPATH\Boot.php(363): CodeIgniter\CodeIgniter->run()
10 SYSTEMPATH\Boot.php(68): CodeIgniter\Boot::runCodeIgniter(Object(CodeIgniter\CodeIgniter))
11 FCPATH\index.php(59): CodeIgniter\Boot::bootWeb(Object(Config\Paths))
12 SYSTEMPATH\rewrite.php(44): require_once('D:\\Kumpulan Project IT\\Project Web\\koperasi-samara\\public\\index.php')
